key,ai,aj,c,n
0,26,28,DO1,HYP
1,41,43,HYP,GLY
2,48,50,GLY,ALA
3,58,60,ALA,ALA
4,68,70,ALA,GLY
5,75,77,GLY,ALA
6,85,87,ALA,LYS
7,107,109,LYS,GLY
8,114,116,GLY,GLU
9,129,131,GLU,ALA
10,139,141,ALA,GLY
11,146,148,GLY,PRO
12,160,162,PRO,GLN
13,177,179,GLN,GLY
14,184,186,GLY,ALA
15,194,196,ALA,ARG
16,218,220,ARG,GLY
17,225,227,GLY,SER
18,236,238,SER,GLU
19,251,253,GLU,GLY
20,258,260,GLY,PRO
21,272,274,PRO,GLN
22,289,291,GLN,GLY
23,296,298,GLY,VAL
24,312,314,VAL,ARG
25,336,338,ARG,GLY
26,343,345,GLY,GLU
27,358,360,GLU,HYP
28,373,375,HYP,GLY
29,380,382,GLY,PRO
30,394,396,PRO,HYP
31,409,411,HYP,GLY
32,416,418,GLY,PRO
33,430,432,PRO,ALA
34,440,442,ALA,GLY
35,447,449,GLY,ALA
36,457,459,ALA,ALA
37,467,469,ALA,GLY
38,474,476,GLY,PRO
39,488,490,PRO,ALA
40,498,500,ALA,GLY
41,505,507,GLY,ASN
42,519,521,ASN,HYP
43,534,536,HYP,GLY
44,541,543,GLY,ALA
45,551,553,ALA,ASP
46,563,565,ASP,GLY
47,570,572,GLY,GLN
48,587,589,GLN,HYP
49,602,604,HYP,GLY
50,609,611,GLY,ALA
51,619,621,ALA,LYS
52,641,643,LYS,GLY
53,648,650,GLY,ALA
54,658,660,ALA,ASN
55,672,674,ASN,GLY
56,679,681,GLY,ALA
57,689,691,ALA,HYP
58,704,706,HYP,GLY
59,711,713,GLY,ILE
60,730,732,ILE,ALA
61,740,742,ALA,GLY
62,747,749,GLY,ALA
63,757,759,ALA,HYP
64,772,774,HYP,GLY
65,779,781,GLY,DO1
66,800,802,DO1,HYP
67,815,817,HYP,GLY
68,822,824,GLY,ALA
69,832,834,ALA,ARG
70,856,858,ARG,GLY
71,863,865,GLY,PRO
72,877,879,PRO,SER
73,888,890,SER,GLY
74,895,897,GLY,PRO
75,909,911,PRO,GLN
76,926,928,GLN,GLY
77,933,935,GLY,PRO
78,947,949,PRO,SER
79,958,960,SER,GLY
80,965,967,GLY,ALA
81,975,977,ALA,HYP
82,990,992,HYP,GLY
83,997,999,GLY,PRO
84,1011,1013,PRO,LYS
85,1033,1035,LYS,GLY
86,1040,1042,GLY,ASN
87,1054,1056,ASN,SER
88,1065,1067,SER,GLY
89,1072,1074,GLY,GLU
90,1087,1089,GLU,HYP
91,1102,1104,HYP,GLY
92,1109,1111,GLY,ALA
93,1119,1121,ALA,HYP
94,1134,1136,HYP,GLY
95,1141,1143,GLY,ASN
96,1155,1157,ASN,LYS
97,1177,1179,LYS,GLY
98,1184,1186,GLY,ASP
99,1196,1198,ASP,THR
100,1210,1212,THR,GLY
101,1217,1219,GLY,ALA
102,1227,1229,ALA,LYS
103,1249,1251,LYS,GLY
104,1256,1258,GLY,GLU
105,1271,1273,GLU,HYP
106,1286,1288,HYP,GLY
107,1293,1295,GLY,PRO
108,1307,1309,PRO,ALA
109,1317,1319,ALA,GLY
110,1324,1326,GLY,VAL
111,1340,1342,VAL,GLN
112,1357,1359,GLN,GLY
113,1364,1366,GLY,PRO
114,1378,1380,PRO,HYP
115,1393,1395,HYP,GLY
116,1400,1402,GLY,PRO
117,1414,1416,PRO,ALA
118,1424,1426,ALA,GLY
119,1431,1433,GLY,GLU
120,1446,1448,GLU,GLU
121,1461,1463,GLU,GLY
122,1468,1470,GLY,LYS
123,1490,1492,LYS,ARG
124,1514,1516,ARG,GLY
125,1521,1523,GLY,ALA
126,1531,1533,ALA,ARG
127,1555,1557,ARG,GLY
128,1562,1564,GLY,GLU
129,1577,1579,GLU,HYP
130,1592,1594,HYP,GLY
131,1599,1601,GLY,PRO
132,1613,1615,PRO,SER
133,1624,1626,SER,GLY
134,1631,1633,GLY,LEU
135,1650,1652,LEU,HYP
136,1665,1667,HYP,GLY
137,1672,1674,GLY,PRO
138,1686,1688,PRO,PRO
139,1700,1702,PRO,GLY
140,1707,1709,GLY,GLU
141,1722,1724,GLU,ARG
142,1746,1748,ARG,GLY
143,1753,1755,GLY,GLY
144,1760,1762,GLY,HYP
145,1775,1777,HYP,GLY
146,1782,1784,GLY,SER
147,1793,1795,SER,ARG
148,1817,1819,ARG,GLY
149,1824,1826,GLY,DO1
150,1845,1847,DO1,HYP
151,1860,1862,HYP,GLY
152,1867,1869,GLY,ALA
153,1877,1879,ALA,ASP
154,1889,1891,ASP,GLY
155,1896,1898,GLY,VAL
156,1912,1914,VAL,ALA
157,1922,1924,ALA,GLY
158,1929,1931,GLY,PRO
159,1943,1945,PRO,LYS
160,1965,1967,LYS,GLY
161,1972,1974,GLY,PRO
162,1986,1988,PRO,ALA
163,1996,1998,ALA,GLY
164,2003,2005,GLY,GLU
165,2018,2020,GLU,ARG
166,2042,2044,ARG,GLY
167,2049,2051,GLY,SER
168,2060,2062,SER,HYP
169,2075,2077,HYP,GLY
170,2082,2084,GLY,PRO
171,2096,2098,PRO,ALA
172,2106,2108,ALA,GLY
173,2113,2115,GLY,PRO
174,2127,2129,PRO,LYS
175,2149,2151,LYS,GLY
176,2156,2158,GLY,SER
177,2167,2169,SER,HYP
178,2182,2184,HYP,GLY
179,2189,2191,GLY,GLU
180,2204,2206,GLU,ALA
181,2214,2216,ALA,GLY
182,2221,2223,GLY,ARG
183,2245,2247,ARG,HYP
184,2260,2262,HYP,GLY
185,2267,2269,GLY,GLU
186,2282,2284,GLU,ALA
187,2292,2294,ALA,GLY
188,2299,2301,GLY,LEU
189,2318,2320,LEU,HYP
190,2333,2335,HYP,GLY
191,2340,2342,GLY,ALA
192,2350,2352,ALA,LYS
193,2372,2374,LYS,GLY
194,2379,2381,GLY,LEU
195,2398,2400,LEU,THR
196,2412,2414,THR,GLY
197,2419,2421,GLY,SER
198,2430,2432,SER,HYP
199,2445,2447,HYP,GLY
200,2452,2454,GLY,SER
201,2463,2465,SER,HYP
202,2478,2480,HYP,GLY
203,2485,2487,GLY,PRO
204,2499,2501,PRO,ASP
205,2511,2513,ASP,GLY
206,2518,2520,GLY,LYS
207,2540,2542,LYS,THR
208,2554,2556,THR,GLY
209,2561,2563,GLY,PRO
210,2575,2577,PRO,HYP
211,2590,2592,HYP,GLY
212,2597,2599,GLY,PRO
213,2611,2613,PRO,ALA
214,2621,2623,ALA,GLY
215,2628,2630,GLY,GLN
216,2645,2647,GLN,ASP
217,2657,2659,ASP,GLY
218,2664,2666,GLY,ARG
219,2688,2690,ARG,HYP
220,2703,2705,HYP,GLY
221,2710,2712,GLY,PRO
222,2724,2726,PRO,ALA
223,2734,2736,ALA,GLY
224,2741,2743,GLY,PRO
225,2755,2757,PRO,HYP
226,2770,2772,HYP,GLY
227,2777,2779,GLY,ALA
228,2787,2789,ALA,ARG
229,2811,2813,ARG,GLY
230,2818,2820,GLY,GLN
231,2854,2856,GLY,DO2
232,2875,2877,DO2,HYP
233,2890,2892,HYP,GLY
234,2897,2899,GLY,ALA
235,2907,2909,ALA,HYP
236,2922,2924,HYP,GLY
237,2929,2931,GLY,PRO
238,2943,2945,PRO,LYS
239,2965,2967,LYS,GLY
240,2972,2974,GLY,GLU
241,2987,2989,GLU,LEU
242,3006,3008,LEU,GLY
243,3013,3015,GLY,PRO
244,3027,3029,PRO,VAL
245,3043,3045,VAL,GLY
246,3050,3052,GLY,ASN
247,3064,3066,ASN,HYP
248,3079,3081,HYP,GLY
249,3086,3088,GLY,PRO
250,3100,3102,PRO,ALA
251,3110,3112,ALA,GLY
252,3117,3119,GLY,PRO
253,3131,3133,PRO,ALA
254,3141,3143,ALA,GLY
255,3148,3150,GLY,PRO
256,3162,3164,PRO,ARG
257,3186,3188,ARG,GLY
258,3193,3195,GLY,GLU
259,3208,3210,GLU,ALA
260,3218,3220,ALA,GLY
261,3225,3227,GLY,LEU
262,3244,3246,LEU,HYP
263,3259,3261,HYP,GLY
264,3266,3268,GLY,LEU
265,3285,3287,LEU,SER
266,3296,3298,SER,GLY
267,3303,3305,GLY,PRO
268,3317,3319,PRO,VAL
269,3333,3335,VAL,GLY
270,3340,3342,GLY,PRO
271,3354,3356,PRO,HYP
272,3369,3371,HYP,GLY
273,3376,3378,GLY,ASN
274,3390,3392,ASN,PRO
275,3404,3406,PRO,GLY
276,3411,3413,GLY,ALA
277,3421,3423,ALA,ASN
278,3435,3437,ASN,GLY
279,3442,3444,GLY,LEU
280,3461,3463,LEU,THR
281,3475,3477,THR,GLY
282,3482,3484,GLY,ALA
283,3492,3494,ALA,LYS
284,3514,3516,LYS,GLY
285,3521,3523,GLY,ALA
286,3531,3533,ALA,THR
287,3545,3547,THR,GLY
288,3552,3554,GLY,LEU
289,3571,3573,LEU,HYP
290,3586,3588,HYP,GLY
291,3593,3595,GLY,VAL
292,3609,3611,VAL,ALA
293,3619,3621,ALA,GLY
294,3626,3628,GLY,ALA
295,3636,3638,ALA,HYP
296,3651,3653,HYP,GLY
297,3658,3660,GLY,LEU
298,3677,3679,LEU,HYP
299,3692,3694,HYP,GLY
300,3699,3701,GLY,PRO
301,3713,3715,PRO,ARG
302,3737,3739,ARG,GLY
303,3744,3746,GLY,ILE
304,3763,3765,ILE,HYP
305,3778,3780,HYP,GLY
306,3785,3787,GLY,PRO
307,3799,3801,PRO,VAL
308,3815,3817,VAL,GLY
309,3822,3824,GLY,ALA
310,3832,3834,ALA,ALA
311,3842,3844,ALA,GLY
312,3849,3851,GLY,ALA
313,3859,3861,ALA,THR
314,3873,3875,THR,GLY
315,3880,3882,GLY,PRO
316,3894,3896,PRO,ARG
317,3918,3920,ARG,GLY
318,3925,3927,GLY,LEU
319,3944,3946,LEU,VAL
320,3960,3962,VAL,GLY
321,3967,3969,GLY,GLU
322,3982,3984,GLU,HYP
323,3997,3999,HYP,GLY
324,4004,4006,GLY,PRO
325,4018,4020,PRO,ALA
326,4028,4030,ALA,GLY
327,4035,4037,GLY,SER
328,4046,4048,SER,LYS
329,4068,4070,LYS,GLY
330,4075,4077,GLY,GLU
331,4090,4092,GLU,THR
332,4104,4106,THR,GLY
333,4111,4113,GLY,ASN
334,4125,4127,ASN,LYS
335,4147,4149,LYS,GLY
336,4154,4156,GLY,GLU
337,4169,4171,GLU,HYP
338,4184,4186,HYP,GLY
339,4191,4193,GLY,SER
340,4202,4204,SER,ALA
341,4212,4214,ALA,GLY
342,4219,4221,GLY,ALA
343,4229,4231,ALA,GLN
344,4246,4248,GLN,GLY
345,4253,4255,GLY,PRO
346,4267,4269,PRO,HYP
347,4282,4284,HYP,GLY
348,4289,4291,GLY,PRO
349,4303,4305,PRO,SER
350,4314,4316,SER,GLY
351,4321,4323,GLY,GLU
352,4336,4338,GLU,GLU
353,4351,4353,GLU,GLY
354,4358,4360,GLY,LYS
355,4380,4382,LYS,ARG
356,4404,4406,ARG,GLY
357,4411,4413,GLY,SER
358,4422,4424,SER,PRO
359,4436,4438,PRO,GLY
360,4443,4445,GLY,GLU
361,4458,4460,GLU,PRO
362,4472,4474,PRO,GLY
363,4479,4481,GLY,SER
364,4490,4492,SER,ALA
365,4500,4502,ALA,GLY
366,4507,4509,GLY,PRO
367,4521,4523,PRO,ALA
368,4531,4533,ALA,GLY
369,4538,4540,GLY,PRO
370,4552,4554,PRO,HYP
371,4567,4569,HYP,GLY
372,4574,4576,GLY,LEU
373,4593,4595,LEU,ARG
374,4617,4619,ARG,GLY
375,4624,4626,GLY,SER
376,4635,4637,SER,HYP
377,4650,4652,HYP,GLY
378,4657,4659,GLY,SER
379,4668,4670,SER,ARG
380,4692,4694,ARG,GLY
381,4699,4701,GLY,LEU
382,4718,4720,LEU,HYP
383,4733,4735,HYP,GLY
384,4740,4742,GLY,ALA
385,4750,4752,ALA,ASP
386,4762,4764,ASP,GLY
387,4769,4771,GLY,ARG
388,4793,4795,ARG,ALA
389,4803,4805,ALA,GLY
390,4810,4812,GLY,VAL
391,4826,4828,VAL,MET
392,4843,4845,MET,GLY
393,4850,4852,GLY,PRO
394,4864,4866,PRO,PRO
395,4878,4880,PRO,GLY
396,4885,4887,GLY,ASN
397,4899,4901,ASN,ARG
398,4923,4925,ARG,GLY
399,4930,4932,GLY,SER
400,4941,4943,SER,THR
401,4955,4957,THR,GLY
402,4962,4964,GLY,PRO
403,4976,4978,PRO,ALA
404,4986,4988,ALA,GLY
405,4993,4995,GLY,VAL
406,5009,5011,VAL,ARG
407,5033,5035,ARG,GLY
408,5040,5042,GLY,PRO
409,5054,5056,PRO,ASN
410,5068,5070,ASN,GLY
411,5075,5077,GLY,ASP
412,5087,5089,ASP,ALA
413,5097,5099,ALA,GLY
414,5104,5106,GLY,ARG
415,5128,5130,ARG,HYP
416,5143,5145,HYP,GLY
417,5150,5152,GLY,GLU
418,5165,5167,GLU,HYP
419,5180,5182,HYP,GLY
420,5187,5189,GLY,LEU
421,5206,5208,LEU,MET
422,5223,5225,MET,GLY
423,5230,5232,GLY,PRO
424,5244,5246,PRO,ARG
425,5268,5270,ARG,GLY
426,5275,5277,GLY,LEU
427,5294,5296,LEU,HYP
428,5309,5311,HYP,GLY
429,5316,5318,GLY,SER
430,5327,5329,SER,HYP
431,5342,5344,HYP,GLY
432,5349,5351,GLY,ASN
433,5363,5365,ASN,VAL
434,5379,5381,VAL,GLY
435,5386,5388,GLY,PRO
436,5400,5402,PRO,ALA
437,5410,5412,ALA,GLY
438,5417,5419,GLY,LYS
439,5439,5441,LYS,GLU
440,5454,5456,GLU,GLY
441,5461,5463,GLY,PRO
442,5475,5477,PRO,VAL
443,5491,5493,VAL,GLY
444,5498,5500,GLY,LEU
445,5517,5519,LEU,HYP
446,5532,5534,HYP,GLY
447,5539,5541,GLY,ILE
448,5558,5560,ILE,ASP
449,5570,5572,ASP,GLY
450,5577,5579,GLY,ARG
451,5601,5603,ARG,HYP
452,5616,5618,HYP,GLY
453,5623,5625,GLY,PRO
454,5637,5639,PRO,ILE
455,5656,5658,ILE,GLY
456,5663,5665,GLY,PRO
457,5677,5679,PRO,ALA
458,5687,5689,ALA,GLY
459,5694,5696,GLY,PRO
460,5708,5710,PRO,ARG
461,5732,5734,ARG,GLY
462,5758,5760,GLY,DO1
463,5779,5781,DO1,HYP
464,5794,5796,HYP,GLY
465,5801,5803,GLY,ALA
466,5811,5813,ALA,ALA
467,5821,5823,ALA,GLY
468,5828,5830,GLY,ALA
469,5838,5840,ALA,LYS
470,5860,5862,LYS,GLY
471,5867,5869,GLY,GLU
472,5882,5884,GLU,ALA
473,5892,5894,ALA,GLY
474,5899,5901,GLY,PRO
475,5913,5915,PRO,GLN
476,5930,5932,GLN,GLY
477,5937,5939,GLY,ALA
478,5947,5949,ALA,ARG
479,5971,5973,ARG,GLY
480,5978,5980,GLY,SER
481,5989,5991,SER,GLU
482,6004,6006,GLU,GLY
483,6011,6013,GLY,PRO
484,6025,6027,PRO,GLN
485,6042,6044,GLN,GLY
486,6049,6051,GLY,VAL
487,6065,6067,VAL,ARG
488,6089,6091,ARG,GLY
489,6096,6098,GLY,GLU
490,6111,6113,GLU,HYP
491,6126,6128,HYP,GLY
492,6133,6135,GLY,PRO
493,6147,6149,PRO,HYP
494,6162,6164,HYP,GLY
495,6169,6171,GLY,PRO
496,6183,6185,PRO,ALA
497,6193,6195,ALA,GLY
498,6200,6202,GLY,ALA
499,6210,6212,ALA,ALA
500,6220,6222,ALA,GLY
501,6227,6229,GLY,PRO
502,6241,6243,PRO,ALA
503,6251,6253,ALA,GLY
504,6258,6260,GLY,ASN
505,6272,6274,ASN,HYP
506,6287,6289,HYP,GLY
507,6294,6296,GLY,ALA
508,6304,6306,ALA,ASP
509,6316,6318,ASP,GLY
510,6323,6325,GLY,GLN
511,6340,6342,GLN,HYP
512,6355,6357,HYP,GLY
513,6362,6364,GLY,ALA
514,6372,6374,ALA,LYS
515,6394,6396,LYS,GLY
516,6401,6403,GLY,ALA
517,6411,6413,ALA,ASN
518,6425,6427,ASN,GLY
519,6432,6434,GLY,ALA
520,6442,6444,ALA,HYP
521,6457,6459,HYP,GLY
522,6464,6466,GLY,ILE
523,6483,6485,ILE,ALA
524,6493,6495,ALA,GLY
525,6500,6502,GLY,ALA
526,6510,6512,ALA,HYP
527,6525,6527,HYP,GLY
528,6532,6534,GLY,DO2
529,6553,6555,DO2,HYP
530,6568,6570,HYP,GLY
531,6575,6577,GLY,ALA
532,6585,6587,ALA,ARG
533,6609,6611,ARG,GLY
534,6616,6618,GLY,PRO
535,6630,6632,PRO,SER
536,6641,6643,SER,GLY
537,6648,6650,GLY,PRO
538,6662,6664,PRO,GLN
539,6679,6681,GLN,GLY
540,6686,6688,GLY,PRO
541,6700,6702,PRO,SER
542,6711,6713,SER,GLY
543,6718,6720,GLY,ALA
544,6728,6730,ALA,HYP
545,6743,6745,HYP,GLY
546,6750,6752,GLY,PRO
547,6764,6766,PRO,LYS
548,6786,6788,LYS,GLY
549,6793,6795,GLY,ASN
550,6807,6809,ASN,SER
551,6818,6820,SER,GLY
552,6825,6827,GLY,GLU
553,6840,6842,GLU,HYP
554,6855,6857,HYP,GLY
555,6862,6864,GLY,ALA
556,6872,6874,ALA,HYP
557,6887,6889,HYP,GLY
558,6894,6896,GLY,ASN
559,6908,6910,ASN,LYS
560,6930,6932,LYS,GLY
561,6937,6939,GLY,ASP
562,6949,6951,ASP,THR
563,6963,6965,THR,GLY
564,6970,6972,GLY,ALA
565,6980,6982,ALA,LYS
566,7002,7004,LYS,GLY
567,7009,7011,GLY,GLU
568,7024,7026,GLU,HYP
569,7039,7041,HYP,GLY
570,7046,7048,GLY,PRO
571,7060,7062,PRO,ALA
572,7070,7072,ALA,GLY
573,7077,7079,GLY,VAL
574,7093,7095,VAL,GLN
575,7110,7112,GLN,GLY
576,7117,7119,GLY,PRO
577,7131,7133,PRO,HYP
578,7146,7148,HYP,GLY
579,7153,7155,GLY,PRO
580,7167,7169,PRO,ALA
581,7177,7179,ALA,GLY
582,7184,7186,GLY,GLU
583,7199,7201,GLU,GLU
584,7214,7216,GLU,GLY
585,7221,7223,GLY,LYS
586,7243,7245,LYS,ARG
587,7267,7269,ARG,GLY
588,7274,7276,GLY,ALA
589,7284,7286,ALA,ARG
590,7308,7310,ARG,GLY
591,7315,7317,GLY,GLU
592,7330,7332,GLU,HYP
593,7345,7347,HYP,GLY
594,7352,7354,GLY,PRO
595,7366,7368,PRO,SER
596,7377,7379,SER,GLY
597,7384,7386,GLY,LEU
598,7403,7405,LEU,HYP
599,7418,7420,HYP,GLY
600,7425,7427,GLY,PRO
601,7439,7441,PRO,PRO
602,7453,7455,PRO,GLY
603,7460,7462,GLY,GLU
604,7475,7477,GLU,ARG
605,7499,7501,ARG,GLY
606,7506,7508,GLY,GLY
607,7513,7515,GLY,HYP
608,7528,7530,HYP,GLY
609,7535,7537,GLY,SER
610,7546,7548,SER,ARG
611,7570,7572,ARG,GLY
612,7577,7579,GLY,DO1
613,7598,7600,DO1,HYP
614,7613,7615,HYP,GLY
615,7620,7622,GLY,ALA
616,7630,7632,ALA,ASP
617,7642,7644,ASP,GLY
618,7649,7651,GLY,VAL
619,7665,7667,VAL,ALA
620,7675,7677,ALA,GLY
621,7682,7684,GLY,PRO
622,7696,7698,PRO,LYS
623,7718,7720,LYS,GLY
624,7725,7727,GLY,PRO
625,7739,7741,PRO,ALA
626,7749,7751,ALA,GLY
627,7756,7758,GLY,GLU
628,7771,7773,GLU,ARG
629,7795,7797,ARG,GLY
630,7802,7804,GLY,SER
631,7813,7815,SER,HYP
632,7828,7830,HYP,GLY
633,7835,7837,GLY,PRO
634,7849,7851,PRO,ALA
635,7859,7861,ALA,GLY
636,7866,7868,GLY,PRO
637,7880,7882,PRO,LYS
638,7902,7904,LYS,GLY
639,7909,7911,GLY,SER
640,7920,7922,SER,HYP
641,7935,7937,HYP,GLY
642,7942,7944,GLY,GLU
643,7957,7959,GLU,ALA
644,7967,7969,ALA,GLY
645,7974,7976,GLY,ARG
646,7998,8000,ARG,HYP
647,8013,8015,HYP,GLY
648,8020,8022,GLY,GLU
649,8035,8037,GLU,ALA
650,8045,8047,ALA,GLY
651,8052,8054,GLY,LEU
652,8071,8073,LEU,HYP
653,8086,8088,HYP,GLY
654,8093,8095,GLY,ALA
655,8103,8105,ALA,LYS
656,8125,8127,LYS,GLY
657,8132,8134,GLY,LEU
658,8151,8153,LEU,THR
659,8165,8167,THR,GLY
660,8172,8174,GLY,SER
661,8183,8185,SER,HYP
662,8198,8200,HYP,GLY
663,8205,8207,GLY,SER
664,8216,8218,SER,HYP
665,8231,8233,HYP,GLY
666,8238,8240,GLY,PRO
667,8252,8254,PRO,ASP
668,8264,8266,ASP,GLY
669,8271,8273,GLY,LYS
670,8293,8295,LYS,THR
671,8307,8309,THR,GLY
672,8314,8316,GLY,PRO
673,8328,8330,PRO,HYP
674,8343,8345,HYP,GLY
675,8350,8352,GLY,PRO
676,8364,8366,PRO,ALA
677,8374,8376,ALA,GLY
678,8381,8383,GLY,GLN
679,8398,8400,GLN,ASP
680,8410,8412,ASP,GLY
681,8417,8419,GLY,ARG
682,8441,8443,ARG,HYP
683,8456,8458,HYP,GLY
684,8463,8465,GLY,PRO
685,8477,8479,PRO,ALA
686,8487,8489,ALA,GLY
687,8494,8496,GLY,PRO
688,8508,8510,PRO,HYP
689,8523,8525,HYP,GLY
690,8530,8532,GLY,ALA
691,8540,8542,ALA,ARG
692,8564,8566,ARG,GLY
693,8590,8592,GLY,ALA
694,8600,8602,ALA,HYP
695,8615,8617,HYP,GLY
696,8622,8624,GLY,ALA
697,8632,8634,ALA,PRO
698,8646,8648,PRO,GLY
699,8653,8655,GLY,PRO
700,8667,8669,PRO,VAL
701,8683,8685,VAL,GLY
702,8690,8692,GLY,PRO
703,8704,8706,PRO,ALA
704,8714,8716,ALA,GLY
705,8721,8723,GLY,LYS
706,8743,8745,LYS,ASN
707,8757,8759,ASN,GLY
708,8764,8766,GLY,ASP
709,8776,8778,ASP,ARG
710,8800,8802,ARG,GLY
711,8807,8809,GLY,GLU
712,8822,8824,GLU,THR
713,8836,8838,THR,GLY
714,8843,8845,GLY,PRO
715,8857,8859,PRO,ALA
716,8867,8869,ALA,GLY
717,8874,8876,GLY,PRO
718,8888,8890,PRO,ALA
719,8898,8900,ALA,GLY
720,8905,8907,GLY,PRO
721,8919,8921,PRO,ILE
722,8938,8940,ILE,GLY
723,8945,8947,GLY,PRO
724,8959,8961,PRO,ALA
725,8969,8971,ALA,GLY
726,8976,8978,GLY,ALA
727,8986,8988,ALA,ARG
728,9010,9012,ARG,GLY
729,9017,9019,GLY,PRO
730,9031,9033,PRO,ALA
731,9041,9043,ALA,GLY
732,9048,9050,GLY,PRO
733,9062,9064,PRO,GLN
734,9079,9081,GLN,GLY
735,9086,9088,GLY,PRO
736,9100,9102,PRO,ARG
737,9124,9126,ARG,GLY
738,9131,9133,GLY,ASP
739,9143,9145,ASP,LYS
740,9165,9167,LYS,GLY
741,9172,9174,GLY,GLU
742,9187,9189,GLU,THR
743,9201,9203,THR,GLY
744,9208,9210,GLY,GLU
745,9223,9225,GLU,GLN
746,9240,9242,GLN,GLY
747,9247,9249,GLY,ASP
748,9259,9261,ASP,ARG
749,9283,9285,ARG,GLY
750,9290,9292,GLY,ILE
751,9309,9311,ILE,LYS
752,9331,9333,LYS,GLY
753,9338,9340,GLY,HIS
754,9355,9357,HIS,ARG
755,9379,9381,ARG,GLY
756,9386,9388,GLY,DO1
757,9407,9409,DO1,SER
758,9418,9420,SER,GLY
759,9425,9427,GLY,LEU
760,9444,9446,LEU,GLN
761,9461,9463,GLN,GLY
762,9468,9470,GLY,PRO
763,9482,9484,PRO,HYP
764,9497,9499,HYP,GLY
765,9504,9506,GLY,SER
766,9515,9517,SER,HYP
767,9530,9532,HYP,GLY
768,9537,9539,GLY,SER
769,9548,9550,SER,HYP
770,9563,9565,HYP,GLY
771,9570,9572,GLY,GLU
772,9585,9587,GLU,GLN
773,9602,9604,GLN,GLY
774,9609,9611,GLY,PRO
775,9623,9625,PRO,SER
776,9634,9636,SER,GLY
777,9641,9643,GLY,ALA
778,9651,9653,ALA,SER
779,9662,9664,SER,GLY
780,9669,9671,GLY,PRO
781,9683,9685,PRO,ALA
782,9693,9695,ALA,GLY
783,9700,9702,GLY,PRO
784,9714,9716,PRO,ARG
785,9738,9740,ARG,GLY
786,9745,9747,GLY,PRO
787,9759,9761,PRO,HYP
788,9774,9776,HYP,GLY
789,9781,9783,GLY,SER
790,9792,9794,SER,ALA
791,9802,9804,ALA,GLY
792,9809,9811,GLY,SER
793,9820,9822,SER,PRO
794,9834,9836,PRO,GLY
795,9841,9843,GLY,LYS
796,9863,9865,LYS,ASP
797,9875,9877,ASP,GLY
798,9882,9884,GLY,LEU
799,9901,9903,LEU,ASN
800,9915,9917,ASN,GLY
801,9922,9924,GLY,LEU
802,9941,9943,LEU,HYP
803,9956,9958,HYP,GLY
804,9963,9965,GLY,PRO
805,9977,9979,PRO,ILE
806,9996,9998,ILE,GLY
807,10003,10005,GLY,HYP
808,10018,10020,HYP,PRO
809,10032,10034,PRO,GLY
810,10039,10041,GLY,PRO
811,10053,10055,PRO,ARG
812,10077,10079,ARG,GLY
813,10084,10086,GLY,ARG
814,10108,10110,ARG,THR
815,10122,10124,THR,GLY
816,10129,10131,GLY,ASP
817,10141,10143,ASP,SER
818,10152,10154,SER,GLY
819,10159,10161,GLY,PRO
820,10173,10175,PRO,ALA
821,10183,10185,ALA,GLY
822,10190,10192,GLY,PRO
823,10204,10206,PRO,HYP
824,10219,10221,HYP,GLY
825,10226,10228,GLY,PRO
826,10240,10242,PRO,HYP
827,10255,10257,HYP,GLY
828,10262,10264,GLY,PRO
829,10276,10278,PRO,HYP
830,10291,10293,HYP,GLY
831,10298,10300,GLY,PRO
832,10312,10314,PRO,HYP
833,10327,10329,HYP,GLY
834,10334,10336,GLY,PRO
835,10348,10350,PRO,HYP
836,10363,10365,HYP,SER
837,10374,10376,SER,GLY
838,10381,10383,GLY,GLY
839,10388,10390,GLY,DO2
840,10409,10411,DO2,ASP
841,10421,10423,ASP,DO1
842,10442,10444,DO1,SER
843,10453,10455,SER,DO1
844,10474,10476,DO1,LEU
845,10493,10495,LEU,PRO
846,10507,10509,PRO,GLN
847,10524,10526,GLN,PRO
848,10538,10540,PRO,PRO
849,10552,10554,PRO,GLN
850,10569,10571,GLN,GLU
851,10584,10586,GLU,LY2
852,10593,10595,LY2,SER
853,10604,10606,SER,GLN
854,10621,10623,GLN,ASP
855,10633,10635,ASP,GLY
856,10640,10642,GLY,GLY
857,10647,10649,GLY,ARG
858,10671,10673,ARG,DO1
859,10692,10694,DO1,DO2
860,10713,10715,DO2,ARG
861,10737,10739,ARG,ALA
862,10764,10766,ALA,GLY
863,10771,10773,GLY,ALA
864,10781,10783,ALA,HYP
865,10796,10798,HYP,GLY
866,10803,10805,GLY,PRO
867,10817,10819,PRO,HIS
868,10834,10836,HIS,GLY
869,10841,10843,GLY,SER
870,10852,10854,SER,VAL
871,10868,10870,VAL,GLY
872,10875,10877,GLY,PRO
873,10889,10891,PRO,ALA
874,10899,10901,ALA,GLY
875,10906,10908,GLY,LYS
876,10928,10930,LYS,HIS
877,10945,10947,HIS,GLY
878,10952,10954,GLY,ASN
879,10966,10968,ASN,ARG
880,10990,10992,ARG,GLY
881,10997,10999,GLY,GLU
882,11012,11014,GLU,HYP
883,11027,11029,HYP,GLY
884,11034,11036,GLY,PRO
885,11048,11050,PRO,ALA
886,11058,11060,ALA,GLY
887,11065,11067,GLY,SER
888,11076,11078,SER,VAL
889,11092,11094,VAL,GLY
890,11099,11101,GLY,PRO
891,11113,11115,PRO,VAL
892,11129,11131,VAL,GLY
893,11136,11138,GLY,ALA
894,11146,11148,ALA,VAL
895,11162,11164,VAL,GLY
896,11169,11171,GLY,PRO
897,11183,11185,PRO,ARG
898,11207,11209,ARG,GLY
899,11214,11216,GLY,PRO
900,11228,11230,PRO,SER
901,11239,11241,SER,GLY
902,11246,11248,GLY,PRO
903,11260,11262,PRO,GLN
904,11277,11279,GLN,GLY
905,11284,11286,GLY,ILE
906,11303,11305,ILE,ARG
907,11327,11329,ARG,GLY
908,11334,11336,GLY,ASP
909,11346,11348,ASP,LYS
910,11368,11370,LYS,GLY
911,11375,11377,GLY,GLU
912,11390,11392,GLU,HYP
913,11405,11407,HYP,GLY
914,11412,11414,GLY,ASP
915,11424,11426,ASP,LYS
916,11446,11448,LYS,GLY
917,11453,11455,GLY,ALA
918,11463,11465,ALA,ARG
919,11487,11489,ARG,GLY
920,11494,11496,GLY,LEU
921,11513,11515,LEU,HYP
922,11528,11530,HYP,GLY
923,11535,11537,GLY,LEU
924,11554,11556,LEU,LYX
925,11574,11585,LYX,GLY
926,11590,11592,GLY,HIS
927,11607,11609,HIS,ASN
928,11621,11623,ASN,GLY
929,11628,11630,GLY,LEU
930,11647,11649,LEU,GLN
931,11664,11666,GLN,GLY
932,11671,11673,GLY,LEU
933,11690,11692,LEU,HYP
934,11705,11707,HYP,GLY
935,11712,11714,GLY,LEU
936,11731,11733,LEU,ALA
937,11741,11743,ALA,GLY
938,11748,11750,GLY,LEU
939,11767,11769,LEU,HIS
940,11784,11786,HIS,GLY
941,11791,11793,GLY,ASP
942,11803,11805,ASP,GLN
943,11820,11822,GLN,GLY
944,11827,11829,GLY,ALA
945,11837,11839,ALA,HYP
946,11852,11854,HYP,GLY
947,11859,11861,GLY,PRO
948,11873,11875,PRO,VAL
949,11889,11891,VAL,GLY
950,11896,11898,GLY,PRO
951,11910,11912,PRO,ALA
952,11920,11922,ALA,GLY
953,11927,11929,GLY,PRO
954,11941,11943,PRO,ARG
955,11965,11967,ARG,GLY
956,11972,11974,GLY,PRO
957,11986,11988,PRO,ALA
958,11996,11998,ALA,GLY
959,12003,12005,GLY,PRO
960,12017,12019,PRO,SER
961,12028,12030,SER,GLY
962,12035,12037,GLY,PRO
963,12049,12051,PRO,ILE
964,12068,12070,ILE,GLY
965,12075,12077,GLY,LYS
966,12097,12099,LYS,ASP
967,12109,12111,ASP,GLY
968,12116,12118,GLY,ARG
969,12140,12142,ARG,SER
970,12151,12153,SER,GLY
971,12158,12160,GLY,HIS
972,12175,12177,HIS,HYP
973,12190,12192,HYP,GLY
974,12197,12199,GLY,PRO
975,12211,12213,PRO,VAL
976,12227,12229,VAL,GLY
977,12234,12236,GLY,PRO
978,12248,12250,PRO,ALA
979,12258,12260,ALA,GLY
980,12265,12267,GLY,VAL
981,12281,12283,VAL,ARG
982,12305,12307,ARG,GLY
983,12312,12314,GLY,SER
984,12323,12325,SER,GLN
985,12340,12342,GLN,GLY
986,12347,12349,GLY,SER
987,12358,12360,SER,GLN
988,12375,12377,GLN,GLY
989,12382,12384,GLY,PRO
990,12396,12398,PRO,ALA
991,12406,12408,ALA,GLY
992,12413,12415,GLY,PRO
993,12427,12429,PRO,HYP
994,12442,12444,HYP,GLY
995,12449,12451,GLY,PRO
996,12463,12465,PRO,HYP
997,12478,12480,HYP,GLY
998,12485,12487,GLY,PRO
999,12499,12501,PRO,HYP
1000,12514,12516,HYP,GLY
1001,12521,12523,GLY,PRO
1002,12535,12537,PRO,HYP
1003,12550,12552,HYP,GLY
1004,12557,12559,GLY,VAL
1005,12573,12575,VAL,SER
1006,12584,12586,SER,GLY
1007,12591,12593,GLY,GLY
1008,12598,12600,GLY,GLY
1009,12605,12607,GLY,DO1
1010,12626,12628,DO1,ASP
1011,12638,12640,ASP,DO1
1012,12659,12661,DO1,GLY
1013,12666,12668,GLY,DO2
1014,12687,12689,DO2,GLU
1015,12702,12704,GLU,GLY
1016,12709,12711,GLY,GLY
1017,12716,12718,GLY,DO1
1018,12737,12739,DO1,DO2
1019,12758,12760,DO2,ARG
1020,12782,12784,ARG,ALA
1021,12809,12811,ALA,HYP
1022,12824,12826,HYP,GLY
1023,12831,12833,GLY,ALA
1024,12841,12843,ALA,HYP
1025,12856,12858,HYP,GLY
1026,12863,12865,GLY,ALA
1027,12873,12875,ALA,PRO
1028,12887,12889,PRO,GLY
1029,12894,12896,GLY,PRO
1030,12908,12910,PRO,VAL
1031,12924,12926,VAL,GLY
1032,12931,12933,GLY,PRO
1033,12945,12947,PRO,ALA
1034,12955,12957,ALA,GLY
1035,12962,12964,GLY,LYS
1036,12984,12986,LYS,ASN
1037,12998,13000,ASN,GLY
1038,13005,13007,GLY,ASP
1039,13017,13019,ASP,ARG
1040,13041,13043,ARG,GLY
1041,13048,13050,GLY,GLU
1042,13063,13065,GLU,THR
1043,13077,13079,THR,GLY
1044,13084,13086,GLY,PRO
1045,13098,13100,PRO,ALA
1046,13108,13110,ALA,GLY
1047,13115,13117,GLY,PRO
1048,13129,13131,PRO,ALA
1049,13139,13141,ALA,GLY
1050,13146,13148,GLY,PRO
1051,13160,13162,PRO,ILE
1052,13179,13181,ILE,GLY
1053,13186,13188,GLY,PRO
1054,13200,13202,PRO,ALA
1055,13210,13212,ALA,GLY
1056,13217,13219,GLY,ALA
1057,13227,13229,ALA,ARG
1058,13251,13253,ARG,GLY
1059,13258,13260,GLY,PRO
1060,13272,13274,PRO,ALA
1061,13282,13284,ALA,GLY
1062,13289,13291,GLY,PRO
1063,13303,13305,PRO,GLN
1064,13320,13322,GLN,GLY
1065,13327,13329,GLY,PRO
1066,13341,13343,PRO,ARG
1067,13365,13367,ARG,GLY
1068,13372,13374,GLY,ASP
1069,13384,13386,ASP,LYS
1070,13406,13408,LYS,GLY
1071,13413,13415,GLY,GLU
1072,13428,13430,GLU,THR
1073,13442,13444,THR,GLY
1074,13449,13451,GLY,GLU
1075,13464,13466,GLU,GLN
1076,13481,13483,GLN,GLY
1077,13488,13490,GLY,ASP
1078,13500,13502,ASP,ARG
1079,13524,13526,ARG,GLY
1080,13531,13533,GLY,ILE
1081,13550,13552,ILE,LYS
1082,13572,13574,LYS,GLY
1083,13579,13581,GLY,HIS
1084,13596,13598,HIS,ARG
1085,13620,13622,ARG,GLY
1086,13627,13629,GLY,DO2
1087,13648,13650,DO2,SER
1088,13659,13661,SER,GLY
1089,13666,13668,GLY,LEU
1090,13685,13687,LEU,GLN
1091,13702,13704,GLN,GLY
1092,13709,13711,GLY,PRO
1093,13723,13725,PRO,HYP
1094,13738,13740,HYP,GLY
1095,13745,13747,GLY,SER
1096,13756,13758,SER,HYP
1097,13771,13773,HYP,GLY
1098,13778,13780,GLY,SER
1099,13789,13791,SER,HYP
1100,13804,13806,HYP,GLY
1101,13811,13813,GLY,GLU
1102,13826,13828,GLU,GLN
1103,13843,13845,GLN,GLY
1104,13850,13852,GLY,PRO
1105,13864,13866,PRO,SER
1106,13875,13877,SER,GLY
1107,13882,13884,GLY,ALA
1108,13892,13894,ALA,SER
1109,13903,13905,SER,GLY
1110,13910,13912,GLY,PRO
1111,13924,13926,PRO,ALA
1112,13934,13936,ALA,GLY
1113,13941,13943,GLY,PRO
1114,13955,13957,PRO,ARG
1115,13979,13981,ARG,GLY
1116,13986,13988,GLY,PRO
1117,14000,14002,PRO,HYP
1118,14015,14017,HYP,GLY
1119,14022,14024,GLY,SER
1120,14033,14035,SER,ALA
1121,14043,14045,ALA,GLY
1122,14050,14052,GLY,SER
1123,14061,14063,SER,PRO
1124,14075,14077,PRO,GLY
1125,14082,14084,GLY,LYS
1126,14104,14106,LYS,ASP
1127,14116,14118,ASP,GLY
1128,14123,14125,GLY,LEU
1129,14142,14144,LEU,ASN
1130,14156,14158,ASN,GLY
1131,14163,14165,GLY,LEU
1132,14182,14184,LEU,HYP
1133,14197,14199,HYP,GLY
1134,14204,14206,GLY,PRO
1135,14218,14220,PRO,ILE
1136,14237,14239,ILE,GLY
1137,14244,14246,GLY,HYP
1138,14259,14261,HYP,PRO
1139,14273,14275,PRO,GLY
1140,14280,14282,GLY,PRO
1141,14294,14296,PRO,ARG
1142,14318,14320,ARG,GLY
1143,14325,14327,GLY,ARG
1144,14349,14351,ARG,THR
1145,14363,14365,THR,GLY
1146,14370,14372,GLY,ASP
1147,14382,14384,ASP,SER
1148,14393,14395,SER,GLY
1149,14400,14402,GLY,PRO
1150,14414,14416,PRO,ALA
1151,14424,14426,ALA,GLY
1152,14431,14433,GLY,PRO
1153,14445,14447,PRO,HYP
1154,14460,14462,HYP,GLY
1155,14467,14469,GLY,PRO
1156,14481,14483,PRO,HYP
1157,14496,14498,HYP,GLY
1158,14503,14505,GLY,PRO
1159,14517,14519,PRO,HYP
1160,14532,14534,HYP,GLY
1161,14539,14541,GLY,PRO
1162,14553,14555,PRO,HYP
1163,14568,14570,HYP,GLY
1164,14575,14577,GLY,PRO
1165,14589,14591,PRO,HYP
1166,14604,14606,HYP,SER
1167,14615,14617,SER,GLY
1168,14622,14624,GLY,GLY
1169,14629,14631,GLY,DO1
1170,14650,14652,DO1,ASP
1171,14662,14664,ASP,DO1
1172,14683,14685,DO1,SER
1173,14694,14696,SER,DO2
1174,14715,14717,DO2,LEU
1175,14734,14736,LEU,PRO
1176,14748,14750,PRO,GLN
1177,14765,14767,GLN,PRO
1178,14779,14781,PRO,PRO
1179,14793,14795,PRO,GLN
1180,14810,14812,GLN,GLU
1181,14825,14827,GLU,LY3
1182,14837,14839,LY3,SER
1183,14848,14850,SER,GLN
1184,14865,14867,GLN,ASP
1185,14877,14879,ASP,GLY
1186,14884,14886,GLY,GLY
1187,14891,14893,GLY,ARG
1188,14915,14917,ARG,DO2
1189,14936,14938,DO2,DO2
1190,14957,14959,DO2,ARG
1191,14981,14983,ARG,ALA
1192,15005,15007,GLY,ALA
1193,15015,15017,ALA,HYP
1194,15030,15032,HYP,GLY
1195,15037,15039,GLY,ALA
1196,15047,15049,ALA,PRO
1197,15061,15063,PRO,GLY
1198,15068,15070,GLY,PRO
1199,15082,15084,PRO,VAL
1200,15098,15100,VAL,GLY
1201,15105,15107,GLY,PRO
1202,15119,15121,PRO,ALA
1203,15129,15131,ALA,GLY
1204,15136,15138,GLY,LYS
1205,15158,15160,LYS,ASN
1206,15172,15174,ASN,GLY
1207,15179,15181,GLY,ASP
1208,15191,15193,ASP,ARG
1209,15215,15217,ARG,GLY
1210,15222,15224,GLY,GLU
1211,15237,15239,GLU,THR
1212,15251,15253,THR,GLY
1213,15258,15260,GLY,PRO
1214,15272,15274,PRO,ALA
1215,15282,15284,ALA,GLY
1216,15289,15291,GLY,PRO
1217,15303,15305,PRO,ALA
1218,15313,15315,ALA,GLY
1219,15320,15322,GLY,PRO
1220,15334,15336,PRO,ILE
1221,15353,15355,ILE,GLY
1222,15360,15362,GLY,PRO
1223,15374,15376,PRO,ALA
1224,15384,15386,ALA,GLY
1225,15391,15393,GLY,ALA
1226,15401,15403,ALA,ARG
1227,15425,15427,ARG,GLY
1228,15432,15434,GLY,PRO
1229,15446,15448,PRO,ALA
1230,15456,15458,ALA,GLY
1231,15463,15465,GLY,PRO
1232,15477,15479,PRO,GLN
1233,15494,15496,GLN,GLY
1234,15501,15503,GLY,PRO
1235,15515,15517,PRO,ARG
1236,15539,15541,ARG,GLY
1237,15546,15548,GLY,ASP
1238,15558,15560,ASP,LYS
1239,15580,15582,LYS,GLY
1240,15587,15589,GLY,GLU
1241,15602,15604,GLU,THR
1242,15616,15618,THR,GLY
1243,15623,15625,GLY,GLU
1244,15638,15640,GLU,GLN
1245,15655,15657,GLN,GLY
1246,15662,15664,GLY,ASP
1247,15674,15676,ASP,ARG
1248,15698,15700,ARG,GLY
1249,15705,15707,GLY,ILE
1250,15724,15726,ILE,LYS
1251,15746,15748,LYS,GLY
1252,15753,15755,GLY,HIS
1253,15770,15772,HIS,ARG
1254,15794,15796,ARG,GLY
1255,15801,15803,GLY,DO2
1256,15822,15824,DO2,SER
1257,15833,15835,SER,GLY
1258,15840,15842,GLY,LEU
1259,15859,15861,LEU,GLN
1260,15876,15878,GLN,GLY
1261,15883,15885,GLY,PRO
1262,15897,15899,PRO,HYP
1263,15912,15914,HYP,GLY
1264,15919,15921,GLY,SER
1265,15930,15932,SER,HYP
1266,15945,15947,HYP,GLY
1267,15952,15954,GLY,SER
1268,15963,15965,SER,HYP
1269,15978,15980,HYP,GLY
1270,15985,15987,GLY,GLU
1271,16000,16002,GLU,GLN
1272,16017,16019,GLN,GLY
1273,16024,16026,GLY,PRO
1274,16038,16040,PRO,SER
1275,16049,16051,SER,GLY
1276,16056,16058,GLY,ALA
1277,16066,16068,ALA,SER
1278,16077,16079,SER,GLY
1279,16084,16086,GLY,PRO
1280,16098,16100,PRO,ALA
1281,16108,16110,ALA,GLY
1282,16115,16117,GLY,PRO
1283,16129,16131,PRO,ARG
1284,16153,16155,ARG,GLY
1285,16160,16162,GLY,PRO
1286,16174,16176,PRO,HYP
1287,16189,16191,HYP,GLY
1288,16196,16198,GLY,SER
1289,16207,16209,SER,ALA
1290,16217,16219,ALA,GLY
1291,16224,16226,GLY,SER
1292,16235,16237,SER,PRO
1293,16249,16251,PRO,GLY
1294,16256,16258,GLY,LYS
1295,16278,16280,LYS,ASP
1296,16290,16292,ASP,GLY
1297,16297,16299,GLY,LEU
1298,16316,16318,LEU,ASN
1299,16330,16332,ASN,GLY
1300,16337,16339,GLY,LEU
1301,16356,16358,LEU,HYP
1302,16371,16373,HYP,GLY
1303,16378,16380,GLY,PRO
1304,16392,16394,PRO,ILE
1305,16411,16413,ILE,GLY
1306,16418,16420,GLY,HYP
1307,16433,16435,HYP,PRO
1308,16447,16449,PRO,GLY
1309,16454,16456,GLY,PRO
1310,16468,16470,PRO,ARG
1311,16492,16494,ARG,GLY
1312,16499,16501,GLY,ARG
1313,16523,16525,ARG,THR
1314,16537,16539,THR,GLY
1315,16544,16546,GLY,ASP
1316,16556,16558,ASP,SER
1317,16567,16569,SER,GLY
1318,16574,16576,GLY,PRO
1319,16588,16590,PRO,ALA
1320,16598,16600,ALA,GLY
1321,16605,16607,GLY,PRO
1322,16619,16621,PRO,HYP
1323,16634,16636,HYP,GLY
1324,16641,16643,GLY,PRO
1325,16655,16657,PRO,HYP
1326,16670,16672,HYP,GLY
1327,16677,16679,GLY,PRO
1328,16691,16693,PRO,HYP
1329,16706,16708,HYP,GLY
1330,16713,16715,GLY,PRO
1331,16727,16729,PRO,HYP
1332,16742,16744,HYP,GLY
1333,16749,16751,GLY,PRO
1334,16763,16765,PRO,HYP
1335,16778,16780,HYP,SER
1336,16789,16791,SER,GLY
1337,16796,16798,GLY,GLY
1338,16803,16805,GLY,DO1
1339,16824,16826,DO1,ASP
1340,16836,16838,ASP,DO2
1341,16857,16859,DO2,SER
1342,16868,16870,SER,DO2
1343,16889,16891,DO2,LEU
1344,16908,16910,LEU,PRO
1345,16922,16924,PRO,GLN
1346,16939,16941,GLN,PRO
1347,16953,16955,PRO,PRO
1348,16967,16969,PRO,GLN
1349,16984,16986,GLN,GLU
1350,16999,17001,GLU,LY2
1351,17008,17010,LY2,SER
1352,17019,17021,SER,GLN
1353,17036,17038,GLN,ASP
1354,17048,17050,ASP,GLY
1355,17055,17057,GLY,GLY
1356,17062,17064,GLY,ARG
1357,17086,17088,ARG,DO1
1358,17107,17109,DO1,DO1
1359,17128,17130,DO1,ARG
1360,17152,17154,ARG,ALA
1361,17179,17181,ALA,GLY
1362,17186,17188,GLY,ALA
1363,17196,17198,ALA,HYP
1364,17211,17213,HYP,GLY
1365,17218,17220,GLY,PRO
1366,17232,17234,PRO,HIS
1367,17249,17251,HIS,GLY
1368,17256,17258,GLY,SER
1369,17267,17269,SER,VAL
1370,17283,17285,VAL,GLY
1371,17290,17292,GLY,PRO
1372,17304,17306,PRO,ALA
1373,17314,17316,ALA,GLY
1374,17321,17323,GLY,LYS
1375,17343,17345,LYS,HIS
1376,17360,17362,HIS,GLY
1377,17367,17369,GLY,ASN
1378,17381,17383,ASN,ARG
1379,17405,17407,ARG,GLY
1380,17412,17414,GLY,GLU
1381,17427,17429,GLU,HYP
1382,17442,17444,HYP,GLY
1383,17449,17451,GLY,PRO
1384,17463,17465,PRO,ALA
1385,17473,17475,ALA,GLY
1386,17480,17482,GLY,SER
1387,17491,17493,SER,VAL
1388,17507,17509,VAL,GLY
1389,17514,17516,GLY,PRO
1390,17528,17530,PRO,VAL
1391,17544,17546,VAL,GLY
1392,17551,17553,GLY,ALA
1393,17561,17563,ALA,VAL
1394,17577,17579,VAL,GLY
1395,17584,17586,GLY,PRO
1396,17598,17600,PRO,ARG
1397,17622,17624,ARG,GLY
1398,17629,17631,GLY,PRO
1399,17643,17645,PRO,SER
1400,17654,17656,SER,GLY
1401,17661,17663,GLY,PRO
1402,17675,17677,PRO,GLN
1403,17692,17694,GLN,GLY
1404,17699,17701,GLY,ILE
1405,17718,17720,ILE,ARG
1406,17742,17744,ARG,GLY
1407,17749,17751,GLY,ASP
1408,17761,17763,ASP,LYS
1409,17783,17785,LYS,GLY
1410,17790,17792,GLY,GLU
1411,17805,17807,GLU,HYP
1412,17820,17822,HYP,GLY
1413,17827,17829,GLY,ASP
1414,17839,17841,ASP,LYS
1415,17861,17863,LYS,GLY
1416,17868,17870,GLY,ALA
1417,17878,17880,ALA,ARG
1418,17902,17904,ARG,GLY
1419,17909,17911,GLY,LEU
1420,17928,17930,LEU,HYP
1421,17943,17945,HYP,GLY
1422,17950,17952,GLY,LEU
1423,17969,17971,LEU,LYX
1424,17989,18000,LYX,GLY
1425,18005,18007,GLY,HIS
1426,18022,18024,HIS,ASN
1427,18036,18038,ASN,GLY
1428,18043,18045,GLY,LEU
1429,18062,18064,LEU,GLN
1430,18079,18081,GLN,GLY
1431,18086,18088,GLY,LEU
1432,18105,18107,LEU,HYP
1433,18120,18122,HYP,GLY
1434,18127,18129,GLY,LEU
1435,18146,18148,LEU,ALA
1436,18156,18158,ALA,GLY
1437,18163,18165,GLY,LEU
1438,18182,18184,LEU,HIS
1439,18199,18201,HIS,GLY
1440,18206,18208,GLY,ASP
1441,18218,18220,ASP,GLN
1442,18235,18237,GLN,GLY
1443,18242,18244,GLY,ALA
1444,18252,18254,ALA,HYP
1445,18267,18269,HYP,GLY
1446,18274,18276,GLY,PRO
1447,18288,18290,PRO,VAL
1448,18304,18306,VAL,GLY
1449,18311,18313,GLY,PRO
1450,18325,18327,PRO,ALA
1451,18335,18337,ALA,GLY
1452,18342,18344,GLY,PRO
1453,18356,18358,PRO,ARG
1454,18380,18382,ARG,GLY
1455,18387,18389,GLY,PRO
1456,18401,18403,PRO,ALA
1457,18411,18413,ALA,GLY
1458,18418,18420,GLY,PRO
1459,18432,18434,PRO,SER
1460,18443,18445,SER,GLY
1461,18450,18452,GLY,PRO
1462,18464,18466,PRO,ILE
1463,18483,18485,ILE,GLY
1464,18490,18492,GLY,LYS
1465,18512,18514,LYS,ASP
1466,18524,18526,ASP,GLY
1467,18531,18533,GLY,ARG
1468,18555,18557,ARG,SER
1469,18566,18568,SER,GLY
1470,18573,18575,GLY,HIS
1471,18590,18592,HIS,HYP
1472,18605,18607,HYP,GLY
1473,18612,18614,GLY,PRO
1474,18626,18628,PRO,VAL
1475,18642,18644,VAL,GLY
1476,18649,18651,GLY,PRO
1477,18663,18665,PRO,ALA
1478,18673,18675,ALA,GLY
1479,18680,18682,GLY,VAL
1480,18696,18698,VAL,ARG
1481,18720,18722,ARG,GLY
1482,18727,18729,GLY,SER
1483,18738,18740,SER,GLN
1484,18755,18757,GLN,GLY
1485,18762,18764,GLY,SER
1486,18773,18775,SER,GLN
1487,18790,18792,GLN,GLY
1488,18797,18799,GLY,PRO
1489,18811,18813,PRO,ALA
1490,18821,18823,ALA,GLY
1491,18828,18830,GLY,PRO
1492,18842,18844,PRO,HYP
1493,18857,18859,HYP,GLY
1494,18864,18866,GLY,PRO
1495,18878,18880,PRO,HYP
1496,18893,18895,HYP,GLY
1497,18900,18902,GLY,PRO
1498,18914,18916,PRO,HYP
1499,18929,18931,HYP,GLY
1500,18936,18938,GLY,PRO
1501,18950,18952,PRO,HYP
1502,18965,18967,HYP,GLY
1503,18972,18974,GLY,VAL
1504,18988,18990,VAL,SER
1505,18999,19001,SER,GLY
1506,19006,19008,GLY,GLY
1507,19013,19015,GLY,GLY
1508,19020,19022,GLY,DO1
1509,19041,19043,DO1,ASP
1510,19053,19055,ASP,DO2
1511,19074,19076,DO2,GLY
1512,19081,19083,GLY,DO2
1513,19102,19104,DO2,GLU
1514,19117,19119,GLU,GLY
1515,19124,19126,GLY,GLY
1516,19131,19133,GLY,DO1
1517,19152,19154,DO1,DO1
1518,19173,19175,DO1,ARG
1519,19197,19199,ARG,ALA
1520,19224,19226,ALA,HYP
1521,19239,19241,HYP,GLY
1522,19246,19248,GLY,ALA
1523,19256,19258,ALA,HYP
1524,19271,19273,HYP,GLY
1525,19278,19280,GLY,ALA
1526,19288,19290,ALA,PRO
1527,19302,19304,PRO,GLY
1528,19309,19311,GLY,PRO
1529,19323,19325,PRO,VAL
1530,19339,19341,VAL,GLY
1531,19346,19348,GLY,PRO
1532,19360,19362,PRO,ALA
1533,19370,19372,ALA,GLY
1534,19377,19379,GLY,LYS
1535,19399,19401,LYS,ASN
1536,19413,19415,ASN,GLY
1537,19420,19422,GLY,ASP
1538,19432,19434,ASP,ARG
1539,19456,19458,ARG,GLY
1540,19463,19465,GLY,GLU
1541,19478,19480,GLU,THR
1542,19492,19494,THR,GLY
1543,19499,19501,GLY,PRO
1544,19513,19515,PRO,ALA
1545,19523,19525,ALA,GLY
1546,19530,19532,GLY,PRO
1547,19544,19546,PRO,ALA
1548,19554,19556,ALA,GLY
1549,19561,19563,GLY,PRO
1550,19575,19577,PRO,ILE
1551,19594,19596,ILE,GLY
1552,19601,19603,GLY,PRO
1553,19615,19617,PRO,ALA
1554,19625,19627,ALA,GLY
1555,19632,19634,GLY,ALA
1556,19642,19644,ALA,ARG
1557,19666,19668,ARG,GLY
1558,19673,19675,GLY,PRO
1559,19687,19689,PRO,ALA
1560,19697,19699,ALA,GLY
1561,19704,19706,GLY,PRO
1562,19718,19720,PRO,GLN
1563,19735,19737,GLN,GLY
1564,19742,19744,GLY,PRO
1565,19756,19758,PRO,ARG
1566,19780,19782,ARG,GLY
1567,19787,19789,GLY,ASP
1568,19799,19801,ASP,LYS
1569,19821,19823,LYS,GLY
1570,19828,19830,GLY,GLU
1571,19843,19845,GLU,THR
1572,19857,19859,THR,GLY
1573,19864,19866,GLY,GLU
1574,19879,19881,GLU,GLN
1575,19896,19898,GLN,GLY
1576,19903,19905,GLY,ASP
1577,19915,19917,ASP,ARG
1578,19939,19941,ARG,GLY
1579,19946,19948,GLY,ILE
1580,19965,19967,ILE,LYS
1581,19987,19989,LYS,GLY
1582,19994,19996,GLY,HIS
1583,20011,20013,HIS,ARG
1584,20035,20037,ARG,GLY
1585,20042,20044,GLY,DO2
1586,20063,20065,DO2,SER
1587,20074,20076,SER,GLY
1588,20081,20083,GLY,LEU
1589,20100,20102,LEU,GLN
1590,20117,20119,GLN,GLY
1591,20124,20126,GLY,PRO
1592,20138,20140,PRO,HYP
1593,20153,20155,HYP,GLY
1594,20160,20162,GLY,SER
1595,20171,20173,SER,HYP
1596,20186,20188,HYP,GLY
1597,20193,20195,GLY,SER
1598,20204,20206,SER,HYP
1599,20219,20221,HYP,GLY
1600,20226,20228,GLY,GLU
1601,20241,20243,GLU,GLN
1602,20258,20260,GLN,GLY
1603,20265,20267,GLY,PRO
1604,20279,20281,PRO,SER
1605,20290,20292,SER,GLY
1606,20297,20299,GLY,ALA
1607,20307,20309,ALA,SER
1608,20318,20320,SER,GLY
1609,20325,20327,GLY,PRO
1610,20339,20341,PRO,ALA
1611,20349,20351,ALA,GLY
1612,20356,20358,GLY,PRO
1613,20370,20372,PRO,ARG
1614,20394,20396,ARG,GLY
1615,20401,20403,GLY,PRO
1616,20415,20417,PRO,HYP
1617,20430,20432,HYP,GLY
1618,20437,20439,GLY,SER
1619,20448,20450,SER,ALA
1620,20458,20460,ALA,GLY
1621,20465,20467,GLY,SER
1622,20476,20478,SER,PRO
1623,20490,20492,PRO,GLY
1624,20497,20499,GLY,LYS
1625,20519,20521,LYS,ASP
1626,20531,20533,ASP,GLY
1627,20538,20540,GLY,LEU
1628,20557,20559,LEU,ASN
1629,20571,20573,ASN,GLY
1630,20578,20580,GLY,LEU
1631,20597,20599,LEU,HYP
1632,20612,20614,HYP,GLY
1633,20619,20621,GLY,PRO
1634,20633,20635,PRO,ILE
1635,20652,20654,ILE,GLY
1636,20659,20661,GLY,HYP
1637,20674,20676,HYP,PRO
1638,20688,20690,PRO,GLY
1639,20695,20697,GLY,PRO
1640,20709,20711,PRO,ARG
1641,20733,20735,ARG,GLY
1642,20740,20742,GLY,ARG
1643,20764,20766,ARG,THR
1644,20778,20780,THR,GLY
1645,20785,20787,GLY,ASP
1646,20797,20799,ASP,SER
1647,20808,20810,SER,GLY
1648,20815,20817,GLY,PRO
1649,20829,20831,PRO,ALA
1650,20839,20841,ALA,GLY
1651,20846,20848,GLY,PRO
1652,20860,20862,PRO,HYP
1653,20875,20877,HYP,GLY
1654,20882,20884,GLY,PRO
1655,20896,20898,PRO,HYP
1656,20911,20913,HYP,GLY
1657,20918,20920,GLY,PRO
1658,20932,20934,PRO,HYP
1659,20947,20949,HYP,GLY
1660,20954,20956,GLY,PRO
1661,20968,20970,PRO,HYP
1662,20983,20985,HYP,GLY
1663,20990,20992,GLY,PRO
1664,21004,21006,PRO,HYP
1665,21019,21021,HYP,SER
1666,21030,21032,SER,GLY
1667,21037,21039,GLY,GLY
1668,21044,21046,GLY,DO1
1669,21065,21067,DO1,ASP
1670,21077,21079,ASP,DO1
1671,21098,21100,DO1,SER
1672,21109,21111,SER,DO1
1673,21130,21132,DO1,LEU
1674,21149,21151,LEU,PRO
1675,21163,21165,PRO,GLN
1676,21180,21182,GLN,PRO
1677,21194,21196,PRO,PRO
1678,21208,21210,PRO,GLN
1679,21225,21227,GLN,GLU
1680,21240,21242,GLU,LY3
1681,21252,21254,LY3,SER
1682,21263,21265,SER,GLN
1683,21280,21282,GLN,ASP
1684,21292,21294,ASP,GLY
1685,21299,21301,GLY,GLY
1686,21306,21308,GLY,ARG
1687,21330,21332,ARG,DO1
1688,21351,21353,DO1,DO1
1689,21372,21374,DO1,ARG
1690,21396,21398,ARG,ALA
1691,21423,21425,ALA,GLY
1692,21430,21432,GLY,PRO
1693,21444,21446,PRO,HYP
1694,21459,21461,HYP,GLY
1695,21466,21468,GLY,ALA
1696,21476,21478,ALA,ASP
1697,21488,21490,ASP,GLY
1698,21495,21497,GLY,GLN
1699,21512,21514,GLN,HYP
1700,21527,21529,HYP,GLY
1701,21534,21536,GLY,ALA
1702,21544,21546,ALA,LYS
1703,21566,21568,LYS,GLY
1704,21573,21575,GLY,GLU
1705,21588,21590,GLU,PRO
1706,21602,21604,PRO,GLY
1707,21609,21611,GLY,ASP
1708,21621,21623,ASP,THR
1709,21635,21637,THR,GLY
1710,21642,21644,GLY,VAL
1711,21658,21660,VAL,LYS
1712,21680,21682,LYS,GLY
1713,21687,21689,GLY,ASP
1714,21699,21701,ASP,ALA
1715,21709,21711,ALA,GLY
1716,21716,21718,GLY,PRO
1717,21730,21732,PRO,HYP
1718,21745,21747,HYP,GLY
1719,21752,21754,GLY,PRO
1720,21766,21768,PRO,ALA
1721,21776,21778,ALA,GLY
1722,21783,21785,GLY,PRO
1723,21797,21799,PRO,ALA
1724,21807,21809,ALA,GLY
1725,21814,21816,GLY,PRO
1726,21828,21830,PRO,HYP
1727,21843,21845,HYP,GLY
1728,21850,21852,GLY,PRO
1729,21864,21866,PRO,ILE
1730,21883,21885,ILE,GLY
1731,21890,21892,GLY,ASN
1732,21904,21906,ASN,VAL
1733,21920,21922,VAL,GLY
1734,21927,21929,GLY,ALA
1735,21937,21939,ALA,HYP
1736,21952,21954,HYP,GLY
1737,21959,21961,GLY,PRO
1738,21973,21975,PRO,LYS
1739,21995,21997,LYS,GLY
1740,22002,22004,GLY,SER
1741,22013,22015,SER,ARG
1742,22037,22039,ARG,GLY
1743,22044,22046,GLY,ALA
1744,22054,22056,ALA,ALA
1745,22064,22066,ALA,GLY
1746,22071,22073,GLY,PRO
1747,22085,22087,PRO,HYP
1748,22100,22102,HYP,GLY
1749,22107,22109,GLY,ALA
1750,22117,22119,ALA,THR
1751,22131,22133,THR,GLY
1752,22138,22140,GLY,DO2
1753,22159,22161,DO2,HYP
1754,22174,22176,HYP,GLY
1755,22181,22183,GLY,ALA
1756,22191,22193,ALA,ALA
1757,22201,22203,ALA,GLY
1758,22208,22210,GLY,ARG
1759,22232,22234,ARG,VAL
1760,22248,22250,VAL,GLY
1761,22255,22257,GLY,PRO
1762,22269,22271,PRO,HYP
1763,22284,22286,HYP,GLY
1764,22291,22293,GLY,PRO
1765,22305,22307,PRO,SER
1766,22316,22318,SER,GLY
1767,22323,22325,GLY,ASN
1768,22337,22339,ASN,ALA
1769,22347,22349,ALA,GLY
1770,22354,22356,GLY,PRO
1771,22368,22370,PRO,HYP
1772,22383,22385,HYP,GLY
1773,22390,22392,GLY,PRO
1774,22404,22406,PRO,HYP
1775,22419,22421,HYP,GLY
1776,22426,22428,GLY,PRO
1777,22440,22442,PRO,VAL
1778,22456,22458,VAL,GLY
1779,22463,22465,GLY,LYS
1780,22485,22487,LYS,GLU
1781,22500,22502,GLU,GLY
1782,22507,22509,GLY,GLY
1783,22514,22516,GLY,LYS
1784,22536,22538,LYS,GLY
1785,22543,22545,GLY,PRO
1786,22557,22559,PRO,ARG
1787,22581,22583,ARG,GLY
1788,22588,22590,GLY,GLU
1789,22603,22605,GLU,THR
1790,22617,22619,THR,GLY
1791,22624,22626,GLY,PRO
1792,22638,22640,PRO,ALA
1793,22648,22650,ALA,GLY
1794,22655,22657,GLY,ARG
1795,22679,22681,ARG,HYP
1796,22694,22696,HYP,GLY
1797,22701,22703,GLY,GLU
1798,22716,22718,GLU,VAL
1799,22732,22734,VAL,GLY
1800,22739,22741,GLY,PRO
1801,22753,22755,PRO,PRO
1802,22767,22769,PRO,GLY
1803,22774,22776,GLY,PRO
1804,22788,22790,PRO,HYP
1805,22803,22805,HYP,GLY
1806,22810,22812,GLY,PRO
1807,22824,22826,PRO,ALA
1808,22834,22836,ALA,GLY
1809,22841,22843,GLY,GLU
1810,22856,22858,GLU,LYS
1811,22878,22880,LYS,GLY
1812,22885,22887,GLY,SER
1813,22896,22898,SER,HYP
1814,22911,22913,HYP,GLY
1815,22918,22920,GLY,ALA
1816,22928,22930,ALA,ASP
1817,22940,22942,ASP,GLY
1818,22947,22949,GLY,PRO
1819,22961,22963,PRO,ALA
1820,22971,22973,ALA,GLY
1821,22978,22980,GLY,SER
1822,22989,22991,SER,HYP
1823,23004,23006,HYP,GLY
1824,23011,23013,GLY,THR
1825,23025,23027,THR,PRO
1826,23039,23041,PRO,GLY
1827,23046,23048,GLY,PRO
1828,23060,23062,PRO,GLN
1829,23077,23079,GLN,GLY
1830,23084,23086,GLY,ILE
1831,23103,23105,ILE,ALA
1832,23113,23115,ALA,GLY
1833,23120,23122,GLY,GLN
1834,23137,23139,GLN,ARG
1835,23161,23163,ARG,GLY
1836,23168,23170,GLY,VAL
1837,23184,23186,VAL,VAL
1838,23200,23202,VAL,GLY
1839,23207,23209,GLY,LEU
1840,23226,23228,LEU,HYP
1841,23241,23243,HYP,GLY
1842,23248,23250,GLY,GLN
1843,23265,23267,GLN,ARG
1844,23289,23291,ARG,GLY
1845,23296,23298,GLY,GLU
1846,23311,23313,GLU,ARG
1847,23335,23337,ARG,GLY
1848,23342,23344,GLY,DO1
1849,23363,23365,DO1,HYP
1850,23378,23380,HYP,GLY
1851,23385,23387,GLY,LEU
1852,23404,23406,LEU,HYP
1853,23419,23421,HYP,GLY
1854,23426,23428,GLY,PRO
1855,23440,23442,PRO,SER
1856,23451,23453,SER,GLY
1857,23458,23460,GLY,GLU
1858,23473,23475,GLU,HYP
1859,23488,23490,HYP,GLY
1860,23495,23497,GLY,LYS
1861,23517,23519,LYS,GLN
1862,23534,23536,GLN,GLY
1863,23541,23543,GLY,PRO
1864,23555,23557,PRO,SER
1865,23566,23568,SER,GLY
1866,23573,23575,GLY,ALA
1867,23583,23585,ALA,SER
1868,23594,23596,SER,GLY
1869,23601,23603,GLY,GLU
1870,23616,23618,GLU,ARG
1871,23640,23642,ARG,GLY
1872,23647,23649,GLY,PRO
1873,23661,23663,PRO,HYP
1874,23676,23678,HYP,GLY
1875,23683,23685,GLY,PRO
1876,23697,23699,PRO,MET
1877,23714,23716,MET,GLY
1878,23721,23723,GLY,PRO
1879,23735,23737,PRO,HYP
1880,23750,23752,HYP,GLY
1881,23757,23759,GLY,LEU
1882,23776,23778,LEU,ALA
1883,23786,23788,ALA,GLY
1884,23793,23795,GLY,PRO
1885,23807,23809,PRO,HYP
1886,23822,23824,HYP,GLY
1887,23829,23831,GLY,GLU
1888,23844,23846,GLU,SER
1889,23855,23857,SER,GLY
1890,23862,23864,GLY,ARG
1891,23886,23888,ARG,GLU
1892,23901,23903,GLU,GLY
1893,23908,23910,GLY,SER
1894,23919,23921,SER,HYP
1895,23934,23936,HYP,GLY
1896,23941,23943,GLY,ALA
1897,23951,23953,ALA,GLU
1898,23966,23968,GLU,GLY
1899,23973,23975,GLY,SER
1900,23984,23986,SER,HYP
1901,23999,24001,HYP,GLY
1902,24006,24008,GLY,ARG
1903,24030,24032,ARG,ASP
1904,24042,24044,ASP,GLY
1905,24049,24051,GLY,ALA
1906,24059,24061,ALA,PRO
1907,24073,24075,PRO,GLY
1908,24080,24082,GLY,ALA
1909,24090,24092,ALA,LYS
1910,24112,24114,LYS,GLY
1911,24119,24121,GLY,ASP
1912,24131,24133,ASP,ARG
1913,24155,24157,ARG,GLY
1914,24162,24164,GLY,GLU
1915,24177,24179,GLU,THR
1916,24191,24193,THR,GLY
1917,24198,24200,GLY,PRO
1918,24212,24214,PRO,ALA
1919,24222,24224,ALA,GLY
1920,24229,24231,GLY,PRO
1921,24243,24245,PRO,HYP
1922,24258,24260,HYP,GLY
1923,24265,24267,GLY,ALA
1924,24275,24277,ALA,HYP
1925,24312,24314,ALA,GLY
1926,24319,24321,GLY,PRO
1927,24333,24335,PRO,ALA
1928,24343,24345,ALA,GLY
1929,24350,24352,GLY,SER
1930,24361,24363,SER,ALA
1931,24371,24373,ALA,GLY
1932,24378,24380,GLY,GLN
1933,24395,24397,GLN,HYP
1934,24410,24412,HYP,GLY
1935,24417,24419,GLY,ALA
1936,24427,24429,ALA,LYS
1937,24449,24451,LYS,GLY
1938,24456,24458,GLY,GLU
1939,24471,24473,GLU,LYS
1940,24493,24495,LYS,GLY
1941,24500,24502,GLY,THR
1942,24514,24516,THR,LYS
1943,24536,24538,LYS,GLY
1944,24543,24545,GLY,PRO
1945,24557,24559,PRO,LYS
1946,24579,24581,LYS,GLY
1947,24586,24588,GLY,GLU
1948,24601,24603,GLU,ASN
1949,24615,24617,ASN,GLY
1950,24622,24624,GLY,ILE
1951,24641,24643,ILE,VAL
1952,24657,24659,VAL,GLY
1953,24664,24666,GLY,PRO
1954,24678,24680,PRO,THR
1955,24692,24694,THR,GLY
1956,24699,24701,GLY,PRO
1957,24713,24715,PRO,VAL
1958,24729,24731,VAL,GLY
1959,24736,24738,GLY,ALA
1960,24746,24748,ALA,ALA
1961,24756,24758,ALA,GLY
1962,24763,24765,GLY,PRO
1963,24777,24779,PRO,SER
1964,24788,24790,SER,GLY
1965,24795,24797,GLY,PRO
1966,24809,24811,PRO,ASN
1967,24823,24825,ASN,GLY
1968,24830,24832,GLY,PRO
1969,24844,24846,PRO,HYP
1970,24859,24861,HYP,GLY
1971,24866,24868,GLY,PRO
1972,24880,24882,PRO,ALA
1973,24890,24892,ALA,GLY
1974,24897,24899,GLY,SER
1975,24908,24910,SER,ARG
1976,24932,24934,ARG,GLY
1977,24939,24941,GLY,ASP
1978,24951,24953,ASP,GLY
1979,24958,24960,GLY,GLY
1980,24965,24967,GLY,PRO
1981,24979,24981,PRO,HYP
1982,24994,24996,HYP,GLY
1983,25001,25003,GLY,MET
1984,25018,25020,MET,THR
1985,25032,25034,THR,GLY
1986,25039,25041,GLY,DO1
1987,25060,25062,DO1,HYP
1988,25075,25077,HYP,GLY
1989,25082,25084,GLY,ALA
1990,25092,25094,ALA,ALA
1991,25102,25104,ALA,GLY
1992,25109,25111,GLY,ARG
1993,25133,25135,ARG,THR
1994,25147,25149,THR,GLY
1995,25154,25156,GLY,PRO
1996,25168,25170,PRO,HYP
1997,25183,25185,HYP,GLY
1998,25190,25192,GLY,PRO
1999,25204,25206,PRO,SER
2000,25215,25217,SER,GLY
2001,25222,25224,GLY,ILE
2002,25241,25243,ILE,THR
2003,25255,25257,THR,GLY
2004,25262,25264,GLY,PRO
2005,25276,25278,PRO,HYP
2006,25291,25293,HYP,GLY
2007,25298,25300,GLY,PRO
2008,25312,25314,PRO,HYP
2009,25327,25329,HYP,GLY
2010,25334,25336,GLY,ALA
2011,25344,25346,ALA,ALA
2012,25354,25356,ALA,GLY
2013,25361,25363,GLY,LYS
2014,25383,25385,LYS,GLU
2015,25398,25400,GLU,GLY
2016,25405,25407,GLY,ILE
2017,25424,25426,ILE,ARG
2018,25448,25450,ARG,GLY
2019,25455,25457,GLY,PRO
2020,25469,25471,PRO,ARG
2021,25493,25495,ARG,GLY
2022,25500,25502,GLY,ASP
2023,25512,25514,ASP,GLN
2024,25529,25531,GLN,GLY
2025,25536,25538,GLY,PRO
2026,25550,25552,PRO,VAL
2027,25566,25568,VAL,GLY
2028,25573,25575,GLY,ARG
2029,25597,25599,ARG,THR
2030,25611,25613,THR,GLY
2031,25618,25620,GLY,GLU
2032,25633,25635,GLU,ILE
2033,25652,25654,ILE,GLY
2034,25659,25661,GLY,ALA
2035,25669,25671,ALA,SER
2036,25680,25682,SER,GLY
2037,25687,25689,GLY,PRO
2038,25701,25703,PRO,HYP
2039,25716,25718,HYP,GLY
2040,25723,25725,GLY,DO2
2041,25744,25746,DO2,ALA
2042,25754,25756,ALA,GLY
2043,25761,25763,GLY,GLU
2044,25776,25778,GLU,LYS
2045,25798,25800,LYS,GLY
2046,25805,25807,GLY,PRO
2047,25819,25821,PRO,SER
2048,25830,25832,SER,GLY
2049,25837,25839,GLY,GLU
2050,25852,25854,GLU,HYP
2051,25867,25869,HYP,GLY
2052,25874,25876,GLY,THR
2053,25888,25890,THR,THR
2054,25902,25904,THR,GLY
2055,25909,25911,GLY,PRO
2056,25923,25925,PRO,HYP
2057,25938,25940,HYP,GLY
2058,25945,25947,GLY,THR
2059,25959,25961,THR,ALA
2060,25969,25971,ALA,GLY
2061,25976,25978,GLY,PRO
2062,25990,25992,PRO,GLN
2063,26007,26009,GLN,GLY
2064,26014,26016,GLY,LEU
2065,26033,26035,LEU,LEU
2066,26052,26054,LEU,GLY
2067,26059,26061,GLY,ALA
2068,26069,26071,ALA,HYP
2069,26084,26086,HYP,GLY
2070,26091,26093,GLY,ILE
2071,26110,26112,ILE,LEU
2072,26129,26131,LEU,GLY
2073,26136,26138,GLY,LEU
2074,26155,26157,LEU,HYP
2075,26170,26172,HYP,GLY
2076,26177,26179,GLY,SER
2077,26188,26190,SER,ARG
2078,26212,26214,ARG,GLY
2079,26219,26221,GLY,GLU
2080,26234,26236,GLU,ARG
2081,26258,26260,ARG,GLY
2082,26265,26267,GLY,GLN
2083,26282,26284,GLN,HYP
2084,26297,26299,HYP,GLY
2085,26304,26306,GLY,ILE
2086,26323,26325,ILE,ALA
2087,26333,26335,ALA,GLY
2088,26340,26342,GLY,ALA
2089,26350,26352,ALA,LEU
2090,26369,26371,LEU,GLY
2091,26376,26378,GLY,GLU
2092,26391,26393,GLU,HYP
2093,26406,26408,HYP,GLY
2094,26413,26415,GLY,PRO
2095,26427,26429,PRO,LEU
2096,26446,26448,LEU,GLY
2097,26453,26455,GLY,ILE
2098,26472,26474,ILE,ALA
2099,26482,26484,ALA,GLY
2100,26489,26491,GLY,PRO
2101,26503,26505,PRO,HYP
2102,26518,26520,HYP,GLY
2103,26525,26527,GLY,ALA
2104,26535,26537,ALA,ARG
2105,26559,26561,ARG,GLY
2106,26566,26568,GLY,PRO
2107,26580,26582,PRO,HYP
2108,26595,26597,HYP,GLY
2109,26602,26604,GLY,ALA
2110,26612,26614,ALA,VAL
2111,26628,26630,VAL,GLY
2112,26635,26637,GLY,SER
2113,26646,26648,SER,HYP
2114,26661,26663,HYP,GLY
2115,26668,26670,GLY,VAL
2116,26684,26686,VAL,ASN
2117,26698,26700,ASN,GLY
2118,26705,26707,GLY,ALA
2119,26715,26717,ALA,HYP
2120,26730,26732,HYP,GLY
2121,26737,26739,GLY,GLU
2122,26752,26754,GLU,ALA
2123,26762,26764,ALA,GLY
2124,26769,26771,GLY,ARG
2125,26793,26795,ARG,ASP
2126,26805,26807,ASP,GLY
2127,26812,26814,GLY,ASN
2128,26826,26828,ASN,HYP
2129,26841,26843,HYP,GLY
2130,26848,26850,GLY,SER
2131,26859,26861,SER,ASP
2132,26871,26873,ASP,GLY
2133,26878,26880,GLY,PRO
2134,26892,26894,PRO,HYP
2135,26907,26909,HYP,GLY
2136,26914,26916,GLY,ARG
2137,26938,26940,ARG,ASP
2138,26950,26952,ASP,GLY
2139,26957,26959,GLY,GLN
2140,26974,26976,GLN,HYP
2141,26989,26991,HYP,GLY
2142,26996,26998,GLY,HIS
2143,27013,27015,HIS,LYS
2144,27035,27037,LYS,GLY
2145,27042,27044,GLY,GLU
2146,27057,27059,GLU,ARG
2147,27081,27083,ARG,GLY
2148,27088,27090,GLY,DO1
2149,27109,27111,DO1,HYP
2150,27124,27126,HYP,GLY
2151,27131,27133,GLY,ASN
2152,27145,27147,ASN,ILE
2153,27164,27166,ILE,GLY
2154,27171,27173,GLY,PRO
2155,27185,27187,PRO,THR
2156,27199,27201,THR,GLY
2157,27206,27208,GLY,ALA
2158,27235,27237,GLY,DO1
2159,27256,27258,DO1,ALA
2160,27266,27268,ALA,GLY
2161,27273,27275,GLY,PRO
2162,27287,27289,PRO,HYP
2163,27302,27304,HYP,GLY
2164,27309,27311,GLY,ALA
2165,27319,27321,ALA,ASP
2166,27331,27333,ASP,GLY
2167,27338,27340,GLY,GLN
2168,27355,27357,GLN,HYP
2169,27370,27372,HYP,GLY
2170,27377,27379,GLY,ALA
2171,27387,27389,ALA,LYS
2172,27409,27411,LYS,GLY
2173,27416,27418,GLY,GLU
2174,27431,27433,GLU,PRO
2175,27445,27447,PRO,GLY
2176,27452,27454,GLY,ASP
2177,27464,27466,ASP,THR
2178,27478,27480,THR,GLY
2179,27485,27487,GLY,VAL
2180,27501,27503,VAL,LYS
2181,27523,27525,LYS,GLY
2182,27530,27532,GLY,ASP
2183,27542,27544,ASP,ALA
2184,27552,27554,ALA,GLY
2185,27559,27561,GLY,PRO
2186,27573,27575,PRO,HYP
2187,27588,27590,HYP,GLY
2188,27595,27597,GLY,PRO
2189,27609,27611,PRO,ALA
2190,27619,27621,ALA,GLY
2191,27626,27628,GLY,PRO
2192,27640,27642,PRO,ALA
2193,27650,27652,ALA,GLY
2194,27657,27659,GLY,PRO
2195,27671,27673,PRO,HYP
2196,27686,27688,HYP,GLY
2197,27693,27695,GLY,PRO
2198,27707,27709,PRO,ILE
2199,27726,27728,ILE,GLY
2200,27733,27735,GLY,ASN
2201,27747,27749,ASN,VAL
2202,27763,27765,VAL,GLY
2203,27770,27772,GLY,ALA
2204,27780,27782,ALA,HYP
2205,27795,27797,HYP,GLY
2206,27802,27804,GLY,PRO
2207,27816,27818,PRO,LYS
2208,27838,27840,LYS,GLY
2209,27845,27847,GLY,SER
2210,27856,27858,SER,ARG
2211,27880,27882,ARG,GLY
2212,27887,27889,GLY,ALA
2213,27897,27899,ALA,ALA
2214,27907,27909,ALA,GLY
2215,27914,27916,GLY,PRO
2216,27928,27930,PRO,HYP
2217,27943,27945,HYP,GLY
2218,27950,27952,GLY,ALA
2219,27960,27962,ALA,THR
2220,27974,27976,THR,GLY
2221,27981,27983,GLY,DO1
2222,28002,28004,DO1,HYP
2223,28017,28019,HYP,GLY
2224,28024,28026,GLY,ALA
2225,28034,28036,ALA,ALA
2226,28044,28046,ALA,GLY
2227,28051,28053,GLY,ARG
2228,28075,28077,ARG,VAL
2229,28091,28093,VAL,GLY
2230,28098,28100,GLY,PRO
2231,28112,28114,PRO,HYP
2232,28127,28129,HYP,GLY
2233,28134,28136,GLY,PRO
2234,28148,28150,PRO,SER
2235,28159,28161,SER,GLY
2236,28166,28168,GLY,ASN
2237,28180,28182,ASN,ALA
2238,28190,28192,ALA,GLY
2239,28197,28199,GLY,PRO
2240,28211,28213,PRO,HYP
2241,28226,28228,HYP,GLY
2242,28233,28235,GLY,PRO
2243,28247,28249,PRO,HYP
2244,28262,28264,HYP,GLY
2245,28269,28271,GLY,PRO
2246,28283,28285,PRO,VAL
2247,28299,28301,VAL,GLY
2248,28306,28308,GLY,LYS
2249,28328,28330,LYS,GLU
2250,28343,28345,GLU,GLY
2251,28350,28352,GLY,GLY
2252,28357,28359,GLY,LYS
2253,28379,28381,LYS,GLY
2254,28386,28388,GLY,PRO
2255,28400,28402,PRO,ARG
2256,28424,28426,ARG,GLY
2257,28431,28433,GLY,GLU
2258,28446,28448,GLU,THR
2259,28460,28462,THR,GLY
2260,28467,28469,GLY,PRO
2261,28481,28483,PRO,ALA
2262,28491,28493,ALA,GLY
2263,28498,28500,GLY,ARG
2264,28522,28524,ARG,HYP
2265,28537,28539,HYP,GLY
2266,28544,28546,GLY,GLU
2267,28559,28561,GLU,VAL
2268,28575,28577,VAL,GLY
2269,28582,28584,GLY,PRO
2270,28596,28598,PRO,PRO
2271,28610,28612,PRO,GLY
2272,28617,28619,GLY,PRO
2273,28631,28633,PRO,HYP
2274,28646,28648,HYP,GLY
2275,28653,28655,GLY,PRO
2276,28667,28669,PRO,ALA
2277,28677,28679,ALA,GLY
2278,28684,28686,GLY,GLU
2279,28699,28701,GLU,LYS
2280,28721,28723,LYS,GLY
2281,28728,28730,GLY,SER
2282,28739,28741,SER,HYP
2283,28754,28756,HYP,GLY
2284,28761,28763,GLY,ALA
2285,28771,28773,ALA,ASP
2286,28783,28785,ASP,GLY
2287,28790,28792,GLY,PRO
2288,28804,28806,PRO,ALA
2289,28814,28816,ALA,GLY
2290,28821,28823,GLY,SER
2291,28832,28834,SER,HYP
2292,28847,28849,HYP,GLY
2293,28854,28856,GLY,THR
2294,28868,28870,THR,PRO
2295,28882,28884,PRO,GLY
2296,28889,28891,GLY,PRO
2297,28903,28905,PRO,GLN
2298,28920,28922,GLN,GLY
2299,28927,28929,GLY,ILE
2300,28946,28948,ILE,ALA
2301,28956,28958,ALA,GLY
2302,28963,28965,GLY,GLN
2303,28980,28982,GLN,ARG
2304,29004,29006,ARG,GLY
2305,29011,29013,GLY,VAL
2306,29027,29029,VAL,VAL
2307,29043,29045,VAL,GLY
2308,29050,29052,GLY,LEU
2309,29069,29071,LEU,HYP
2310,29084,29086,HYP,GLY
2311,29091,29093,GLY,GLN
2312,29108,29110,GLN,ARG
2313,29132,29134,ARG,GLY
2314,29139,29141,GLY,GLU
2315,29154,29156,GLU,ARG
2316,29178,29180,ARG,GLY
2317,29185,29187,GLY,DO1
2318,29206,29208,DO1,HYP
2319,29221,29223,HYP,GLY
2320,29228,29230,GLY,LEU
2321,29247,29249,LEU,HYP
2322,29262,29264,HYP,GLY
2323,29269,29271,GLY,PRO
2324,29283,29285,PRO,SER
2325,29294,29296,SER,GLY
2326,29301,29303,GLY,GLU
2327,29316,29318,GLU,HYP
2328,29331,29333,HYP,GLY
2329,29338,29340,GLY,LYS
2330,29360,29362,LYS,GLN
2331,29377,29379,GLN,GLY
2332,29384,29386,GLY,PRO
2333,29398,29400,PRO,SER
2334,29409,29411,SER,GLY
2335,29416,29418,GLY,ALA
2336,29426,29428,ALA,SER
2337,29437,29439,SER,GLY
2338,29444,29446,GLY,GLU
2339,29459,29461,GLU,ARG
2340,29483,29485,ARG,GLY
2341,29490,29492,GLY,PRO
2342,29504,29506,PRO,HYP
2343,29519,29521,HYP,GLY
2344,29526,29528,GLY,PRO
2345,29540,29542,PRO,MET
2346,29557,29559,MET,GLY
2347,29564,29566,GLY,PRO
2348,29578,29580,PRO,HYP
2349,29593,29595,HYP,GLY
2350,29600,29602,GLY,LEU
2351,29619,29621,LEU,ALA
2352,29629,29631,ALA,GLY
2353,29636,29638,GLY,PRO
2354,29650,29652,PRO,HYP
2355,29665,29667,HYP,GLY
2356,29672,29674,GLY,GLU
2357,29687,29689,GLU,SER
2358,29698,29700,SER,GLY
2359,29705,29707,GLY,ARG
2360,29729,29731,ARG,GLU
2361,29744,29746,GLU,GLY
2362,29751,29753,GLY,SER
2363,29762,29764,SER,HYP
2364,29777,29779,HYP,GLY
2365,29784,29786,GLY,ALA
2366,29794,29796,ALA,GLU
2367,29809,29811,GLU,GLY
2368,29816,29818,GLY,SER
2369,29827,29829,SER,HYP
2370,29842,29844,HYP,GLY
2371,29849,29851,GLY,ARG
2372,29873,29875,ARG,ASP
2373,29885,29887,ASP,GLY
2374,29892,29894,GLY,ALA
2375,29902,29904,ALA,PRO
2376,29916,29918,PRO,GLY
2377,29923,29925,GLY,ALA
2378,29933,29935,ALA,LYS
2379,29955,29957,LYS,GLY
2380,29962,29964,GLY,ASP
2381,29974,29976,ASP,ARG
2382,29998,30000,ARG,GLY
2383,30005,30007,GLY,GLU
2384,30020,30022,GLU,THR
2385,30034,30036,THR,GLY
2386,30041,30043,GLY,PRO
2387,30055,30057,PRO,ALA
2388,30065,30067,ALA,GLY
2389,30072,30074,GLY,PRO
2390,30086,30088,PRO,HYP
2391,30101,30103,HYP,GLY
2392,30130,30132,ALA,GLY
2393,30137,30139,GLY,VAL
2394,30153,30155,VAL,MET
2395,30170,30172,MET,GLY
2396,30177,30179,GLY,DO1
2397,30198,30200,DO1,HYP
2398,30213,30215,HYP,GLY
2399,30220,30222,GLY,PRO
2400,30234,30236,PRO,LYS
2401,30256,30258,LYS,GLY
2402,30263,30265,GLY,THR
2403,30277,30279,THR,ALA
2404,30287,30289,ALA,GLY
2405,30294,30296,GLY,GLU
2406,30309,30311,GLU,HYP
2407,30324,30326,HYP,GLY
2408,30331,30333,GLY,LYS
2409,30353,30355,LYS,ALA
2410,30363,30365,ALA,GLY
2411,30370,30372,GLY,GLU
2412,30385,30387,GLU,ARG
2413,30409,30411,ARG,GLY
2414,30416,30418,GLY,VAL
2415,30432,30434,VAL,HYP
2416,30447,30449,HYP,GLY
2417,30454,30456,GLY,PRO
2418,30468,30470,PRO,HYP
2419,30483,30485,HYP,GLY
2420,30490,30492,GLY,ALA
2421,30500,30502,ALA,VAL
2422,30516,30518,VAL,GLY
2423,30523,30525,GLY,PRO
2424,30537,30539,PRO,ALA
2425,30547,30549,ALA,GLY
2426,30554,30556,GLY,LYS
2427,30576,30578,LYS,ASP
2428,30588,30590,ASP,GLY
2429,30595,30597,GLY,GLU
2430,30610,30612,GLU,ALA
2431,30620,30622,ALA,GLY
2432,30627,30629,GLY,ALA
2433,30637,30639,ALA,GLN
2434,30654,30656,GLN,GLY
2435,30661,30663,GLY,ALA
2436,30671,30673,ALA,HYP
2437,30686,30688,HYP,GLY
2438,30693,30695,GLY,PRO
2439,30707,30709,PRO,ALA
2440,30717,30719,ALA,GLY
2441,30724,30726,GLY,PRO
2442,30738,30740,PRO,ALA
2443,30748,30750,ALA,GLY
2444,30755,30757,GLY,GLU
2445,30770,30772,GLU,ARG
2446,30794,30796,ARG,GLY
2447,30801,30803,GLY,GLU
2448,30816,30818,GLU,GLN
2449,30833,30835,GLN,GLY
2450,30840,30842,GLY,PRO
2451,30854,30856,PRO,ALA
2452,30864,30866,ALA,GLY
2453,30871,30873,GLY,SER
2454,30882,30884,SER,HYP
2455,30897,30899,HYP,GLY
2456,30904,30906,GLY,DO1
2457,30925,30927,DO1,GLN
2458,30942,30944,GLN,GLY
2459,30949,30951,GLY,LEU
2460,30968,30970,LEU,HYP
2461,30983,30985,HYP,GLY
2462,30990,30992,GLY,PRO
2463,31004,31006,PRO,ALA
2464,31014,31016,ALA,GLY
2465,31021,31023,GLY,PRO
2466,31035,31037,PRO,HYP
2467,31050,31052,HYP,GLY
2468,31057,31059,GLY,GLU
2469,31072,31074,GLU,ALA
2470,31082,31084,ALA,GLY
2471,31089,31091,GLY,LYS
2472,31111,31113,LYS,HYP
2473,31126,31128,HYP,GLY
2474,31133,31135,GLY,GLU
2475,31148,31150,GLU,GLN
2476,31165,31167,GLN,GLY
2477,31172,31174,GLY,VAL
2478,31188,31190,VAL,HYP
2479,31203,31205,HYP,GLY
2480,31210,31212,GLY,ASP
2481,31222,31224,ASP,LEU
2482,31241,31243,LEU,GLY
2483,31248,31250,GLY,ALA
2484,31258,31260,ALA,HYP
2485,31273,31275,HYP,GLY
2486,31280,31282,GLY,PRO
2487,31294,31296,PRO,SER
2488,31305,31307,SER,GLY
2489,31312,31314,GLY,ALA
2490,31322,31324,ALA,ARG
2491,31346,31348,ARG,GLY
2492,31353,31355,GLY,GLU
2493,31368,31370,GLU,ARG
2494,31392,31394,ARG,GLY
2495,31399,31401,GLY,DO2
2496,31420,31422,DO2,HYP
2497,31435,31437,HYP,GLY
2498,31442,31444,GLY,GLU
2499,31457,31459,GLU,ARG
2500,31481,31483,ARG,GLY
2501,31488,31490,GLY,VAL
2502,31504,31506,VAL,GLN
2503,31521,31523,GLN,GLY
2504,31528,31530,GLY,PRO
2505,31542,31544,PRO,HYP
2506,31557,31559,HYP,GLY
2507,31564,31566,GLY,PRO
2508,31578,31580,PRO,ALA
2509,31588,31590,ALA,GLY
2510,31595,31597,GLY,PRO
2511,31609,31611,PRO,ARG
2512,31633,31635,ARG,GLY
2513,31640,31642,GLY,ASN
2514,31654,31656,ASN,ASN
2515,31668,31670,ASN,GLY
2516,31675,31677,GLY,ALA
2517,31685,31687,ALA,HYP
2518,31700,31702,HYP,GLY
2519,31707,31709,GLY,ASN
2520,31721,31723,ASN,ASP
2521,31733,31735,ASP,GLY
2522,31740,31742,GLY,ALA
2523,31750,31752,ALA,LYS
2524,31772,31774,LYS,GLY
2525,31779,31781,GLY,ASP
2526,31791,31793,ASP,THR
2527,31805,31807,THR,GLY
2528,31812,31814,GLY,ALA
2529,31822,31824,ALA,HYP
2530,31837,31839,HYP,GLY
2531,31844,31846,GLY,ALA
2532,31854,31856,ALA,HYP
2533,31869,31871,HYP,GLY
2534,31876,31878,GLY,SER
2535,31887,31889,SER,GLN
2536,31904,31906,GLN,GLY
2537,31911,31913,GLY,ALA
2538,31921,31923,ALA,HYP
2539,31936,31938,HYP,GLY
2540,31943,31945,GLY,LEU
2541,31962,31964,LEU,GLN
2542,31979,31981,GLN,GLY
2543,31986,31988,GLY,MET
2544,32003,32005,MET,HYP
2545,32018,32020,HYP,GLY
2546,32025,32027,GLY,GLU
2547,32040,32042,GLU,ARG
2548,32064,32066,ARG,GLY
2549,32071,32073,GLY,ALA
2550,32081,32083,ALA,ALA
2551,32091,32093,ALA,GLY
2552,32098,32100,GLY,LEU
2553,32117,32119,LEU,HYP
2554,32132,32134,HYP,GLY
2555,32139,32141,GLY,PRO
2556,32153,32155,PRO,LYS
2557,32175,32177,LYS,GLY
2558,32182,32184,GLY,ASP
2559,32194,32196,ASP,ARG
2560,32218,32220,ARG,GLY
2561,32225,32227,GLY,ASP
2562,32237,32239,ASP,ALA
2563,32247,32249,ALA,GLY
2564,32254,32256,GLY,PRO
2565,32268,32270,PRO,LYS
2566,32290,32292,LYS,GLY
2567,32297,32299,GLY,ALA
2568,32307,32309,ALA,ASP
2569,32319,32321,ASP,GLY
2570,32326,32328,GLY,SER
2571,32337,32339,SER,HYP
2572,32352,32354,HYP,GLY
2573,32359,32361,GLY,LYS
2574,32381,32383,LYS,ASP
2575,32393,32395,ASP,GLY
2576,32400,32402,GLY,VAL
2577,32416,32418,VAL,ARG
2578,32440,32442,ARG,GLY
2579,32447,32449,GLY,LEU
2580,32466,32468,LEU,THR
2581,32480,32482,THR,GLY
2582,32487,32489,GLY,PRO
2583,32501,32503,PRO,ILE
2584,32520,32522,ILE,GLY
2585,32527,32529,GLY,PRO
2586,32541,32543,PRO,HYP
2587,32556,32558,HYP,GLY
2588,32563,32565,GLY,PRO
2589,32577,32579,PRO,ALA
2590,32587,32589,ALA,GLY
2591,32594,32596,GLY,ALA
2592,32604,32606,ALA,HYP
2593,32619,32621,HYP,GLY
2594,32626,32628,GLY,ASP
2595,32638,32640,ASP,LYS
2596,32660,32662,LYS,GLY
2597,32667,32669,GLY,GLU
2598,32682,32684,GLU,THR
2599,32696,32698,THR,GLY
2600,32703,32705,GLY,PRO
2601,32717,32719,PRO,SER
2602,32728,32730,SER,GLY
2603,32735,32737,GLY,PRO
2604,32749,32751,PRO,ALA
2605,32759,32761,ALA,GLY
2606,32766,32768,GLY,PRO
2607,32780,32782,PRO,THR
2608,32794,32796,THR,GLY
2609,32801,32803,GLY,ALA
2610,32811,32813,ALA,ARG
2611,32835,32837,ARG,GLY
2612,32842,32844,GLY,ALA
2613,32852,32854,ALA,HYP
2614,32867,32869,HYP,GLY
2615,32874,32876,GLY,ASP
2616,32886,32888,ASP,ARG
2617,32910,32912,ARG,GLY
2618,32917,32919,GLY,GLU
2619,32932,32934,GLU,HYP
2620,32947,32949,HYP,GLY
2621,32954,32956,GLY,PRO
2622,32968,32970,PRO,HYP
2623,32983,32985,HYP,GLY
2624,32990,32992,GLY,PRO
2625,33004,33006,PRO,ALA
2626,33014,33016,ALA,GLY
2627,33021,33023,GLY,DO1
2628,33069,33071,GLU,ALA
2629,33079,33081,ALA,GLY
2630,33086,33088,GLY,ASN
2631,33100,33102,ASN,ILE
2632,33119,33121,ILE,GLY
2633,33126,33128,GLY,DO2
2634,33147,33149,DO2,HYP
2635,33162,33164,HYP,GLY
2636,33169,33171,GLY,PRO
2637,33183,33185,PRO,LYS
2638,33205,33207,LYS,GLY
2639,33212,33214,GLY,PRO
2640,33226,33228,PRO,SER
2641,33237,33239,SER,GLY
2642,33244,33246,GLY,ASP
2643,33256,33258,ASP,HYP
2644,33271,33273,HYP,GLY
2645,33278,33280,GLY,LYS
2646,33300,33302,LYS,HYP
2647,33315,33317,HYP,GLY
2648,33322,33324,GLY,GLU
2649,33337,33339,GLU,LYS
2650,33359,33361,LYS,GLY
2651,33366,33368,GLY,HIS
2652,33383,33385,HIS,HYP
2653,33398,33400,HYP,GLY
2654,33405,33407,GLY,LEU
2655,33424,33426,LEU,ALA
2656,33434,33436,ALA,GLY
2657,33441,33443,GLY,ALA
2658,33451,33453,ALA,ARG
2659,33475,33477,ARG,GLY
2660,33482,33484,GLY,ALA
2661,33492,33494,ALA,HYP
2662,33507,33509,HYP,GLY
2663,33514,33516,GLY,PRO
2664,33528,33530,PRO,ASP
2665,33540,33542,ASP,GLY
2666,33547,33549,GLY,ASN
2667,33561,33563,ASN,ASN
2668,33575,33577,ASN,GLY
2669,33582,33584,GLY,ALA
2670,33592,33594,ALA,GLN
2671,33609,33611,GLN,GLY
2672,33616,33618,GLY,PRO
2673,33630,33632,PRO,HYP
2674,33645,33647,HYP,GLY
2675,33652,33654,GLY,PRO
2676,33666,33668,PRO,GLN
2677,33683,33685,GLN,GLY
2678,33690,33692,GLY,VAL
2679,33706,33708,VAL,GLN
2680,33723,33725,GLN,GLY
2681,33730,33732,GLY,GLY
2682,33737,33739,GLY,LYS
2683,33759,33761,LYS,GLY
2684,33766,33768,GLY,GLU
2685,33781,33783,GLU,GLN
2686,33798,33800,GLN,GLY
2687,33805,33807,GLY,PRO
2688,33819,33821,PRO,ALA
2689,33829,33831,ALA,GLY
2690,33836,33838,GLY,PRO
2691,33850,33852,PRO,HYP
2692,33865,33867,HYP,GLY
2693,33872,33874,GLY,DO1
2694,33893,33895,DO1,GLN
2695,33910,33912,GLN,GLY
2696,33917,33919,GLY,LEU
2697,33936,33938,LEU,HYP
2698,33951,33953,HYP,GLY
2699,33958,33960,GLY,PRO
2700,33972,33974,PRO,SER
2701,33983,33985,SER,GLY
2702,33990,33992,GLY,THR
2703,34004,34006,THR,ALA
2704,34014,34016,ALA,GLY
2705,34021,34023,GLY,GLU
2706,34036,34038,GLU,VAL
2707,34052,34054,VAL,GLY
2708,34059,34061,GLY,LYS
2709,34081,34083,LYS,HYP
2710,34096,34098,HYP,GLY
2711,34103,34105,GLY,GLU
2712,34118,34120,GLU,ARG
2713,34142,34144,ARG,GLY
2714,34149,34151,GLY,LEU
2715,34168,34170,LEU,HYP
2716,34183,34185,HYP,GLY
2717,34190,34192,GLY,GLU
2718,34205,34207,GLU,DO2
2719,34226,34228,DO2,GLY
2720,34233,34235,GLY,LEU
2721,34252,34254,LEU,HYP
2722,34267,34269,HYP,GLY
2723,34274,34276,GLY,PRO
2724,34288,34290,PRO,ALA
2725,34298,34300,ALA,GLY
2726,34305,34307,GLY,PRO
2727,34319,34321,PRO,ARG
2728,34343,34345,ARG,GLY
2729,34350,34352,GLY,GLU
2730,34365,34367,GLU,ARG
2731,34389,34391,ARG,GLY
2732,34396,34398,GLY,PRO
2733,34410,34412,PRO,HYP
2734,34425,34427,HYP,GLY
2735,34432,34434,GLY,GLU
2736,34447,34449,GLU,SER
2737,34458,34460,SER,GLY
2738,34465,34467,GLY,ALA
2739,34475,34477,ALA,ALA
2740,34485,34487,ALA,GLY
2741,34492,34494,GLY,PRO
2742,34506,34508,PRO,SER
2743,34517,34519,SER,GLY
2744,34524,34526,GLY,PRO
2745,34538,34540,PRO,ILE
2746,34557,34559,ILE,GLY
2747,34564,34566,GLY,ILE
2748,34583,34585,ILE,ARG
2749,34607,34609,ARG,GLY
2750,34614,34616,GLY,PRO
2751,34628,34630,PRO,SER
2752,34639,34641,SER,GLY
2753,34646,34648,GLY,ALA
2754,34656,34658,ALA,HYP
2755,34671,34673,HYP,GLY
2756,34678,34680,GLY,PRO
2757,34692,34694,PRO,ASP
2758,34704,34706,ASP,GLY
2759,34711,34713,GLY,ASN
2760,34725,34727,ASN,LYS
2761,34747,34749,LYS,GLY
2762,34754,34756,GLY,GLU
2763,34769,34771,GLU,ALA
2764,34779,34781,ALA,GLY
2765,34786,34788,GLY,ALA
2766,34796,34798,ALA,VAL
2767,34812,34814,VAL,GLY
2768,34819,34821,GLY,ALA
2769,34829,34831,ALA,HYP
2770,34844,34846,HYP,GLY
2771,34851,34853,GLY,SER
2772,34862,34864,SER,ALA
2773,34872,34874,ALA,GLY
2774,34879,34881,GLY,ALA
2775,34889,34891,ALA,SER
2776,34900,34902,SER,GLY
2777,34907,34909,GLY,PRO
2778,34921,34923,PRO,GLY
2779,34928,34930,GLY,GLY
2780,34935,34937,GLY,LEU
2781,34954,34956,LEU,HYP
2782,34969,34971,HYP,GLY
2783,34976,34978,GLY,GLU
2784,34991,34993,GLU,ARG
2785,35015,35017,ARG,GLY
2786,35022,35024,GLY,ALA
2787,35032,35034,ALA,ALA
2788,35042,35044,ALA,GLY
2789,35049,35051,GLY,ILE
2790,35068,35070,ILE,HYP
2791,35083,35085,HYP,GLY
2792,35090,35092,GLY,GLY
2793,35097,35099,GLY,LYS
2794,35119,35121,LYS,GLY
2795,35126,35128,GLY,GLU
2796,35141,35143,GLU,LYS
2797,35163,35165,LYS,GLY
2798,35170,35172,GLY,GLU
2799,35185,35187,GLU,THR
2800,35199,35201,THR,GLY
2801,35206,35208,GLY,LEU
2802,35225,35227,LEU,ARG
2803,35249,35251,ARG,GLY
2804,35256,35258,GLY,GLU
2805,35271,35273,GLU,ILE
2806,35290,35292,ILE,GLY
2807,35297,35299,GLY,ASN
2808,35311,35313,ASN,HYP
2809,35326,35328,HYP,GLY
2810,35333,35335,GLY,ARG
2811,35357,35359,ARG,ASP
2812,35369,35371,ASP,GLY
2813,35376,35378,GLY,ALA
2814,35386,35388,ALA,ARG
2815,35410,35412,ARG,GLY
2816,35417,35419,GLY,ALA
2817,35427,35429,ALA,HYP
2818,35442,35444,HYP,GLY
2819,35449,35451,GLY,ALA
2820,35459,35461,ALA,ILE
2821,35478,35480,ILE,GLY
2822,35485,35487,GLY,ALA
2823,35495,35497,ALA,HYP
2824,35510,35512,HYP,GLY
2825,35517,35519,GLY,PRO
2826,35531,35533,PRO,ALA
2827,35541,35543,ALA,GLY
2828,35548,35550,GLY,ALA
2829,35558,35560,ALA,SER
2830,35569,35571,SER,GLY
2831,35576,35578,GLY,ASP
2832,35588,35590,ASP,ARG
2833,35612,35614,ARG,GLY
2834,35619,35621,GLY,GLU
2835,35634,35636,GLU,ALA
2836,35644,35646,ALA,GLY
2837,35651,35653,GLY,ALA
2838,35661,35663,ALA,ALA
2839,35671,35673,ALA,GLY
2840,35678,35680,GLY,PRO
2841,35692,35694,PRO,SER
2842,35703,35705,SER,GLY
2843,35710,35712,GLY,PRO
2844,35724,35726,PRO,ALA
2845,35734,35736,ALA,GLY
2846,35741,35743,GLY,PRO
2847,35755,35757,PRO,ARG
2848,35779,35781,ARG,GLY
2849,35786,35788,GLY,SER
2850,35797,35799,SER,HYP
2851,35812,35814,HYP,GLY
2852,35819,35821,GLY,GLU
2853,35834,35836,GLU,ARG
2854,35858,35860,ARG,GLY
2855,35865,35867,GLY,GLU
2856,35880,35882,GLU,VAL
2857,35896,35898,VAL,GLY
2858,35903,35905,GLY,PRO
2859,35917,35919,PRO,ALA
2860,35927,35929,ALA,GLY
2861,35934,35936,GLY,PRO
2862,35948,35950,PRO,ASN
2863,35962,35964,ASN,GLY
2864,35969,35971,GLY,DO1
2865,36019,36021,GLN,ALA
2866,36029,36031,ALA,GLY
2867,36036,36038,GLY,VAL
2868,36052,36054,VAL,MET
2869,36069,36071,MET,GLY
2870,36076,36078,GLY,DO2
2871,36097,36099,DO2,HYP
2872,36112,36114,HYP,GLY
2873,36119,36121,GLY,PRO
2874,36133,36135,PRO,LYS
2875,36155,36157,LYS,GLY
2876,36162,36164,GLY,THR
2877,36176,36178,THR,ALA
2878,36186,36188,ALA,GLY
2879,36193,36195,GLY,GLU
2880,36208,36210,GLU,HYP
2881,36223,36225,HYP,GLY
2882,36230,36232,GLY,LYS
2883,36252,36254,LYS,ALA
2884,36262,36264,ALA,GLY
2885,36269,36271,GLY,GLU
2886,36284,36286,GLU,ARG
2887,36308,36310,ARG,GLY
2888,36315,36317,GLY,VAL
2889,36331,36333,VAL,HYP
2890,36346,36348,HYP,GLY
2891,36353,36355,GLY,PRO
2892,36367,36369,PRO,HYP
2893,36382,36384,HYP,GLY
2894,36389,36391,GLY,ALA
2895,36399,36401,ALA,VAL
2896,36415,36417,VAL,GLY
2897,36422,36424,GLY,PRO
2898,36436,36438,PRO,ALA
2899,36446,36448,ALA,GLY
2900,36453,36455,GLY,LYS
2901,36475,36477,LYS,ASP
2902,36487,36489,ASP,GLY
2903,36494,36496,GLY,GLU
2904,36509,36511,GLU,ALA
2905,36519,36521,ALA,GLY
2906,36526,36528,GLY,ALA
2907,36536,36538,ALA,GLN
2908,36553,36555,GLN,GLY
2909,36560,36562,GLY,ALA
2910,36570,36572,ALA,HYP
2911,36585,36587,HYP,GLY
2912,36592,36594,GLY,PRO
2913,36606,36608,PRO,ALA
2914,36616,36618,ALA,GLY
2915,36623,36625,GLY,PRO
2916,36637,36639,PRO,ALA
2917,36647,36649,ALA,GLY
2918,36654,36656,GLY,GLU
2919,36669,36671,GLU,ARG
2920,36693,36695,ARG,GLY
2921,36700,36702,GLY,GLU
2922,36715,36717,GLU,GLN
2923,36732,36734,GLN,GLY
2924,36739,36741,GLY,PRO
2925,36753,36755,PRO,ALA
2926,36763,36765,ALA,GLY
2927,36770,36772,GLY,SER
2928,36781,36783,SER,HYP
2929,36796,36798,HYP,GLY
2930,36803,36805,GLY,DO2
2931,36824,36826,DO2,GLN
2932,36841,36843,GLN,GLY
2933,36848,36850,GLY,LEU
2934,36867,36869,LEU,HYP
2935,36882,36884,HYP,GLY
2936,36889,36891,GLY,PRO
2937,36903,36905,PRO,ALA
2938,36913,36915,ALA,GLY
2939,36920,36922,GLY,PRO
2940,36934,36936,PRO,HYP
2941,36949,36951,HYP,GLY
2942,36956,36958,GLY,GLU
2943,36971,36973,GLU,ALA
2944,36981,36983,ALA,GLY
2945,36988,36990,GLY,LYS
2946,37010,37012,LYS,HYP
2947,37025,37027,HYP,GLY
2948,37032,37034,GLY,GLU
2949,37047,37049,GLU,GLN
2950,37064,37066,GLN,GLY
2951,37071,37073,GLY,VAL
2952,37087,37089,VAL,HYP
2953,37102,37104,HYP,GLY
2954,37109,37111,GLY,ASP
2955,37121,37123,ASP,LEU
2956,37140,37142,LEU,GLY
2957,37147,37149,GLY,ALA
2958,37157,37159,ALA,HYP
2959,37172,37174,HYP,GLY
2960,37179,37181,GLY,PRO
2961,37193,37195,PRO,SER
2962,37204,37206,SER,GLY
2963,37211,37213,GLY,ALA
2964,37221,37223,ALA,ARG
2965,37245,37247,ARG,GLY
2966,37252,37254,GLY,GLU
2967,37267,37269,GLU,ARG
2968,37291,37293,ARG,GLY
2969,37298,37300,GLY,DO1
2970,37319,37321,DO1,HYP
2971,37334,37336,HYP,GLY
2972,37341,37343,GLY,GLU
2973,37356,37358,GLU,ARG
2974,37380,37382,ARG,GLY
2975,37387,37389,GLY,VAL
2976,37403,37405,VAL,GLN
2977,37420,37422,GLN,GLY
2978,37427,37429,GLY,PRO
2979,37441,37443,PRO,HYP
2980,37456,37458,HYP,GLY
2981,37463,37465,GLY,PRO
2982,37477,37479,PRO,ALA
2983,37487,37489,ALA,GLY
2984,37494,37496,GLY,PRO
2985,37508,37510,PRO,ARG
2986,37532,37534,ARG,GLY
2987,37539,37541,GLY,ASN
2988,37553,37555,ASN,ASN
2989,37567,37569,ASN,GLY
2990,37574,37576,GLY,ALA
2991,37584,37586,ALA,HYP
2992,37599,37601,HYP,GLY
2993,37606,37608,GLY,ASN
2994,37620,37622,ASN,ASP
2995,37632,37634,ASP,GLY
2996,37639,37641,GLY,ALA
2997,37649,37651,ALA,LYS
2998,37671,37673,LYS,GLY
2999,37678,37680,GLY,ASP
3000,37690,37692,ASP,THR
3001,37704,37706,THR,GLY
3002,37711,37713,GLY,ALA
3003,37721,37723,ALA,HYP
3004,37736,37738,HYP,GLY
3005,37743,37745,GLY,ALA
3006,37753,37755,ALA,HYP
3007,37768,37770,HYP,GLY
3008,37775,37777,GLY,SER
3009,37786,37788,SER,GLN
3010,37803,37805,GLN,GLY
3011,37810,37812,GLY,ALA
3012,37820,37822,ALA,HYP
3013,37835,37837,HYP,GLY
3014,37842,37844,GLY,LEU
3015,37861,37863,LEU,GLN
3016,37878,37880,GLN,GLY
3017,37885,37887,GLY,MET
3018,37902,37904,MET,HYP
3019,37917,37919,HYP,GLY
3020,37924,37926,GLY,GLU
3021,37939,37941,GLU,ARG
3022,37963,37965,ARG,GLY
3023,37970,37972,GLY,ALA
3024,37980,37982,ALA,ALA
3025,37990,37992,ALA,GLY
3026,37997,37999,GLY,LEU
3027,38016,38018,LEU,HYP
3028,38031,38033,HYP,GLY
3029,38038,38040,GLY,PRO
3030,38052,38054,PRO,LYS
3031,38074,38076,LYS,GLY
3032,38081,38083,GLY,ASP
3033,38093,38095,ASP,ARG
3034,38117,38119,ARG,GLY
3035,38124,38126,GLY,ASP
3036,38136,38138,ASP,ALA
3037,38146,38148,ALA,GLY
3038,38153,38155,GLY,PRO
3039,38167,38169,PRO,LYS
3040,38189,38191,LYS,GLY
3041,38196,38198,GLY,ALA
3042,38206,38208,ALA,ASP
3043,38218,38220,ASP,GLY
3044,38225,38227,GLY,SER
3045,38236,38238,SER,HYP
3046,38251,38253,HYP,GLY
3047,38258,38260,GLY,LYS
3048,38280,38282,LYS,ASP
3049,38292,38294,ASP,GLY
3050,38299,38301,GLY,VAL
3051,38315,38317,VAL,ARG
3052,38339,38341,ARG,GLY
3053,38346,38348,GLY,LEU
3054,38365,38367,LEU,THR
3055,38379,38381,THR,GLY
3056,38386,38388,GLY,PRO
3057,38400,38402,PRO,ILE
3058,38419,38421,ILE,GLY
3059,38426,38428,GLY,PRO
3060,38440,38442,PRO,HYP
3061,38455,38457,HYP,GLY
3062,38462,38464,GLY,PRO
3063,38476,38478,PRO,ALA
3064,38486,38488,ALA,GLY
3065,38493,38495,GLY,ALA
3066,38503,38505,ALA,HYP
3067,38518,38520,HYP,GLY
3068,38525,38527,GLY,ASP
3069,38537,38539,ASP,LYS
3070,38559,38561,LYS,GLY
3071,38566,38568,GLY,GLU
3072,38581,38583,GLU,THR
3073,38595,38597,THR,GLY
3074,38602,38604,GLY,PRO
3075,38616,38618,PRO,SER
3076,38627,38629,SER,GLY
3077,38634,38636,GLY,PRO
3078,38648,38650,PRO,ALA
3079,38658,38660,ALA,GLY
3080,38665,38667,GLY,PRO
3081,38679,38681,PRO,THR
3082,38693,38695,THR,GLY
3083,38700,38702,GLY,ALA
3084,38710,38712,ALA,ARG
3085,38734,38736,ARG,GLY
3086,38741,38743,GLY,ALA
3087,38751,38753,ALA,HYP
3088,38766,38768,HYP,GLY
3089,38773,38775,GLY,ASP
3090,38785,38787,ASP,ARG
3091,38809,38811,ARG,GLY
3092,38816,38818,GLY,GLU
3093,38831,38833,GLU,HYP
3094,38846,38848,HYP,GLY
3095,38853,38855,GLY,PRO
3096,38867,38869,PRO,HYP
3097,38882,38884,HYP,GLY
3098,38889,38891,GLY,PRO
3099,38903,38905,PRO,ALA
3100,38938,38940,GLN,MET
3101,38955,38957,MET,SER
3102,38966,38968,SER,DO1
3103,38987,38989,DO1,GLY
3104,38994,38996,GLY,DO2
3105,39015,39017,DO2,ASP
3106,39027,39029,ASP,GLU
3107,39042,39044,GLU,LYS
3108,39064,39066,LYS,SER
3109,39075,39077,SER,ALA
3110,39085,39087,ALA,GLY
3111,39092,39094,GLY,VAL
3112,39108,39110,VAL,SER
3113,39119,39121,SER,VAL
3114,39135,39137,VAL,PRO
3115,39149,39151,PRO,GLY
3116,39156,39158,GLY,PRO
3117,39170,39172,PRO,MET
3118,39187,39189,MET,GLY
3119,39194,39196,GLY,PRO
3120,39208,39210,PRO,SER
3121,39219,39221,SER,GLY
3122,39226,39228,GLY,PRO
3123,39240,39242,PRO,ARG
3124,39264,39266,ARG,GLY
3125,39271,39273,GLY,LEU
3126,39290,39292,LEU,HYP
3127,39305,39307,HYP,GLY
3128,39312,39314,GLY,PRO
3129,39326,39328,PRO,HYP
3130,39341,39343,HYP,GLY
3131,39348,39350,GLY,ALA
3132,39358,39360,ALA,HYP
3133,39373,39375,HYP,GLY
3134,39380,39382,GLY,PRO
3135,39394,39396,PRO,GLN
3136,39411,39413,GLN,GLY
3137,39418,39420,GLY,DO2
3138,39439,39441,DO2,GLN
3139,39456,39458,GLN,GLY
3140,39463,39465,GLY,PRO
3141,39477,39479,PRO,HYP
3142,39492,39494,HYP,GLY
3143,39499,39501,GLY,GLU
3144,39514,39516,GLU,HYP
3145,39529,39531,HYP,GLY
3146,39536,39538,GLY,GLU
3147,39551,39553,GLU,HYP
3148,39566,39568,HYP,GLY
3149,39573,39575,GLY,ALA
3150,39583,39585,ALA,SER
3151,39594,39596,SER,GLY
3152,39601,39603,GLY,PRO
3153,39615,39617,PRO,MET
3154,39632,39634,MET,GLY
3155,39639,39641,GLY,PRO
3156,39653,39655,PRO,ARG
3157,39677,39679,ARG,GLY
3158,39684,39686,GLY,PRO
3159,39698,39700,PRO,PRO
3160,39712,39714,PRO,GLY
3161,39719,39721,GLY,PRO
3162,39733,39735,PRO,HYP
3163,39748,39750,HYP,GLY
3164,39755,39757,GLY,LYS
3165,39777,39779,LYS,ASN
3166,39791,39793,ASN,GLY
3167,39798,39800,GLY,ASP
3168,39810,39812,ASP,ASP
3169,39822,39824,ASP,GLY
3170,39829,39831,GLY,GLU
3171,39844,39846,GLU,ALA
3172,39854,39856,ALA,GLY
3173,39861,39863,GLY,LYS
3174,39883,39885,LYS,PRO
3175,39897,39899,PRO,GLY
3176,39904,39906,GLY,ARG
3177,39928,39930,ARG,HYP
3178,39943,39945,HYP,GLY
3179,39950,39952,GLY,GLU
3180,39965,39967,GLU,ARG
3181,39989,39991,ARG,GLY
3182,39996,39998,GLY,PRO
3183,40010,40012,PRO,HYP
3184,40025,40027,HYP,GLY
3185,40032,40034,GLY,PRO
3186,40046,40048,PRO,GLN
3187,40063,40065,GLN,GLY
3188,40070,40072,GLY,ALA
3189,40080,40082,ALA,ARG
3190,40104,40106,ARG,GLY
3191,40111,40113,GLY,LEU
3192,40130,40132,LEU,HYP
3193,40145,40147,HYP,GLY
3194,40152,40154,GLY,THR
3195,40166,40168,THR,ALA
3196,40176,40178,ALA,GLY
3197,40183,40185,GLY,LEU
3198,40202,40204,LEU,HYP
3199,40217,40219,HYP,GLY
3200,40224,40226,GLY,MET
3201,40241,40243,MET,LYS
3202,40263,40265,LYS,GLY
3203,40270,40272,GLY,HIS
3204,40287,40289,HIS,ARG
3205,40311,40313,ARG,GLY
3206,40318,40320,GLY,DO1
3207,40339,40341,DO1,SER
3208,40350,40352,SER,GLY
3209,40357,40359,GLY,LEU
3210,40376,40378,LEU,ASP
3211,40388,40390,ASP,GLY
3212,40395,40397,GLY,ALA
3213,40405,40407,ALA,LYS
3214,40427,40429,LYS,GLY
3215,40434,40436,GLY,ASP
3216,40446,40448,ASP,THR
3217,40460,40462,THR,GLY
3218,40467,40469,GLY,PRO
3219,40481,40483,PRO,ALA
3220,40491,40493,ALA,GLY
3221,40498,40500,GLY,PRO
3222,40512,40514,PRO,LYS
3223,40534,40536,LYS,GLY
3224,40541,40543,GLY,GLU
3225,40556,40558,GLU,HYP
3226,40571,40573,HYP,GLY
3227,40578,40580,GLY,SER
3228,40589,40591,SER,HYP
3229,40604,40606,HYP,GLY
3230,40611,40613,GLY,GLU
3231,40626,40628,GLU,ASN
3232,40640,40642,ASN,GLY
3233,40647,40649,GLY,ALA
3234,40657,40659,ALA,HYP
3235,40672,40674,HYP,GLY
3236,40679,40681,GLY,GLN
3237,40696,40698,GLN,MET
3238,40713,40715,MET,GLY
3239,40720,40722,GLY,PRO
3240,40734,40736,PRO,ARG
3241,40758,40760,ARG,GLY
3242,40765,40767,GLY,LEU
3243,40784,40786,LEU,HYP
3244,40799,40801,HYP,GLY
3245,40806,40808,GLY,GLU
3246,40821,40823,GLU,ARG
3247,40845,40847,ARG,GLY
3248,40852,40854,GLY,ARG
3249,40876,40878,ARG,HYP
3250,40891,40893,HYP,GLY
3251,40898,40900,GLY,PRO
3252,40912,40914,PRO,PRO
3253,40926,40928,PRO,GLY
3254,40933,40935,GLY,SER
3255,40944,40946,SER,ALA
3256,40954,40956,ALA,GLY
3257,40961,40963,GLY,ALA
3258,40971,40973,ALA,ARG
3259,40995,40997,ARG,GLY
3260,41002,41004,GLY,ASN
3261,41016,41018,ASN,ASP
3262,41028,41030,ASP,GLY
3263,41035,41037,GLY,ALA
3264,41045,41047,ALA,VAL
3265,41061,41063,VAL,GLY
3266,41068,41070,GLY,ALA
3267,41078,41080,ALA,ALA
3268,41088,41090,ALA,GLY
3269,41095,41097,GLY,PRO
3270,41109,41111,PRO,HYP
3271,41124,41126,HYP,GLY
3272,41131,41133,GLY,PRO
3273,41145,41147,PRO,THR
3274,41159,41161,THR,GLY
3275,41166,41168,GLY,PRO
3276,41180,41182,PRO,THR
3277,41194,41196,THR,GLY
3278,41201,41203,GLY,PRO
3279,41215,41217,PRO,HYP
3280,41230,41232,HYP,GLY
3281,41237,41239,GLY,DO1
3282,41283,41285,GLN,DO1
3283,41304,41306,DO1,SER
3284,41315,41317,SER,ASP
3285,41327,41329,ASP,LY2
3286,41336,41338,LY2,GLY
3287,41343,41345,GLY,VAL
3288,41359,41361,VAL,SER
3289,41370,41372,SER,ALA
3290,41380,41382,ALA,GLY
3291,41387,41389,GLY,PRO
3292,41401,41403,PRO,GLY
3293,41408,41410,GLY,PRO
3294,41422,41424,PRO,MET
3295,41439,41441,MET,GLY
3296,41446,41448,GLY,LEU
3297,41465,41467,LEU,MET
3298,41482,41484,MET,GLY
3299,41489,41491,GLY,PRO
3300,41503,41505,PRO,ARG
3301,41527,41529,ARG,GLY
3302,41534,41536,GLY,PRO
3303,41548,41550,PRO,HYP
3304,41563,41565,HYP,GLY
3305,41570,41572,GLY,ALA
3306,41580,41582,ALA,VAL
3307,41596,41598,VAL,GLY
3308,41603,41605,GLY,ALA
3309,41613,41615,ALA,HYP
3310,41628,41630,HYP,GLY
3311,41635,41637,GLY,PRO
3312,41649,41651,PRO,GLN
3313,41666,41668,GLN,GLY
3314,41673,41675,GLY,DO2
3315,41694,41696,DO2,GLN
3316,41711,41713,GLN,GLY
3317,41718,41720,GLY,PRO
3318,41732,41734,PRO,ALA
3319,41742,41744,ALA,GLY
3320,41749,41751,GLY,GLU
3321,41764,41766,GLU,HYP
3322,41779,41781,HYP,GLY
3323,41786,41788,GLY,GLU
3324,41801,41803,GLU,HYP
3325,41816,41818,HYP,GLY
3326,41823,41825,GLY,GLN
3327,41840,41842,GLN,THR
3328,41854,41856,THR,GLY
3329,41861,41863,GLY,PRO
3330,41875,41877,PRO,ALA
3331,41885,41887,ALA,GLY
3332,41892,41894,GLY,SER
3333,41903,41905,SER,ARG
3334,41927,41929,ARG,GLY
3335,41934,41936,GLY,PRO
3336,41948,41950,PRO,ALA
3337,41958,41960,ALA,GLY
3338,41965,41967,GLY,PRO
3339,41979,41981,PRO,HYP
3340,41994,41996,HYP,GLY
3341,42001,42003,GLY,LYS
3342,42023,42025,LYS,ALA
3343,42033,42035,ALA,GLY
3344,42040,42042,GLY,GLU
3345,42055,42057,GLU,ASP
3346,42067,42069,ASP,GLY
3347,42074,42076,GLY,HIS
3348,42091,42093,HIS,HYP
3349,42106,42108,HYP,GLY
3350,42113,42115,GLY,LYS
3351,42135,42137,LYS,PRO
3352,42149,42151,PRO,GLY
3353,42156,42158,GLY,ARG
3354,42180,42182,ARG,HYP
3355,42195,42197,HYP,GLY
3356,42202,42204,GLY,GLU
3357,42217,42219,GLU,ARG
3358,42241,42243,ARG,GLY
3359,42248,42250,GLY,VAL
3360,42264,42266,VAL,VAL
3361,42280,42282,VAL,GLY
3362,42287,42289,GLY,PRO
3363,42301,42303,PRO,GLN
3364,42318,42320,GLN,GLY
3365,42325,42327,GLY,ALA
3366,42335,42337,ALA,ARG
3367,42359,42361,ARG,GLY
3368,42366,42368,GLY,DO1
3369,42387,42389,DO1,HYP
3370,42402,42404,HYP,GLY
3371,42409,42411,GLY,THR
3372,42423,42425,THR,HYP
3373,42438,42440,HYP,GLY
3374,42445,42447,GLY,LEU
3375,42464,42466,LEU,HYP
3376,42479,42481,HYP,GLY
3377,42486,42488,GLY,DO1
3378,42507,42509,DO1,LYX
3379,42527,42538,LYX,GLY
3380,42543,42545,GLY,ILE
3381,42562,42564,ILE,ARG
3382,42586,42588,ARG,GLY
3383,42593,42595,GLY,HIS
3384,42610,42612,HIS,ASN
3385,42624,42626,ASN,GLY
3386,42631,42633,GLY,LEU
3387,42650,42652,LEU,ASP
3388,42662,42664,ASP,GLY
3389,42669,42671,GLY,LEU
3390,42688,42690,LEU,LYS
3391,42710,42712,LYS,GLY
3392,42717,42719,GLY,GLN
3393,42734,42736,GLN,HYP
3394,42749,42751,HYP,GLY
3395,42756,42758,GLY,ALA
3396,42766,42768,ALA,GLN
3397,42783,42785,GLN,GLY
3398,42790,42792,GLY,VAL
3399,42806,42808,VAL,LYS
3400,42828,42830,LYS,GLY
3401,42835,42837,GLY,GLU
3402,42850,42852,GLU,HYP
3403,42865,42867,HYP,GLY
3404,42872,42874,GLY,ALA
3405,42882,42884,ALA,HYP
3406,42897,42899,HYP,GLY
3407,42904,42906,GLY,GLU
3408,42919,42921,GLU,ASN
3409,42933,42935,ASN,GLY
3410,42940,42942,GLY,THR
3411,42954,42956,THR,HYP
3412,42969,42971,HYP,GLY
3413,42976,42978,GLY,GLN
3414,42993,42995,GLN,ALA
3415,43003,43005,ALA,GLY
3416,43010,43012,GLY,ALA
3417,43020,43022,ALA,ARG
3418,43044,43046,ARG,GLY
3419,43051,43053,GLY,LEU
3420,43070,43072,LEU,HYP
3421,43085,43087,HYP,GLY
3422,43092,43094,GLY,GLU
3423,43107,43109,GLU,ARG
3424,43131,43133,ARG,GLY
3425,43138,43140,GLY,ARG
3426,43162,43164,ARG,VAL
3427,43178,43180,VAL,GLY
3428,43185,43187,GLY,ALA
3429,43195,43197,ALA,HYP
3430,43210,43212,HYP,GLY
3431,43217,43219,GLY,PRO
3432,43231,43233,PRO,ALA
3433,43241,43243,ALA,GLY
3434,43248,43250,GLY,ALA
3435,43258,43260,ALA,ARG
3436,43282,43284,ARG,GLY
3437,43289,43291,GLY,SER
3438,43300,43302,SER,ASP
3439,43312,43314,ASP,GLY
3440,43319,43321,GLY,SER
3441,43330,43332,SER,VAL
3442,43346,43348,VAL,GLY
3443,43353,43355,GLY,PRO
3444,43367,43369,PRO,VAL
3445,43383,43385,VAL,GLY
3446,43390,43392,GLY,PRO
3447,43404,43406,PRO,ALA
3448,43414,43416,ALA,GLY
3449,43421,43423,GLY,PRO
3450,43435,43437,PRO,ILE
3451,43454,43456,ILE,GLY
3452,43461,43463,GLY,SER
3453,43472,43474,SER,ALA
3454,43482,43484,ALA,GLY
3455,43489,43491,GLY,PRO
3456,43503,43505,PRO,HYP
3457,43543,43545,GLN,MET
3458,43560,43562,MET,SER
3459,43571,43573,SER,DO2
3460,43592,43594,DO2,GLY
3461,43599,43601,GLY,DO1
3462,43620,43622,DO1,ASP
3463,43632,43634,ASP,GLU
3464,43647,43649,GLU,LY3
3465,43659,43661,LY3,SER
3466,43670,43672,SER,ALA
3467,43680,43682,ALA,GLY
3468,43687,43689,GLY,VAL
3469,43703,43705,VAL,SER
3470,43714,43716,SER,VAL
3471,43730,43732,VAL,PRO
3472,43744,43746,PRO,GLY
3473,43751,43753,GLY,PRO
3474,43765,43767,PRO,MET
3475,43782,43784,MET,GLY
3476,43789,43791,GLY,PRO
3477,43803,43805,PRO,SER
3478,43814,43816,SER,GLY
3479,43821,43823,GLY,PRO
3480,43835,43837,PRO,ARG
3481,43859,43861,ARG,GLY
3482,43866,43868,GLY,LEU
3483,43885,43887,LEU,HYP
3484,43900,43902,HYP,GLY
3485,43907,43909,GLY,PRO
3486,43921,43923,PRO,HYP
3487,43936,43938,HYP,GLY
3488,43943,43945,GLY,ALA
3489,43953,43955,ALA,HYP
3490,43968,43970,HYP,GLY
3491,43975,43977,GLY,PRO
3492,43989,43991,PRO,GLN
3493,44006,44008,GLN,GLY
3494,44013,44015,GLY,DO1
3495,44034,44036,DO1,GLN
3496,44051,44053,GLN,GLY
3497,44058,44060,GLY,PRO
3498,44072,44074,PRO,HYP
3499,44087,44089,HYP,GLY
3500,44094,44096,GLY,GLU
3501,44109,44111,GLU,HYP
3502,44124,44126,HYP,GLY
3503,44131,44133,GLY,GLU
3504,44146,44148,GLU,HYP
3505,44161,44163,HYP,GLY
3506,44168,44170,GLY,ALA
3507,44178,44180,ALA,SER
3508,44189,44191,SER,GLY
3509,44196,44198,GLY,PRO
3510,44210,44212,PRO,MET
3511,44227,44229,MET,GLY
3512,44234,44236,GLY,PRO
3513,44248,44250,PRO,ARG
3514,44272,44274,ARG,GLY
3515,44279,44281,GLY,PRO
3516,44293,44295,PRO,PRO
3517,44307,44309,PRO,GLY
3518,44314,44316,GLY,PRO
3519,44328,44330,PRO,HYP
3520,44343,44345,HYP,GLY
3521,44350,44352,GLY,LYS
3522,44372,44374,LYS,ASN
3523,44386,44388,ASN,GLY
3524,44393,44395,GLY,ASP
3525,44405,44407,ASP,ASP
3526,44417,44419,ASP,GLY
3527,44424,44426,GLY,GLU
3528,44439,44441,GLU,ALA
3529,44449,44451,ALA,GLY
3530,44456,44458,GLY,LYS
3531,44478,44480,LYS,PRO
3532,44492,44494,PRO,GLY
3533,44499,44501,GLY,ARG
3534,44523,44525,ARG,HYP
3535,44538,44540,HYP,GLY
3536,44545,44547,GLY,GLU
3537,44560,44562,GLU,ARG
3538,44584,44586,ARG,GLY
3539,44591,44593,GLY,PRO
3540,44605,44607,PRO,HYP
3541,44620,44622,HYP,GLY
3542,44627,44629,GLY,PRO
3543,44641,44643,PRO,GLN
3544,44658,44660,GLN,GLY
3545,44665,44667,GLY,ALA
3546,44675,44677,ALA,ARG
3547,44699,44701,ARG,GLY
3548,44706,44708,GLY,LEU
3549,44725,44727,LEU,HYP
3550,44740,44742,HYP,GLY
3551,44747,44749,GLY,THR
3552,44761,44763,THR,ALA
3553,44771,44773,ALA,GLY
3554,44778,44780,GLY,LEU
3555,44797,44799,LEU,HYP
3556,44812,44814,HYP,GLY
3557,44819,44821,GLY,MET
3558,44836,44838,MET,LYS
3559,44858,44860,LYS,GLY
3560,44865,44867,GLY,HIS
3561,44882,44884,HIS,ARG
3562,44906,44908,ARG,GLY
3563,44913,44915,GLY,DO1
3564,44934,44936,DO1,SER
3565,44945,44947,SER,GLY
3566,44952,44954,GLY,LEU
3567,44971,44973,LEU,ASP
3568,44983,44985,ASP,GLY
3569,44990,44992,GLY,ALA
3570,45000,45002,ALA,LYS
3571,45022,45024,LYS,GLY
3572,45029,45031,GLY,ASP
3573,45041,45043,ASP,THR
3574,45055,45057,THR,GLY
3575,45062,45064,GLY,PRO
3576,45076,45078,PRO,ALA
3577,45086,45088,ALA,GLY
3578,45093,45095,GLY,PRO
3579,45107,45109,PRO,LYS
3580,45129,45131,LYS,GLY
3581,45136,45138,GLY,GLU
3582,45151,45153,GLU,HYP
3583,45166,45168,HYP,GLY
3584,45173,45175,GLY,SER
3585,45184,45186,SER,HYP
3586,45199,45201,HYP,GLY
3587,45206,45208,GLY,GLU
3588,45221,45223,GLU,ASN
3589,45235,45237,ASN,GLY
3590,45242,45244,GLY,ALA
3591,45252,45254,ALA,HYP
3592,45267,45269,HYP,GLY
3593,45274,45276,GLY,GLN
3594,45291,45293,GLN,MET
3595,45308,45310,MET,GLY
3596,45315,45317,GLY,PRO
3597,45329,45331,PRO,ARG
3598,45353,45355,ARG,GLY
3599,45360,45362,GLY,LEU
3600,45379,45381,LEU,HYP
3601,45394,45396,HYP,GLY
3602,45401,45403,GLY,GLU
3603,45416,45418,GLU,ARG
3604,45440,45442,ARG,GLY
3605,45447,45449,GLY,ARG
3606,45471,45473,ARG,HYP
3607,45486,45488,HYP,GLY
3608,45493,45495,GLY,PRO
3609,45507,45509,PRO,PRO
3610,45521,45523,PRO,GLY
3611,45528,45530,GLY,SER
3612,45539,45541,SER,ALA
3613,45549,45551,ALA,GLY
3614,45556,45558,GLY,ALA
3615,45566,45568,ALA,ARG
3616,45590,45592,ARG,GLY
3617,45597,45599,GLY,ASN
3618,45611,45613,ASN,ASP
3619,45623,45625,ASP,GLY
3620,45630,45632,GLY,ALA
3621,45640,45642,ALA,VAL
3622,45656,45658,VAL,GLY
3623,45663,45665,GLY,ALA
3624,45673,45675,ALA,ALA
3625,45683,45685,ALA,GLY
3626,45690,45692,GLY,PRO
3627,45704,45706,PRO,HYP
3628,45719,45721,HYP,GLY
3629,45726,45728,GLY,PRO
3630,45740,45742,PRO,THR
3631,45754,45756,THR,GLY
3632,45761,45763,GLY,PRO
3633,45775,45777,PRO,THR
3634,45789,45791,THR,GLY
3635,45796,45798,GLY,PRO
3636,45810,45812,PRO,HYP
3637,45847,45849,ALA,GLY
3638,45854,45856,GLY,VAL
3639,45870,45872,VAL,MET
3640,45887,45889,MET,GLY
3641,45894,45896,GLY,DO2
3642,45915,45917,DO2,HYP
3643,45930,45932,HYP,GLY
3644,45937,45939,GLY,PRO
3645,45951,45953,PRO,LYS
3646,45973,45975,LYS,GLY
3647,45980,45982,GLY,THR
3648,45994,45996,THR,ALA
3649,46004,46006,ALA,GLY
3650,46011,46013,GLY,GLU
3651,46026,46028,GLU,HYP
3652,46041,46043,HYP,GLY
3653,46048,46050,GLY,LYS
3654,46070,46072,LYS,ALA
3655,46080,46082,ALA,GLY
3656,46087,46089,GLY,GLU
3657,46102,46104,GLU,ARG
3658,46126,46128,ARG,GLY
3659,46133,46135,GLY,VAL
3660,46149,46151,VAL,HYP
3661,46164,46166,HYP,GLY
3662,46171,46173,GLY,PRO
3663,46185,46187,PRO,HYP
3664,46200,46202,HYP,GLY
3665,46207,46209,GLY,ALA
3666,46217,46219,ALA,VAL
3667,46233,46235,VAL,GLY
3668,46240,46242,GLY,PRO
3669,46254,46256,PRO,ALA
3670,46264,46266,ALA,GLY
3671,46271,46273,GLY,LYS
3672,46293,46295,LYS,ASP
3673,46305,46307,ASP,GLY
3674,46312,46314,GLY,GLU
3675,46327,46329,GLU,ALA
3676,46337,46339,ALA,GLY
3677,46344,46346,GLY,ALA
3678,46354,46356,ALA,GLN
3679,46371,46373,GLN,GLY
3680,46378,46380,GLY,ALA
3681,46388,46390,ALA,HYP
3682,46403,46405,HYP,GLY
3683,46410,46412,GLY,PRO
3684,46424,46426,PRO,ALA
3685,46434,46436,ALA,GLY
3686,46441,46443,GLY,PRO
3687,46455,46457,PRO,ALA
3688,46465,46467,ALA,GLY
3689,46472,46474,GLY,GLU
3690,46487,46489,GLU,ARG
3691,46511,46513,ARG,GLY
3692,46518,46520,GLY,GLU
3693,46533,46535,GLU,GLN
3694,46550,46552,GLN,GLY
3695,46557,46559,GLY,PRO
3696,46571,46573,PRO,ALA
3697,46581,46583,ALA,GLY
3698,46588,46590,GLY,SER
3699,46599,46601,SER,HYP
3700,46614,46616,HYP,GLY
3701,46621,46623,GLY,DO1
3702,46642,46644,DO1,GLN
3703,46659,46661,GLN,GLY
3704,46666,46668,GLY,LEU
3705,46685,46687,LEU,HYP
3706,46700,46702,HYP,GLY
3707,46707,46709,GLY,PRO
3708,46721,46723,PRO,ALA
3709,46731,46733,ALA,GLY
3710,46738,46740,GLY,PRO
3711,46752,46754,PRO,HYP
3712,46767,46769,HYP,GLY
3713,46774,46776,GLY,GLU
3714,46789,46791,GLU,ALA
3715,46799,46801,ALA,GLY
3716,46806,46808,GLY,LYS
3717,46828,46830,LYS,HYP
3718,46843,46845,HYP,GLY
3719,46850,46852,GLY,GLU
3720,46865,46867,GLU,GLN
3721,46882,46884,GLN,GLY
3722,46889,46891,GLY,VAL
3723,46905,46907,VAL,HYP
3724,46920,46922,HYP,GLY
3725,46927,46929,GLY,ASP
3726,46939,46941,ASP,LEU
3727,46958,46960,LEU,GLY
3728,46965,46967,GLY,ALA
3729,46975,46977,ALA,HYP
3730,46990,46992,HYP,GLY
3731,46997,46999,GLY,PRO
3732,47011,47013,PRO,SER
3733,47022,47024,SER,GLY
3734,47029,47031,GLY,ALA
3735,47039,47041,ALA,ARG
3736,47063,47065,ARG,GLY
3737,47070,47072,GLY,GLU
3738,47085,47087,GLU,ARG
3739,47109,47111,ARG,GLY
3740,47116,47118,GLY,DO2
3741,47137,47139,DO2,HYP
3742,47152,47154,HYP,GLY
3743,47159,47161,GLY,GLU
3744,47174,47176,GLU,ARG
3745,47198,47200,ARG,GLY
3746,47205,47207,GLY,VAL
3747,47221,47223,VAL,GLN
3748,47238,47240,GLN,GLY
3749,47245,47247,GLY,PRO
3750,47259,47261,PRO,HYP
3751,47274,47276,HYP,GLY
3752,47281,47283,GLY,PRO
3753,47295,47297,PRO,ALA
3754,47305,47307,ALA,GLY
3755,47312,47314,GLY,PRO
3756,47326,47328,PRO,ARG
3757,47350,47352,ARG,GLY
3758,47357,47359,GLY,ASN
3759,47371,47373,ASN,ASN
3760,47385,47387,ASN,GLY
3761,47392,47394,GLY,ALA
3762,47402,47404,ALA,HYP
3763,47417,47419,HYP,GLY
3764,47424,47426,GLY,ASN
3765,47438,47440,ASN,ASP
3766,47450,47452,ASP,GLY
3767,47457,47459,GLY,ALA
3768,47467,47469,ALA,LYS
3769,47489,47491,LYS,GLY
3770,47496,47498,GLY,ASP
3771,47508,47510,ASP,THR
3772,47522,47524,THR,GLY
3773,47529,47531,GLY,ALA
3774,47539,47541,ALA,HYP
3775,47554,47556,HYP,GLY
3776,47561,47563,GLY,ALA
3777,47571,47573,ALA,HYP
3778,47586,47588,HYP,GLY
3779,47593,47595,GLY,SER
3780,47604,47606,SER,GLN
3781,47621,47623,GLN,GLY
3782,47628,47630,GLY,ALA
3783,47638,47640,ALA,HYP
3784,47653,47655,HYP,GLY
3785,47660,47662,GLY,LEU
3786,47679,47681,LEU,GLN
3787,47696,47698,GLN,GLY
3788,47703,47705,GLY,MET
3789,47720,47722,MET,HYP
3790,47735,47737,HYP,GLY
3791,47742,47744,GLY,GLU
3792,47757,47759,GLU,ARG
3793,47781,47783,ARG,GLY
3794,47788,47790,GLY,ALA
3795,47798,47800,ALA,ALA
3796,47808,47810,ALA,GLY
3797,47815,47817,GLY,LEU
3798,47834,47836,LEU,HYP
3799,47849,47851,HYP,GLY
3800,47856,47858,GLY,PRO
3801,47870,47872,PRO,LYS
3802,47892,47894,LYS,GLY
3803,47899,47901,GLY,ASP
3804,47911,47913,ASP,ARG
3805,47935,47937,ARG,GLY
3806,47942,47944,GLY,ASP
3807,47954,47956,ASP,ALA
3808,47964,47966,ALA,GLY
3809,47971,47973,GLY,PRO
3810,47985,47987,PRO,LYS
3811,48007,48009,LYS,GLY
3812,48014,48016,GLY,ALA
3813,48024,48026,ALA,ASP
3814,48036,48038,ASP,GLY
3815,48043,48045,GLY,SER
3816,48054,48056,SER,HYP
3817,48069,48071,HYP,GLY
3818,48076,48078,GLY,LYS
3819,48098,48100,LYS,ASP
3820,48110,48112,ASP,GLY
3821,48117,48119,GLY,VAL
3822,48133,48135,VAL,ARG
3823,48157,48159,ARG,GLY
3824,48164,48166,GLY,LEU
3825,48183,48185,LEU,THR
3826,48197,48199,THR,GLY
3827,48204,48206,GLY,PRO
3828,48218,48220,PRO,ILE
3829,48237,48239,ILE,GLY
3830,48244,48246,GLY,PRO
3831,48258,48260,PRO,HYP
3832,48273,48275,HYP,GLY
3833,48280,48282,GLY,PRO
3834,48294,48296,PRO,ALA
3835,48304,48306,ALA,GLY
3836,48311,48313,GLY,ALA
3837,48321,48323,ALA,HYP
3838,48336,48338,HYP,GLY
3839,48343,48345,GLY,ASP
3840,48355,48357,ASP,LYS
3841,48377,48379,LYS,GLY
3842,48384,48386,GLY,GLU
3843,48399,48401,GLU,THR
3844,48413,48415,THR,GLY
3845,48420,48422,GLY,PRO
3846,48434,48436,PRO,SER
3847,48445,48447,SER,GLY
3848,48452,48454,GLY,PRO
3849,48466,48468,PRO,ALA
3850,48476,48478,ALA,GLY
3851,48483,48485,GLY,PRO
3852,48497,48499,PRO,THR
3853,48511,48513,THR,GLY
3854,48518,48520,GLY,ALA
3855,48528,48530,ALA,ARG
3856,48552,48554,ARG,GLY
3857,48559,48561,GLY,ALA
3858,48569,48571,ALA,HYP
3859,48584,48586,HYP,GLY
3860,48591,48593,GLY,ASP
3861,48603,48605,ASP,ARG
3862,48627,48629,ARG,GLY
3863,48634,48636,GLY,GLU
3864,48649,48651,GLU,HYP
3865,48664,48666,HYP,GLY
3866,48671,48673,GLY,PRO
3867,48685,48687,PRO,HYP
3868,48700,48702,HYP,GLY
3869,48707,48709,GLY,PRO
3870,48721,48723,PRO,ALA
3871,48731,48733,ALA,GLY
3872,48738,48740,GLY,DO1
3873,48786,48788,GLU,ALA
3874,48796,48798,ALA,GLY
3875,48803,48805,GLY,ASN
3876,48817,48819,ASN,ILE
3877,48836,48838,ILE,GLY
3878,48843,48845,GLY,DO1
3879,48864,48866,DO1,HYP
3880,48879,48881,HYP,GLY
3881,48886,48888,GLY,PRO
3882,48900,48902,PRO,LYS
3883,48922,48924,LYS,GLY
3884,48929,48931,GLY,PRO
3885,48943,48945,PRO,SER
3886,48954,48956,SER,GLY
3887,48961,48963,GLY,ASP
3888,48973,48975,ASP,HYP
3889,48988,48990,HYP,GLY
3890,48995,48997,GLY,LYS
3891,49017,49019,LYS,HYP
3892,49032,49034,HYP,GLY
3893,49039,49041,GLY,GLU
3894,49054,49056,GLU,LYS
3895,49076,49078,LYS,GLY
3896,49083,49085,GLY,HIS
3897,49100,49102,HIS,HYP
3898,49115,49117,HYP,GLY
3899,49122,49124,GLY,LEU
3900,49141,49143,LEU,ALA
3901,49151,49153,ALA,GLY
3902,49158,49160,GLY,ALA
3903,49168,49170,ALA,ARG
3904,49192,49194,ARG,GLY
3905,49199,49201,GLY,ALA
3906,49209,49211,ALA,HYP
3907,49224,49226,HYP,GLY
3908,49231,49233,GLY,PRO
3909,49245,49247,PRO,ASP
3910,49257,49259,ASP,GLY
3911,49264,49266,GLY,ASN
3912,49278,49280,ASN,ASN
3913,49292,49294,ASN,GLY
3914,49299,49301,GLY,ALA
3915,49309,49311,ALA,GLN
3916,49326,49328,GLN,GLY
3917,49333,49335,GLY,PRO
3918,49347,49349,PRO,HYP
3919,49362,49364,HYP,GLY
3920,49369,49371,GLY,PRO
3921,49383,49385,PRO,GLN
3922,49400,49402,GLN,GLY
3923,49407,49409,GLY,VAL
3924,49423,49425,VAL,GLN
3925,49440,49442,GLN,GLY
3926,49447,49449,GLY,GLY
3927,49454,49456,GLY,LYS
3928,49476,49478,LYS,GLY
3929,49483,49485,GLY,GLU
3930,49498,49500,GLU,GLN
3931,49515,49517,GLN,GLY
3932,49522,49524,GLY,PRO
3933,49536,49538,PRO,ALA
3934,49546,49548,ALA,GLY
3935,49553,49555,GLY,PRO
3936,49567,49569,PRO,HYP
3937,49582,49584,HYP,GLY
3938,49589,49591,GLY,DO2
3939,49610,49612,DO2,GLN
3940,49627,49629,GLN,GLY
3941,49634,49636,GLY,LEU
3942,49653,49655,LEU,HYP
3943,49668,49670,HYP,GLY
3944,49675,49677,GLY,PRO
3945,49689,49691,PRO,SER
3946,49700,49702,SER,GLY
3947,49707,49709,GLY,THR
3948,49721,49723,THR,ALA
3949,49731,49733,ALA,GLY
3950,49738,49740,GLY,GLU
3951,49753,49755,GLU,VAL
3952,49769,49771,VAL,GLY
3953,49776,49778,GLY,LYS
3954,49798,49800,LYS,HYP
3955,49813,49815,HYP,GLY
3956,49820,49822,GLY,GLU
3957,49835,49837,GLU,ARG
3958,49859,49861,ARG,GLY
3959,49866,49868,GLY,LEU
3960,49885,49887,LEU,HYP
3961,49900,49902,HYP,GLY
3962,49907,49909,GLY,GLU
3963,49922,49924,GLU,DO2
3964,49943,49945,DO2,GLY
3965,49950,49952,GLY,LEU
3966,49969,49971,LEU,HYP
3967,49984,49986,HYP,GLY
3968,49991,49993,GLY,PRO
3969,50005,50007,PRO,ALA
3970,50015,50017,ALA,GLY
3971,50022,50024,GLY,PRO
3972,50036,50038,PRO,ARG
3973,50060,50062,ARG,GLY
3974,50067,50069,GLY,GLU
3975,50082,50084,GLU,ARG
3976,50106,50108,ARG,GLY
3977,50113,50115,GLY,PRO
3978,50127,50129,PRO,HYP
3979,50142,50144,HYP,GLY
3980,50149,50151,GLY,GLU
3981,50164,50166,GLU,SER
3982,50175,50177,SER,GLY
3983,50182,50184,GLY,ALA
3984,50192,50194,ALA,ALA
3985,50202,50204,ALA,GLY
3986,50209,50211,GLY,PRO
3987,50223,50225,PRO,SER
3988,50234,50236,SER,GLY
3989,50241,50243,GLY,PRO
3990,50255,50257,PRO,ILE
3991,50274,50276,ILE,GLY
3992,50281,50283,GLY,ILE
3993,50300,50302,ILE,ARG
3994,50324,50326,ARG,GLY
3995,50331,50333,GLY,PRO
3996,50345,50347,PRO,SER
3997,50356,50358,SER,GLY
3998,50363,50365,GLY,ALA
3999,50373,50375,ALA,HYP
4000,50388,50390,HYP,GLY
4001,50395,50397,GLY,PRO
4002,50409,50411,PRO,ASP
4003,50421,50423,ASP,GLY
4004,50428,50430,GLY,ASN
4005,50442,50444,ASN,LYS
4006,50464,50466,LYS,GLY
4007,50471,50473,GLY,GLU
4008,50486,50488,GLU,ALA
4009,50496,50498,ALA,GLY
4010,50503,50505,GLY,ALA
4011,50513,50515,ALA,VAL
4012,50529,50531,VAL,GLY
4013,50536,50538,GLY,ALA
4014,50546,50548,ALA,HYP
4015,50561,50563,HYP,GLY
4016,50568,50570,GLY,SER
4017,50579,50581,SER,ALA
4018,50589,50591,ALA,GLY
4019,50596,50598,GLY,ALA
4020,50606,50608,ALA,SER
4021,50617,50619,SER,GLY
4022,50624,50626,GLY,PRO
4023,50638,50640,PRO,GLY
4024,50645,50647,GLY,GLY
4025,50652,50654,GLY,LEU
4026,50671,50673,LEU,HYP
4027,50686,50688,HYP,GLY
4028,50693,50695,GLY,GLU
4029,50708,50710,GLU,ARG
4030,50732,50734,ARG,GLY
4031,50739,50741,GLY,ALA
4032,50749,50751,ALA,ALA
4033,50759,50761,ALA,GLY
4034,50766,50768,GLY,ILE
4035,50785,50787,ILE,HYP
4036,50800,50802,HYP,GLY
4037,50807,50809,GLY,GLY
4038,50814,50816,GLY,LYS
4039,50836,50838,LYS,GLY
4040,50843,50845,GLY,GLU
4041,50858,50860,GLU,LYS
4042,50880,50882,LYS,GLY
4043,50887,50889,GLY,GLU
4044,50902,50904,GLU,THR
4045,50916,50918,THR,GLY
4046,50923,50925,GLY,LEU
4047,50942,50944,LEU,ARG
4048,50966,50968,ARG,GLY
4049,50973,50975,GLY,GLU
4050,50988,50990,GLU,ILE
4051,51007,51009,ILE,GLY
4052,51014,51016,GLY,ASN
4053,51028,51030,ASN,HYP
4054,51043,51045,HYP,GLY
4055,51050,51052,GLY,ARG
4056,51074,51076,ARG,ASP
4057,51086,51088,ASP,GLY
4058,51093,51095,GLY,ALA
4059,51103,51105,ALA,ARG
4060,51127,51129,ARG,GLY
4061,51134,51136,GLY,ALA
4062,51144,51146,ALA,HYP
4063,51159,51161,HYP,GLY
4064,51166,51168,GLY,ALA
4065,51176,51178,ALA,ILE
4066,51195,51197,ILE,GLY
4067,51202,51204,GLY,ALA
4068,51212,51214,ALA,HYP
4069,51227,51229,HYP,GLY
4070,51234,51236,GLY,PRO
4071,51248,51250,PRO,ALA
4072,51258,51260,ALA,GLY
4073,51265,51267,GLY,ALA
4074,51275,51277,ALA,SER
4075,51286,51288,SER,GLY
4076,51293,51295,GLY,ASP
4077,51305,51307,ASP,ARG
4078,51329,51331,ARG,GLY
4079,51336,51338,GLY,GLU
4080,51351,51353,GLU,ALA
4081,51361,51363,ALA,GLY
4082,51368,51370,GLY,ALA
4083,51378,51380,ALA,ALA
4084,51388,51390,ALA,GLY
4085,51395,51397,GLY,PRO
4086,51409,51411,PRO,SER
4087,51420,51422,SER,GLY
4088,51427,51429,GLY,PRO
4089,51441,51443,PRO,ALA
4090,51451,51453,ALA,GLY
4091,51458,51460,GLY,PRO
4092,51472,51474,PRO,ARG
4093,51496,51498,ARG,GLY
4094,51503,51505,GLY,SER
4095,51514,51516,SER,HYP
4096,51529,51531,HYP,GLY
4097,51536,51538,GLY,GLU
4098,51551,51553,GLU,ARG
4099,51575,51577,ARG,GLY
4100,51582,51584,GLY,GLU
4101,51597,51599,GLU,VAL
4102,51613,51615,VAL,GLY
4103,51620,51622,GLY,PRO
4104,51634,51636,PRO,ALA
4105,51644,51646,ALA,GLY
4106,51651,51653,GLY,PRO
4107,51665,51667,PRO,ASN
4108,51679,51681,ASN,GLY
4109,51686,51688,GLY,DO1
4110,51736,51738,GLN,ALA
4111,51746,51748,ALA,GLY
4112,51753,51755,GLY,VAL
4113,51769,51771,VAL,MET
4114,51786,51788,MET,GLY
4115,51793,51795,GLY,DO2
4116,51814,51816,DO2,HYP
4117,51829,51831,HYP,GLY
4118,51836,51838,GLY,PRO
4119,51850,51852,PRO,LYS
4120,51872,51874,LYS,GLY
4121,51879,51881,GLY,THR
4122,51893,51895,THR,ALA
4123,51903,51905,ALA,GLY
4124,51910,51912,GLY,GLU
4125,51925,51927,GLU,HYP
4126,51940,51942,HYP,GLY
4127,51947,51949,GLY,LYS
4128,51969,51971,LYS,ALA
4129,51979,51981,ALA,GLY
4130,51986,51988,GLY,GLU
4131,52001,52003,GLU,ARG
4132,52025,52027,ARG,GLY
4133,52032,52034,GLY,VAL
4134,52048,52050,VAL,HYP
4135,52063,52065,HYP,GLY
4136,52070,52072,GLY,PRO
4137,52084,52086,PRO,HYP
4138,52099,52101,HYP,GLY
4139,52106,52108,GLY,ALA
4140,52116,52118,ALA,VAL
4141,52132,52134,VAL,GLY
4142,52139,52141,GLY,PRO
4143,52153,52155,PRO,ALA
4144,52163,52165,ALA,GLY
4145,52170,52172,GLY,LYS
4146,52192,52194,LYS,ASP
4147,52204,52206,ASP,GLY
4148,52211,52213,GLY,GLU
4149,52226,52228,GLU,ALA
4150,52236,52238,ALA,GLY
4151,52243,52245,GLY,ALA
4152,52253,52255,ALA,GLN
4153,52270,52272,GLN,GLY
4154,52277,52279,GLY,ALA
4155,52287,52289,ALA,HYP
4156,52302,52304,HYP,GLY
4157,52309,52311,GLY,PRO
4158,52323,52325,PRO,ALA
4159,52333,52335,ALA,GLY
4160,52340,52342,GLY,PRO
4161,52354,52356,PRO,ALA
4162,52364,52366,ALA,GLY
4163,52371,52373,GLY,GLU
4164,52386,52388,GLU,ARG
4165,52410,52412,ARG,GLY
4166,52417,52419,GLY,GLU
4167,52432,52434,GLU,GLN
4168,52449,52451,GLN,GLY
4169,52456,52458,GLY,PRO
4170,52470,52472,PRO,ALA
4171,52480,52482,ALA,GLY
4172,52487,52489,GLY,SER
4173,52498,52500,SER,HYP
4174,52513,52515,HYP,GLY
4175,52520,52522,GLY,DO1
4176,52541,52543,DO1,GLN
4177,52558,52560,GLN,GLY
4178,52565,52567,GLY,LEU
4179,52584,52586,LEU,HYP
4180,52599,52601,HYP,GLY
4181,52606,52608,GLY,PRO
4182,52620,52622,PRO,ALA
4183,52630,52632,ALA,GLY
4184,52637,52639,GLY,PRO
4185,52651,52653,PRO,HYP
4186,52666,52668,HYP,GLY
4187,52673,52675,GLY,GLU
4188,52688,52690,GLU,ALA
4189,52698,52700,ALA,GLY
4190,52705,52707,GLY,LYS
4191,52727,52729,LYS,HYP
4192,52742,52744,HYP,GLY
4193,52749,52751,GLY,GLU
4194,52764,52766,GLU,GLN
4195,52781,52783,GLN,GLY
4196,52788,52790,GLY,VAL
4197,52804,52806,VAL,HYP
4198,52819,52821,HYP,GLY
4199,52826,52828,GLY,ASP
4200,52838,52840,ASP,LEU
4201,52857,52859,LEU,GLY
4202,52864,52866,GLY,ALA
4203,52874,52876,ALA,HYP
4204,52889,52891,HYP,GLY
4205,52896,52898,GLY,PRO
4206,52910,52912,PRO,SER
4207,52921,52923,SER,GLY
4208,52928,52930,GLY,ALA
4209,52938,52940,ALA,ARG
4210,52962,52964,ARG,GLY
4211,52969,52971,GLY,GLU
4212,52984,52986,GLU,ARG
4213,53008,53010,ARG,GLY
4214,53015,53017,GLY,DO1
4215,53036,53038,DO1,HYP
4216,53051,53053,HYP,GLY
4217,53058,53060,GLY,GLU
4218,53073,53075,GLU,ARG
4219,53097,53099,ARG,GLY
4220,53104,53106,GLY,VAL
4221,53120,53122,VAL,GLN
4222,53137,53139,GLN,GLY
4223,53144,53146,GLY,PRO
4224,53158,53160,PRO,HYP
4225,53173,53175,HYP,GLY
4226,53180,53182,GLY,PRO
4227,53194,53196,PRO,ALA
4228,53204,53206,ALA,GLY
4229,53211,53213,GLY,PRO
4230,53225,53227,PRO,ARG
4231,53249,53251,ARG,GLY
4232,53256,53258,GLY,ASN
4233,53270,53272,ASN,ASN
4234,53284,53286,ASN,GLY
4235,53291,53293,GLY,ALA
4236,53301,53303,ALA,HYP
4237,53316,53318,HYP,GLY
4238,53323,53325,GLY,ASN
4239,53337,53339,ASN,ASP
4240,53349,53351,ASP,GLY
4241,53356,53358,GLY,ALA
4242,53366,53368,ALA,LYS
4243,53388,53390,LYS,GLY
4244,53395,53397,GLY,ASP
4245,53407,53409,ASP,THR
4246,53421,53423,THR,GLY
4247,53428,53430,GLY,ALA
4248,53438,53440,ALA,HYP
4249,53453,53455,HYP,GLY
4250,53460,53462,GLY,ALA
4251,53470,53472,ALA,HYP
4252,53485,53487,HYP,GLY
4253,53492,53494,GLY,SER
4254,53503,53505,SER,GLN
4255,53520,53522,GLN,GLY
4256,53527,53529,GLY,ALA
4257,53537,53539,ALA,HYP
4258,53552,53554,HYP,GLY
4259,53559,53561,GLY,LEU
4260,53578,53580,LEU,GLN
4261,53595,53597,GLN,GLY
4262,53602,53604,GLY,MET
4263,53619,53621,MET,HYP
4264,53634,53636,HYP,GLY
4265,53641,53643,GLY,GLU
4266,53656,53658,GLU,ARG
4267,53680,53682,ARG,GLY
4268,53687,53689,GLY,ALA
4269,53697,53699,ALA,ALA
4270,53707,53709,ALA,GLY
4271,53714,53716,GLY,LEU
4272,53733,53735,LEU,HYP
4273,53748,53750,HYP,GLY
4274,53755,53757,GLY,PRO
4275,53769,53771,PRO,LYS
4276,53791,53793,LYS,GLY
4277,53798,53800,GLY,ASP
4278,53810,53812,ASP,ARG
4279,53834,53836,ARG,GLY
4280,53841,53843,GLY,ASP
4281,53853,53855,ASP,ALA
4282,53863,53865,ALA,GLY
4283,53870,53872,GLY,PRO
4284,53884,53886,PRO,LYS
4285,53906,53908,LYS,GLY
4286,53913,53915,GLY,ALA
4287,53923,53925,ALA,ASP
4288,53935,53937,ASP,GLY
4289,53942,53944,GLY,SER
4290,53953,53955,SER,HYP
4291,53968,53970,HYP,GLY
4292,53975,53977,GLY,LYS
4293,53997,53999,LYS,ASP
4294,54009,54011,ASP,GLY
4295,54016,54018,GLY,VAL
4296,54032,54034,VAL,ARG
4297,54056,54058,ARG,GLY
4298,54063,54065,GLY,LEU
4299,54082,54084,LEU,THR
4300,54096,54098,THR,GLY
4301,54103,54105,GLY,PRO
4302,54117,54119,PRO,ILE
4303,54136,54138,ILE,GLY
4304,54143,54145,GLY,PRO
4305,54157,54159,PRO,HYP
4306,54172,54174,HYP,GLY
4307,54179,54181,GLY,PRO
4308,54193,54195,PRO,ALA
4309,54203,54205,ALA,GLY
4310,54210,54212,GLY,ALA
4311,54220,54222,ALA,HYP
4312,54235,54237,HYP,GLY
4313,54242,54244,GLY,ASP
4314,54254,54256,ASP,LYS
4315,54276,54278,LYS,GLY
4316,54283,54285,GLY,GLU
4317,54298,54300,GLU,THR
4318,54312,54314,THR,GLY
4319,54319,54321,GLY,PRO
4320,54333,54335,PRO,SER
4321,54344,54346,SER,GLY
4322,54351,54353,GLY,PRO
4323,54365,54367,PRO,ALA
4324,54375,54377,ALA,GLY
4325,54382,54384,GLY,PRO
4326,54396,54398,PRO,THR
4327,54410,54412,THR,GLY
4328,54417,54419,GLY,ALA
4329,54427,54429,ALA,ARG
4330,54451,54453,ARG,GLY
4331,54458,54460,GLY,ALA
4332,54468,54470,ALA,HYP
4333,54483,54485,HYP,GLY
4334,54490,54492,GLY,ASP
4335,54502,54504,ASP,ARG
4336,54526,54528,ARG,GLY
4337,54533,54535,GLY,GLU
4338,54548,54550,GLU,HYP
4339,54563,54565,HYP,GLY
4340,54570,54572,GLY,PRO
4341,54584,54586,PRO,HYP
4342,54599,54601,HYP,GLY
4343,54606,54608,GLY,PRO
4344,54620,54622,PRO,ALA
4345,54655,54657,GLN,MET
4346,54672,54674,MET,SER
4347,54683,54685,SER,DO2
4348,54704,54706,DO2,GLY
4349,54711,54713,GLY,DO1
4350,54732,54734,DO1,ASP
4351,54744,54746,ASP,GLU
4352,54759,54761,GLU,LYS
4353,54781,54783,LYS,SER
4354,54792,54794,SER,ALA
4355,54802,54804,ALA,GLY
4356,54809,54811,GLY,VAL
4357,54825,54827,VAL,SER
4358,54836,54838,SER,VAL
4359,54852,54854,VAL,PRO
4360,54866,54868,PRO,GLY
4361,54873,54875,GLY,PRO
4362,54887,54889,PRO,MET
4363,54904,54906,MET,GLY
4364,54911,54913,GLY,PRO
4365,54925,54927,PRO,SER
4366,54936,54938,SER,GLY
4367,54943,54945,GLY,PRO
4368,54957,54959,PRO,ARG
4369,54981,54983,ARG,GLY
4370,54988,54990,GLY,LEU
4371,55007,55009,LEU,HYP
4372,55022,55024,HYP,GLY
4373,55029,55031,GLY,PRO
4374,55043,55045,PRO,HYP
4375,55058,55060,HYP,GLY
4376,55065,55067,GLY,ALA
4377,55075,55077,ALA,HYP
4378,55090,55092,HYP,GLY
4379,55097,55099,GLY,PRO
4380,55111,55113,PRO,GLN
4381,55128,55130,GLN,GLY
4382,55135,55137,GLY,DO1
4383,55156,55158,DO1,GLN
4384,55173,55175,GLN,GLY
4385,55180,55182,GLY,PRO
4386,55194,55196,PRO,HYP
4387,55209,55211,HYP,GLY
4388,55216,55218,GLY,GLU
4389,55231,55233,GLU,HYP
4390,55246,55248,HYP,GLY
4391,55253,55255,GLY,GLU
4392,55268,55270,GLU,HYP
4393,55283,55285,HYP,GLY
4394,55290,55292,GLY,ALA
4395,55300,55302,ALA,SER
4396,55311,55313,SER,GLY
4397,55318,55320,GLY,PRO
4398,55332,55334,PRO,MET
4399,55349,55351,MET,GLY
4400,55356,55358,GLY,PRO
4401,55370,55372,PRO,ARG
4402,55394,55396,ARG,GLY
4403,55401,55403,GLY,PRO
4404,55415,55417,PRO,PRO
4405,55429,55431,PRO,GLY
4406,55436,55438,GLY,PRO
4407,55450,55452,PRO,HYP
4408,55465,55467,HYP,GLY
4409,55472,55474,GLY,LYS
4410,55494,55496,LYS,ASN
4411,55508,55510,ASN,GLY
4412,55515,55517,GLY,ASP
4413,55527,55529,ASP,ASP
4414,55539,55541,ASP,GLY
4415,55546,55548,GLY,GLU
4416,55561,55563,GLU,ALA
4417,55571,55573,ALA,GLY
4418,55578,55580,GLY,LYS
4419,55600,55602,LYS,PRO
4420,55614,55616,PRO,GLY
4421,55621,55623,GLY,ARG
4422,55645,55647,ARG,HYP
4423,55660,55662,HYP,GLY
4424,55667,55669,GLY,GLU
4425,55682,55684,GLU,ARG
4426,55706,55708,ARG,GLY
4427,55713,55715,GLY,PRO
4428,55727,55729,PRO,HYP
4429,55742,55744,HYP,GLY
4430,55749,55751,GLY,PRO
4431,55763,55765,PRO,GLN
4432,55780,55782,GLN,GLY
4433,55787,55789,GLY,ALA
4434,55797,55799,ALA,ARG
4435,55821,55823,ARG,GLY
4436,55828,55830,GLY,LEU
4437,55847,55849,LEU,HYP
4438,55862,55864,HYP,GLY
4439,55869,55871,GLY,THR
4440,55883,55885,THR,ALA
4441,55893,55895,ALA,GLY
4442,55900,55902,GLY,LEU
4443,55919,55921,LEU,HYP
4444,55934,55936,HYP,GLY
4445,55941,55943,GLY,MET
4446,55958,55960,MET,LYS
4447,55980,55982,LYS,GLY
4448,55987,55989,GLY,HIS
4449,56004,56006,HIS,ARG
4450,56028,56030,ARG,GLY
4451,56035,56037,GLY,DO1
4452,56056,56058,DO1,SER
4453,56067,56069,SER,GLY
4454,56074,56076,GLY,LEU
4455,56093,56095,LEU,ASP
4456,56105,56107,ASP,GLY
4457,56112,56114,GLY,ALA
4458,56122,56124,ALA,LYS
4459,56144,56146,LYS,GLY
4460,56151,56153,GLY,ASP
4461,56163,56165,ASP,THR
4462,56177,56179,THR,GLY
4463,56184,56186,GLY,PRO
4464,56198,56200,PRO,ALA
4465,56208,56210,ALA,GLY
4466,56215,56217,GLY,PRO
4467,56229,56231,PRO,LYS
4468,56251,56253,LYS,GLY
4469,56258,56260,GLY,GLU
4470,56273,56275,GLU,HYP
4471,56288,56290,HYP,GLY
4472,56295,56297,GLY,SER
4473,56306,56308,SER,HYP
4474,56321,56323,HYP,GLY
4475,56328,56330,GLY,GLU
4476,56343,56345,GLU,ASN
4477,56357,56359,ASN,GLY
4478,56364,56366,GLY,ALA
4479,56374,56376,ALA,HYP
4480,56389,56391,HYP,GLY
4481,56396,56398,GLY,GLN
4482,56413,56415,GLN,MET
4483,56430,56432,MET,GLY
4484,56437,56439,GLY,PRO
4485,56451,56453,PRO,ARG
4486,56475,56477,ARG,GLY
4487,56482,56484,GLY,LEU
4488,56501,56503,LEU,HYP
4489,56516,56518,HYP,GLY
4490,56523,56525,GLY,GLU
4491,56538,56540,GLU,ARG
4492,56562,56564,ARG,GLY
4493,56569,56571,GLY,ARG
4494,56593,56595,ARG,HYP
4495,56608,56610,HYP,GLY
4496,56615,56617,GLY,PRO
4497,56629,56631,PRO,PRO
4498,56643,56645,PRO,GLY
4499,56650,56652,GLY,SER
4500,56661,56663,SER,ALA
4501,56671,56673,ALA,GLY
4502,56678,56680,GLY,ALA
4503,56688,56690,ALA,ARG
4504,56712,56714,ARG,GLY
4505,56719,56721,GLY,ASN
4506,56733,56735,ASN,ASP
4507,56745,56747,ASP,GLY
4508,56752,56754,GLY,ALA
4509,56762,56764,ALA,VAL
4510,56778,56780,VAL,GLY
4511,56785,56787,GLY,ALA
4512,56795,56797,ALA,ALA
4513,56805,56807,ALA,GLY
4514,56812,56814,GLY,PRO
4515,56826,56828,PRO,HYP
4516,56841,56843,HYP,GLY
4517,56848,56850,GLY,PRO
4518,56862,56864,PRO,THR
4519,56876,56878,THR,GLY
4520,56883,56885,GLY,PRO
4521,56897,56899,PRO,THR
4522,56911,56913,THR,GLY
4523,56918,56920,GLY,PRO
4524,56932,56934,PRO,HYP
4525,56947,56949,HYP,GLY
4526,56954,56956,GLY,DO2
4527,57000,57002,GLN,DO2
4528,57021,57023,DO2,SER
4529,57032,57034,SER,ASP
4530,57044,57046,ASP,LY2
4531,57053,57055,LY2,GLY
4532,57060,57062,GLY,VAL
4533,57076,57078,VAL,SER
4534,57087,57089,SER,ALA
4535,57097,57099,ALA,GLY
4536,57104,57106,GLY,PRO
4537,57118,57120,PRO,GLY
4538,57125,57127,GLY,PRO
4539,57139,57141,PRO,MET
4540,57156,57158,MET,GLY
4541,57163,57165,GLY,LEU
4542,57182,57184,LEU,MET
4543,57199,57201,MET,GLY
4544,57206,57208,GLY,PRO
4545,57220,57222,PRO,ARG
4546,57244,57246,ARG,GLY
4547,57251,57253,GLY,PRO
4548,57265,57267,PRO,HYP
4549,57280,57282,HYP,GLY
4550,57287,57289,GLY,ALA
4551,57297,57299,ALA,VAL
4552,57313,57315,VAL,GLY
4553,57320,57322,GLY,ALA
4554,57330,57332,ALA,HYP
4555,57345,57347,HYP,GLY
4556,57352,57354,GLY,PRO
4557,57366,57368,PRO,GLN
4558,57383,57385,GLN,GLY
4559,57390,57392,GLY,DO1
4560,57411,57413,DO1,GLN
4561,57428,57430,GLN,GLY
4562,57435,57437,GLY,PRO
4563,57449,57451,PRO,ALA
4564,57459,57461,ALA,GLY
4565,57466,57468,GLY,GLU
4566,57481,57483,GLU,HYP
4567,57496,57498,HYP,GLY
4568,57503,57505,GLY,GLU
4569,57518,57520,GLU,HYP
4570,57533,57535,HYP,GLY
4571,57540,57542,GLY,GLN
4572,57557,57559,GLN,THR
4573,57571,57573,THR,GLY
4574,57578,57580,GLY,PRO
4575,57592,57594,PRO,ALA
4576,57602,57604,ALA,GLY
4577,57609,57611,GLY,SER
4578,57620,57622,SER,ARG
4579,57644,57646,ARG,GLY
4580,57651,57653,GLY,PRO
4581,57665,57667,PRO,ALA
4582,57675,57677,ALA,GLY
4583,57682,57684,GLY,PRO
4584,57696,57698,PRO,HYP
4585,57711,57713,HYP,GLY
4586,57718,57720,GLY,LYS
4587,57740,57742,LYS,ALA
4588,57750,57752,ALA,GLY
4589,57757,57759,GLY,GLU
4590,57772,57774,GLU,ASP
4591,57784,57786,ASP,GLY
4592,57791,57793,GLY,HIS
4593,57808,57810,HIS,HYP
4594,57823,57825,HYP,GLY
4595,57830,57832,GLY,LYS
4596,57852,57854,LYS,PRO
4597,57866,57868,PRO,GLY
4598,57873,57875,GLY,ARG
4599,57897,57899,ARG,HYP
4600,57912,57914,HYP,GLY
4601,57919,57921,GLY,GLU
4602,57934,57936,GLU,ARG
4603,57958,57960,ARG,GLY
4604,57965,57967,GLY,VAL
4605,57981,57983,VAL,VAL
4606,57997,57999,VAL,GLY
4607,58004,58006,GLY,PRO
4608,58018,58020,PRO,GLN
4609,58035,58037,GLN,GLY
4610,58042,58044,GLY,ALA
4611,58052,58054,ALA,ARG
4612,58076,58078,ARG,GLY
4613,58083,58085,GLY,DO2
4614,58104,58106,DO2,HYP
4615,58119,58121,HYP,GLY
4616,58126,58128,GLY,THR
4617,58140,58142,THR,HYP
4618,58155,58157,HYP,GLY
4619,58162,58164,GLY,LEU
4620,58181,58183,LEU,HYP
4621,58196,58198,HYP,GLY
4622,58203,58205,GLY,DO2
4623,58224,58226,DO2,LYX
4624,58244,58255,LYX,GLY
4625,58260,58262,GLY,ILE
4626,58279,58281,ILE,ARG
4627,58303,58305,ARG,GLY
4628,58310,58312,GLY,HIS
4629,58327,58329,HIS,ASN
4630,58341,58343,ASN,GLY
4631,58348,58350,GLY,LEU
4632,58367,58369,LEU,ASP
4633,58379,58381,ASP,GLY
4634,58386,58388,GLY,LEU
4635,58405,58407,LEU,LYS
4636,58427,58429,LYS,GLY
4637,58434,58436,GLY,GLN
4638,58451,58453,GLN,HYP
4639,58466,58468,HYP,GLY
4640,58473,58475,GLY,ALA
4641,58483,58485,ALA,GLN
4642,58500,58502,GLN,GLY
4643,58507,58509,GLY,VAL
4644,58523,58525,VAL,LYS
4645,58545,58547,LYS,GLY
4646,58552,58554,GLY,GLU
4647,58567,58569,GLU,HYP
4648,58582,58584,HYP,GLY
4649,58589,58591,GLY,ALA
4650,58599,58601,ALA,HYP
4651,58614,58616,HYP,GLY
4652,58621,58623,GLY,GLU
4653,58636,58638,GLU,ASN
4654,58650,58652,ASN,GLY
4655,58657,58659,GLY,THR
4656,58671,58673,THR,HYP
4657,58686,58688,HYP,GLY
4658,58693,58695,GLY,GLN
4659,58710,58712,GLN,ALA
4660,58720,58722,ALA,GLY
4661,58727,58729,GLY,ALA
4662,58737,58739,ALA,ARG
4663,58761,58763,ARG,GLY
4664,58768,58770,GLY,LEU
4665,58787,58789,LEU,HYP
4666,58802,58804,HYP,GLY
4667,58809,58811,GLY,GLU
4668,58824,58826,GLU,ARG
4669,58848,58850,ARG,GLY
4670,58855,58857,GLY,ARG
4671,58879,58881,ARG,VAL
4672,58895,58897,VAL,GLY
4673,58902,58904,GLY,ALA
4674,58912,58914,ALA,HYP
4675,58927,58929,HYP,GLY
4676,58934,58936,GLY,PRO
4677,58948,58950,PRO,ALA
4678,58958,58960,ALA,GLY
4679,58965,58967,GLY,ALA
4680,58975,58977,ALA,ARG
4681,58999,59001,ARG,GLY
4682,59006,59008,GLY,SER
4683,59017,59019,SER,ASP
4684,59029,59031,ASP,GLY
4685,59036,59038,GLY,SER
4686,59047,59049,SER,VAL
4687,59063,59065,VAL,GLY
4688,59070,59072,GLY,PRO
4689,59084,59086,PRO,VAL
4690,59100,59102,VAL,GLY
4691,59107,59109,GLY,PRO
4692,59121,59123,PRO,ALA
4693,59131,59133,ALA,GLY
4694,59138,59140,GLY,PRO
4695,59152,59154,PRO,ILE
4696,59171,59173,ILE,GLY
4697,59178,59180,GLY,SER
4698,59189,59191,SER,ALA
4699,59199,59201,ALA,GLY
4700,59206,59208,GLY,PRO
4701,59220,59222,PRO,HYP
4702,59260,59262,GLN,MET
4703,59277,59279,MET,SER
4704,59288,59290,SER,DO2
4705,59309,59311,DO2,GLY
4706,59316,59318,GLY,DO1
4707,59337,59339,DO1,ASP
4708,59349,59351,ASP,GLU
4709,59364,59366,GLU,LY3
4710,59376,59378,LY3,SER
4711,59387,59389,SER,ALA
4712,59397,59399,ALA,GLY
4713,59404,59406,GLY,VAL
4714,59420,59422,VAL,SER
4715,59431,59433,SER,VAL
4716,59447,59449,VAL,PRO
4717,59461,59463,PRO,GLY
4718,59468,59470,GLY,PRO
4719,59482,59484,PRO,MET
4720,59499,59501,MET,GLY
4721,59506,59508,GLY,PRO
4722,59520,59522,PRO,SER
4723,59531,59533,SER,GLY
4724,59538,59540,GLY,PRO
4725,59552,59554,PRO,ARG
4726,59576,59578,ARG,GLY
4727,59583,59585,GLY,LEU
4728,59602,59604,LEU,HYP
4729,59617,59619,HYP,GLY
4730,59624,59626,GLY,PRO
4731,59638,59640,PRO,HYP
4732,59653,59655,HYP,GLY
4733,59660,59662,GLY,ALA
4734,59670,59672,ALA,HYP
4735,59685,59687,HYP,GLY
4736,59692,59694,GLY,PRO
4737,59706,59708,PRO,GLN
4738,59723,59725,GLN,GLY
4739,59730,59732,GLY,DO1
4740,59751,59753,DO1,GLN
4741,59768,59770,GLN,GLY
4742,59775,59777,GLY,PRO
4743,59789,59791,PRO,HYP
4744,59804,59806,HYP,GLY
4745,59811,59813,GLY,GLU
4746,59826,59828,GLU,HYP
4747,59841,59843,HYP,GLY
4748,59848,59850,GLY,GLU
4749,59863,59865,GLU,HYP
4750,59878,59880,HYP,GLY
4751,59885,59887,GLY,ALA
4752,59895,59897,ALA,SER
4753,59906,59908,SER,GLY
4754,59913,59915,GLY,PRO
4755,59927,59929,PRO,MET
4756,59944,59946,MET,GLY
4757,59951,59953,GLY,PRO
4758,59965,59967,PRO,ARG
4759,59989,59991,ARG,GLY
4760,59996,59998,GLY,PRO
4761,60010,60012,PRO,PRO
4762,60024,60026,PRO,GLY
4763,60031,60033,GLY,PRO
4764,60045,60047,PRO,HYP
4765,60060,60062,HYP,GLY
4766,60067,60069,GLY,LYS
4767,60089,60091,LYS,ASN
4768,60103,60105,ASN,GLY
4769,60110,60112,GLY,ASP
4770,60122,60124,ASP,ASP
4771,60134,60136,ASP,GLY
4772,60141,60143,GLY,GLU
4773,60156,60158,GLU,ALA
4774,60166,60168,ALA,GLY
4775,60173,60175,GLY,LYS
4776,60195,60197,LYS,PRO
4777,60209,60211,PRO,GLY
4778,60216,60218,GLY,ARG
4779,60240,60242,ARG,HYP
4780,60255,60257,HYP,GLY
4781,60262,60264,GLY,GLU
4782,60277,60279,GLU,ARG
4783,60301,60303,ARG,GLY
4784,60308,60310,GLY,PRO
4785,60322,60324,PRO,HYP
4786,60337,60339,HYP,GLY
4787,60344,60346,GLY,PRO
4788,60358,60360,PRO,GLN
4789,60375,60377,GLN,GLY
4790,60382,60384,GLY,ALA
4791,60392,60394,ALA,ARG
4792,60416,60418,ARG,GLY
4793,60423,60425,GLY,LEU
4794,60442,60444,LEU,HYP
4795,60457,60459,HYP,GLY
4796,60464,60466,GLY,THR
4797,60478,60480,THR,ALA
4798,60488,60490,ALA,GLY
4799,60495,60497,GLY,LEU
4800,60514,60516,LEU,HYP
4801,60529,60531,HYP,GLY
4802,60536,60538,GLY,MET
4803,60553,60555,MET,LYS
4804,60575,60577,LYS,GLY
4805,60582,60584,GLY,HIS
4806,60599,60601,HIS,ARG
4807,60623,60625,ARG,GLY
4808,60630,60632,GLY,DO2
4809,60651,60653,DO2,SER
4810,60662,60664,SER,GLY
4811,60669,60671,GLY,LEU
4812,60688,60690,LEU,ASP
4813,60700,60702,ASP,GLY
4814,60707,60709,GLY,ALA
4815,60717,60719,ALA,LYS
4816,60739,60741,LYS,GLY
4817,60746,60748,GLY,ASP
4818,60758,60760,ASP,THR
4819,60772,60774,THR,GLY
4820,60779,60781,GLY,PRO
4821,60793,60795,PRO,ALA
4822,60803,60805,ALA,GLY
4823,60810,60812,GLY,PRO
4824,60824,60826,PRO,LYS
4825,60846,60848,LYS,GLY
4826,60853,60855,GLY,GLU
4827,60868,60870,GLU,HYP
4828,60883,60885,HYP,GLY
4829,60890,60892,GLY,SER
4830,60901,60903,SER,HYP
4831,60916,60918,HYP,GLY
4832,60923,60925,GLY,GLU
4833,60938,60940,GLU,ASN
4834,60952,60954,ASN,GLY
4835,60959,60961,GLY,ALA
4836,60969,60971,ALA,HYP
4837,60984,60986,HYP,GLY
4838,60991,60993,GLY,GLN
4839,61008,61010,GLN,MET
4840,61025,61027,MET,GLY
4841,61032,61034,GLY,PRO
4842,61046,61048,PRO,ARG
4843,61070,61072,ARG,GLY
4844,61077,61079,GLY,LEU
4845,61096,61098,LEU,HYP
4846,61111,61113,HYP,GLY
4847,61118,61120,GLY,GLU
4848,61133,61135,GLU,ARG
4849,61157,61159,ARG,GLY
4850,61164,61166,GLY,ARG
4851,61188,61190,ARG,HYP
4852,61203,61205,HYP,GLY
4853,61210,61212,GLY,PRO
4854,61224,61226,PRO,PRO
4855,61238,61240,PRO,GLY
4856,61245,61247,GLY,SER
4857,61256,61258,SER,ALA
4858,61266,61268,ALA,GLY
4859,61273,61275,GLY,ALA
4860,61283,61285,ALA,ARG
4861,61307,61309,ARG,GLY
4862,61314,61316,GLY,ASN
4863,61328,61330,ASN,ASP
4864,61340,61342,ASP,GLY
4865,61347,61349,GLY,ALA
4866,61357,61359,ALA,VAL
4867,61373,61375,VAL,GLY
4868,61380,61382,GLY,ALA
4869,61390,61392,ALA,ALA
4870,61400,61402,ALA,GLY
4871,61407,61409,GLY,PRO
4872,61421,61423,PRO,HYP
4873,61436,61438,HYP,GLY
4874,61443,61445,GLY,PRO
4875,61457,61459,PRO,THR
4876,61471,61473,THR,GLY
4877,61478,61480,GLY,PRO
4878,61492,61494,PRO,THR
4879,61506,61508,THR,GLY
4880,61513,61515,GLY,PRO
4881,61527,61529,PRO,HYP
4882,61575,61577,DO2,HYP
4883,61590,61592,HYP,GLY
4884,61597,61599,GLY,ALA
4885,61607,61609,ALA,ALA
4886,61617,61619,ALA,GLY
4887,61624,61626,GLY,ALA
4888,61634,61636,ALA,LYS
4889,61656,61658,LYS,GLY
4890,61663,61665,GLY,GLU
4891,61678,61680,GLU,ALA
4892,61688,61690,ALA,GLY
4893,61695,61697,GLY,PRO
4894,61709,61711,PRO,GLN
4895,61726,61728,GLN,GLY
4896,61733,61735,GLY,ALA
4897,61743,61745,ALA,ARG
4898,61767,61769,ARG,GLY
4899,61774,61776,GLY,SER
4900,61785,61787,SER,GLU
4901,61800,61802,GLU,GLY
4902,61807,61809,GLY,PRO
4903,61821,61823,PRO,GLN
4904,61838,61840,GLN,GLY
4905,61845,61847,GLY,VAL
4906,61861,61863,VAL,ARG
4907,61885,61887,ARG,GLY
4908,61892,61894,GLY,GLU
4909,61907,61909,GLU,HYP
4910,61922,61924,HYP,GLY
4911,61929,61931,GLY,PRO
4912,61943,61945,PRO,HYP
4913,61958,61960,HYP,GLY
4914,61965,61967,GLY,PRO
4915,61979,61981,PRO,ALA
4916,61989,61991,ALA,GLY
4917,61996,61998,GLY,ALA
4918,62006,62008,ALA,ALA
4919,62016,62018,ALA,GLY
4920,62023,62025,GLY,PRO
4921,62037,62039,PRO,ALA
4922,62047,62049,ALA,GLY
4923,62054,62056,GLY,ASN
4924,62068,62070,ASN,HYP
4925,62083,62085,HYP,GLY
4926,62090,62092,GLY,ALA
4927,62100,62102,ALA,ASP
4928,62112,62114,ASP,GLY
4929,62119,62121,GLY,GLN
4930,62136,62138,GLN,HYP
4931,62151,62153,HYP,GLY
4932,62158,62160,GLY,ALA
4933,62168,62170,ALA,LYS
4934,62190,62192,LYS,GLY
4935,62197,62199,GLY,ALA
4936,62207,62209,ALA,ASN
4937,62221,62223,ASN,GLY
4938,62228,62230,GLY,ALA
4939,62238,62240,ALA,HYP
4940,62253,62255,HYP,GLY
4941,62260,62262,GLY,ILE
4942,62279,62281,ILE,ALA
4943,62289,62291,ALA,GLY
4944,62296,62298,GLY,ALA
4945,62306,62308,ALA,HYP
4946,62321,62323,HYP,GLY
4947,62328,62330,GLY,DO1
4948,62349,62351,DO1,HYP
4949,62364,62366,HYP,GLY
4950,62371,62373,GLY,ALA
4951,62381,62383,ALA,ARG
4952,62405,62407,ARG,GLY
4953,62412,62414,GLY,PRO
4954,62426,62428,PRO,SER
4955,62437,62439,SER,GLY
4956,62444,62446,GLY,PRO
4957,62458,62460,PRO,GLN
4958,62475,62477,GLN,GLY
4959,62482,62484,GLY,PRO
4960,62496,62498,PRO,SER
4961,62507,62509,SER,GLY
4962,62514,62516,GLY,ALA
4963,62524,62526,ALA,HYP
4964,62539,62541,HYP,GLY
4965,62546,62548,GLY,PRO
4966,62560,62562,PRO,LYS
4967,62582,62584,LYS,GLY
4968,62589,62591,GLY,ASN
4969,62603,62605,ASN,SER
4970,62614,62616,SER,GLY
4971,62621,62623,GLY,GLU
4972,62636,62638,GLU,HYP
4973,62651,62653,HYP,GLY
4974,62658,62660,GLY,ALA
4975,62668,62670,ALA,HYP
4976,62683,62685,HYP,GLY
4977,62690,62692,GLY,ASN
4978,62704,62706,ASN,LYS
4979,62726,62728,LYS,GLY
4980,62733,62735,GLY,ASP
4981,62745,62747,ASP,THR
4982,62759,62761,THR,GLY
4983,62766,62768,GLY,ALA
4984,62776,62778,ALA,LYS
4985,62798,62800,LYS,GLY
4986,62805,62807,GLY,GLU
4987,62820,62822,GLU,HYP
4988,62835,62837,HYP,GLY
4989,62842,62844,GLY,PRO
4990,62856,62858,PRO,ALA
4991,62866,62868,ALA,GLY
4992,62873,62875,GLY,VAL
4993,62889,62891,VAL,GLN
4994,62906,62908,GLN,GLY
4995,62913,62915,GLY,PRO
4996,62927,62929,PRO,HYP
4997,62942,62944,HYP,GLY
4998,62949,62951,GLY,PRO
4999,62963,62965,PRO,ALA
5000,62973,62975,ALA,GLY
5001,62980,62982,GLY,GLU
5002,62995,62997,GLU,GLU
5003,63010,63012,GLU,GLY
5004,63017,63019,GLY,LYS
5005,63039,63041,LYS,ARG
5006,63063,63065,ARG,GLY
5007,63070,63072,GLY,ALA
5008,63080,63082,ALA,ARG
5009,63104,63106,ARG,GLY
5010,63111,63113,GLY,GLU
5011,63126,63128,GLU,HYP
5012,63141,63143,HYP,GLY
5013,63148,63150,GLY,PRO
5014,63162,63164,PRO,SER
5015,63173,63175,SER,GLY
5016,63180,63182,GLY,LEU
5017,63199,63201,LEU,HYP
5018,63214,63216,HYP,GLY
5019,63221,63223,GLY,PRO
5020,63235,63237,PRO,PRO
5021,63249,63251,PRO,GLY
5022,63256,63258,GLY,GLU
5023,63271,63273,GLU,ARG
5024,63295,63297,ARG,GLY
5025,63302,63304,GLY,GLY
5026,63309,63311,GLY,HYP
5027,63324,63326,HYP,GLY
5028,63331,63333,GLY,SER
5029,63342,63344,SER,ARG
5030,63366,63368,ARG,GLY
5031,63373,63375,GLY,DO2
5032,63394,63396,DO2,HYP
5033,63409,63411,HYP,GLY
5034,63416,63418,GLY,ALA
5035,63426,63428,ALA,ASP
5036,63438,63440,ASP,GLY
5037,63445,63447,GLY,VAL
5038,63461,63463,VAL,ALA
5039,63471,63473,ALA,GLY
5040,63478,63480,GLY,PRO
5041,63492,63494,PRO,LYS
5042,63514,63516,LYS,GLY
5043,63521,63523,GLY,PRO
5044,63535,63537,PRO,ALA
5045,63545,63547,ALA,GLY
5046,63552,63554,GLY,GLU
5047,63567,63569,GLU,ARG
5048,63591,63593,ARG,GLY
5049,63598,63600,GLY,SER
5050,63609,63611,SER,HYP
5051,63624,63626,HYP,GLY
5052,63631,63633,GLY,PRO
5053,63645,63647,PRO,ALA
5054,63655,63657,ALA,GLY
5055,63662,63664,GLY,PRO
5056,63676,63678,PRO,LYS
5057,63698,63700,LYS,GLY
5058,63705,63707,GLY,SER
5059,63716,63718,SER,HYP
5060,63731,63733,HYP,GLY
5061,63738,63740,GLY,GLU
5062,63753,63755,GLU,ALA
5063,63763,63765,ALA,GLY
5064,63770,63772,GLY,ARG
5065,63794,63796,ARG,HYP
5066,63809,63811,HYP,GLY
5067,63816,63818,GLY,GLU
5068,63831,63833,GLU,ALA
5069,63841,63843,ALA,GLY
5070,63848,63850,GLY,LEU
5071,63867,63869,LEU,HYP
5072,63882,63884,HYP,GLY
5073,63889,63891,GLY,ALA
5074,63899,63901,ALA,LYS
5075,63921,63923,LYS,GLY
5076,63928,63930,GLY,LEU
5077,63947,63949,LEU,THR
5078,63961,63963,THR,GLY
5079,63968,63970,GLY,SER
5080,63979,63981,SER,HYP
5081,63994,63996,HYP,GLY
5082,64001,64003,GLY,SER
5083,64012,64014,SER,HYP
5084,64027,64029,HYP,GLY
5085,64034,64036,GLY,PRO
5086,64048,64050,PRO,ASP
5087,64060,64062,ASP,GLY
5088,64067,64069,GLY,LYS
5089,64089,64091,LYS,THR
5090,64103,64105,THR,GLY
5091,64110,64112,GLY,PRO
5092,64124,64126,PRO,HYP
5093,64139,64141,HYP,GLY
5094,64146,64148,GLY,PRO
5095,64160,64162,PRO,ALA
5096,64170,64172,ALA,GLY
5097,64177,64179,GLY,GLN
5098,64194,64196,GLN,ASP
5099,64206,64208,ASP,GLY
5100,64213,64215,GLY,ARG
5101,64237,64239,ARG,HYP
5102,64252,64254,HYP,GLY
5103,64259,64261,GLY,PRO
5104,64273,64275,PRO,ALA
5105,64283,64285,ALA,GLY
5106,64290,64292,GLY,PRO
5107,64304,64306,PRO,HYP
5108,64319,64321,HYP,GLY
5109,64326,64328,GLY,ALA
5110,64336,64338,ALA,ARG
5111,64360,64362,ARG,GLY
5112,64367,64369,GLY,GLN
5113,64403,64405,GLY,DO1
5114,64424,64426,DO1,HYP
5115,64439,64441,HYP,GLY
5116,64446,64448,GLY,ALA
5117,64456,64458,ALA,HYP
5118,64471,64473,HYP,GLY
5119,64478,64480,GLY,PRO
5120,64492,64494,PRO,LYS
5121,64514,64516,LYS,GLY
5122,64521,64523,GLY,GLU
5123,64536,64538,GLU,LEU
5124,64555,64557,LEU,GLY
5125,64562,64564,GLY,PRO
5126,64576,64578,PRO,VAL
5127,64592,64594,VAL,GLY
5128,64599,64601,GLY,ASN
5129,64613,64615,ASN,HYP
5130,64628,64630,HYP,GLY
5131,64635,64637,GLY,PRO
5132,64649,64651,PRO,ALA
5133,64659,64661,ALA,GLY
5134,64666,64668,GLY,PRO
5135,64680,64682,PRO,ALA
5136,64690,64692,ALA,GLY
5137,64697,64699,GLY,PRO
5138,64711,64713,PRO,ARG
5139,64735,64737,ARG,GLY
5140,64742,64744,GLY,GLU
5141,64757,64759,GLU,ALA
5142,64767,64769,ALA,GLY
5143,64774,64776,GLY,LEU
5144,64793,64795,LEU,HYP
5145,64808,64810,HYP,GLY
5146,64815,64817,GLY,LEU
5147,64834,64836,LEU,SER
5148,64845,64847,SER,GLY
5149,64852,64854,GLY,PRO
5150,64866,64868,PRO,VAL
5151,64882,64884,VAL,GLY
5152,64889,64891,GLY,PRO
5153,64903,64905,PRO,HYP
5154,64918,64920,HYP,GLY
5155,64925,64927,GLY,ASN
5156,64939,64941,ASN,PRO
5157,64953,64955,PRO,GLY
5158,64960,64962,GLY,ALA
5159,64970,64972,ALA,ASN
5160,64984,64986,ASN,GLY
5161,64991,64993,GLY,LEU
5162,65010,65012,LEU,THR
5163,65024,65026,THR,GLY
5164,65031,65033,GLY,ALA
5165,65041,65043,ALA,LYS
5166,65063,65065,LYS,GLY
5167,65070,65072,GLY,ALA
5168,65080,65082,ALA,THR
5169,65094,65096,THR,GLY
5170,65101,65103,GLY,LEU
5171,65120,65122,LEU,HYP
5172,65135,65137,HYP,GLY
5173,65142,65144,GLY,VAL
5174,65158,65160,VAL,ALA
5175,65168,65170,ALA,GLY
5176,65175,65177,GLY,ALA
5177,65185,65187,ALA,HYP
5178,65200,65202,HYP,GLY
5179,65207,65209,GLY,LEU
5180,65226,65228,LEU,HYP
5181,65241,65243,HYP,GLY
5182,65248,65250,GLY,PRO
5183,65262,65264,PRO,ARG
5184,65286,65288,ARG,GLY
5185,65293,65295,GLY,ILE
5186,65312,65314,ILE,HYP
5187,65327,65329,HYP,GLY
5188,65334,65336,GLY,PRO
5189,65348,65350,PRO,VAL
5190,65364,65366,VAL,GLY
5191,65371,65373,GLY,ALA
5192,65381,65383,ALA,ALA
5193,65391,65393,ALA,GLY
5194,65398,65400,GLY,ALA
5195,65408,65410,ALA,THR
5196,65422,65424,THR,GLY
5197,65429,65431,GLY,PRO
5198,65443,65445,PRO,ARG
5199,65467,65469,ARG,GLY
5200,65474,65476,GLY,LEU
5201,65493,65495,LEU,VAL
5202,65509,65511,VAL,GLY
5203,65516,65518,GLY,GLU
5204,65531,65533,GLU,HYP
5205,65546,65548,HYP,GLY
5206,65553,65555,GLY,PRO
5207,65567,65569,PRO,ALA
5208,65577,65579,ALA,GLY
5209,65584,65586,GLY,SER
5210,65595,65597,SER,LYS
5211,65617,65619,LYS,GLY
5212,65624,65626,GLY,GLU
5213,65639,65641,GLU,THR
5214,65653,65655,THR,GLY
5215,65660,65662,GLY,ASN
5216,65674,65676,ASN,LYS
5217,65696,65698,LYS,GLY
5218,65703,65705,GLY,GLU
5219,65718,65720,GLU,HYP
5220,65733,65735,HYP,GLY
5221,65740,65742,GLY,SER
5222,65751,65753,SER,ALA
5223,65761,65763,ALA,GLY
5224,65768,65770,GLY,ALA
5225,65778,65780,ALA,GLN
5226,65795,65797,GLN,GLY
5227,65802,65804,GLY,PRO
5228,65816,65818,PRO,HYP
5229,65831,65833,HYP,GLY
5230,65838,65840,GLY,PRO
5231,65852,65854,PRO,SER
5232,65863,65865,SER,GLY
5233,65870,65872,GLY,GLU
5234,65885,65887,GLU,GLU
5235,65900,65902,GLU,GLY
5236,65907,65909,GLY,LYS
5237,65929,65931,LYS,ARG
5238,65953,65955,ARG,GLY
5239,65960,65962,GLY,SER
5240,65971,65973,SER,PRO
5241,65985,65987,PRO,GLY
5242,65992,65994,GLY,GLU
5243,66007,66009,GLU,PRO
5244,66021,66023,PRO,GLY
5245,66028,66030,GLY,SER
5246,66039,66041,SER,ALA
5247,66049,66051,ALA,GLY
5248,66056,66058,GLY,PRO
5249,66070,66072,PRO,ALA
5250,66080,66082,ALA,GLY
5251,66087,66089,GLY,PRO
5252,66101,66103,PRO,HYP
5253,66116,66118,HYP,GLY
5254,66123,66125,GLY,LEU
5255,66142,66144,LEU,ARG
5256,66166,66168,ARG,GLY
5257,66173,66175,GLY,SER
5258,66184,66186,SER,HYP
5259,66199,66201,HYP,GLY
5260,66206,66208,GLY,SER
5261,66217,66219,SER,ARG
5262,66241,66243,ARG,GLY
5263,66248,66250,GLY,LEU
5264,66267,66269,LEU,HYP
5265,66282,66284,HYP,GLY
5266,66289,66291,GLY,ALA
5267,66299,66301,ALA,ASP
5268,66311,66313,ASP,GLY
5269,66318,66320,GLY,ARG
5270,66342,66344,ARG,ALA
5271,66352,66354,ALA,GLY
5272,66359,66361,GLY,VAL
5273,66375,66377,VAL,MET
5274,66392,66394,MET,GLY
5275,66399,66401,GLY,PRO
5276,66413,66415,PRO,PRO
5277,66427,66429,PRO,GLY
5278,66434,66436,GLY,ASN
5279,66448,66450,ASN,ARG
5280,66472,66474,ARG,GLY
5281,66479,66481,GLY,SER
5282,66490,66492,SER,THR
5283,66504,66506,THR,GLY
5284,66511,66513,GLY,PRO
5285,66525,66527,PRO,ALA
5286,66535,66537,ALA,GLY
5287,66542,66544,GLY,VAL
5288,66558,66560,VAL,ARG
5289,66582,66584,ARG,GLY
5290,66589,66591,GLY,PRO
5291,66603,66605,PRO,ASN
5292,66617,66619,ASN,GLY
5293,66624,66626,GLY,ASP
5294,66636,66638,ASP,ALA
5295,66646,66648,ALA,GLY
5296,66653,66655,GLY,ARG
5297,66677,66679,ARG,HYP
5298,66692,66694,HYP,GLY
5299,66699,66701,GLY,GLU
5300,66714,66716,GLU,HYP
5301,66729,66731,HYP,GLY
5302,66736,66738,GLY,LEU
5303,66755,66757,LEU,MET
5304,66772,66774,MET,GLY
5305,66779,66781,GLY,PRO
5306,66793,66795,PRO,ARG
5307,66817,66819,ARG,GLY
5308,66824,66826,GLY,LEU
5309,66843,66845,LEU,HYP
5310,66858,66860,HYP,GLY
5311,66865,66867,GLY,SER
5312,66876,66878,SER,HYP
5313,66891,66893,HYP,GLY
5314,66898,66900,GLY,ASN
5315,66912,66914,ASN,VAL
5316,66928,66930,VAL,GLY
5317,66935,66937,GLY,PRO
5318,66949,66951,PRO,ALA
5319,66959,66961,ALA,GLY
5320,66966,66968,GLY,LYS
5321,66988,66990,LYS,GLU
5322,67003,67005,GLU,GLY
5323,67010,67012,GLY,PRO
5324,67024,67026,PRO,VAL
5325,67040,67042,VAL,GLY
5326,67047,67049,GLY,LEU
5327,67066,67068,LEU,HYP
5328,67081,67083,HYP,GLY
5329,67088,67090,GLY,ILE
5330,67107,67109,ILE,ASP
5331,67119,67121,ASP,GLY
5332,67126,67128,GLY,ARG
5333,67150,67152,ARG,HYP
5334,67165,67167,HYP,GLY
5335,67172,67174,GLY,PRO
5336,67186,67188,PRO,ILE
5337,67205,67207,ILE,GLY
5338,67212,67214,GLY,PRO
5339,67226,67228,PRO,ALA
5340,67236,67238,ALA,GLY
5341,67243,67245,GLY,PRO
5342,67257,67259,PRO,ARG
5343,67281,67283,ARG,GLY
5344,67307,67309,GLY,DO1
5345,67328,67330,DO1,HYP
5346,67343,67345,HYP,GLY
5347,67350,67352,GLY,ALA
5348,67360,67362,ALA,ALA
5349,67370,67372,ALA,GLY
5350,67377,67379,GLY,ALA
5351,67387,67389,ALA,LYS
5352,67409,67411,LYS,GLY
5353,67416,67418,GLY,GLU
5354,67431,67433,GLU,ALA
5355,67441,67443,ALA,GLY
5356,67448,67450,GLY,PRO
5357,67462,67464,PRO,GLN
5358,67479,67481,GLN,GLY
5359,67486,67488,GLY,ALA
5360,67496,67498,ALA,ARG
5361,67520,67522,ARG,GLY
5362,67527,67529,GLY,SER
5363,67538,67540,SER,GLU
5364,67553,67555,GLU,GLY
5365,67560,67562,GLY,PRO
5366,67574,67576,PRO,GLN
5367,67591,67593,GLN,GLY
5368,67598,67600,GLY,VAL
5369,67614,67616,VAL,ARG
5370,67638,67640,ARG,GLY
5371,67645,67647,GLY,GLU
5372,67660,67662,GLU,HYP
5373,67675,67677,HYP,GLY
5374,67682,67684,GLY,PRO
5375,67696,67698,PRO,HYP
5376,67711,67713,HYP,GLY
5377,67718,67720,GLY,PRO
5378,67732,67734,PRO,ALA
5379,67742,67744,ALA,GLY
5380,67749,67751,GLY,ALA
5381,67759,67761,ALA,ALA
5382,67769,67771,ALA,GLY
5383,67776,67778,GLY,PRO
5384,67790,67792,PRO,ALA
5385,67800,67802,ALA,GLY
5386,67807,67809,GLY,ASN
5387,67821,67823,ASN,HYP
5388,67836,67838,HYP,GLY
5389,67843,67845,GLY,ALA
5390,67853,67855,ALA,ASP
5391,67865,67867,ASP,GLY
5392,67872,67874,GLY,GLN
5393,67889,67891,GLN,HYP
5394,67904,67906,HYP,GLY
5395,67911,67913,GLY,ALA
5396,67921,67923,ALA,LYS
5397,67943,67945,LYS,GLY
5398,67950,67952,GLY,ALA
5399,67960,67962,ALA,ASN
5400,67974,67976,ASN,GLY
5401,67981,67983,GLY,ALA
5402,67991,67993,ALA,HYP
5403,68006,68008,HYP,GLY
5404,68013,68015,GLY,ILE
5405,68032,68034,ILE,ALA
5406,68042,68044,ALA,GLY
5407,68049,68051,GLY,ALA
5408,68059,68061,ALA,HYP
5409,68074,68076,HYP,GLY
5410,68081,68083,GLY,DO2
5411,68102,68104,DO2,HYP
5412,68117,68119,HYP,GLY
5413,68124,68126,GLY,ALA
5414,68134,68136,ALA,ARG
5415,68158,68160,ARG,GLY
5416,68165,68167,GLY,PRO
5417,68179,68181,PRO,SER
5418,68190,68192,SER,GLY
5419,68197,68199,GLY,PRO
5420,68211,68213,PRO,GLN
5421,68228,68230,GLN,GLY
5422,68235,68237,GLY,PRO
5423,68249,68251,PRO,SER
5424,68260,68262,SER,GLY
5425,68267,68269,GLY,ALA
5426,68277,68279,ALA,HYP
5427,68292,68294,HYP,GLY
5428,68299,68301,GLY,PRO
5429,68313,68315,PRO,LYS
5430,68335,68337,LYS,GLY
5431,68342,68344,GLY,ASN
5432,68356,68358,ASN,SER
5433,68367,68369,SER,GLY
5434,68374,68376,GLY,GLU
5435,68389,68391,GLU,HYP
5436,68404,68406,HYP,GLY
5437,68411,68413,GLY,ALA
5438,68421,68423,ALA,HYP
5439,68436,68438,HYP,GLY
5440,68443,68445,GLY,ASN
5441,68457,68459,ASN,LYS
5442,68479,68481,LYS,GLY
5443,68486,68488,GLY,ASP
5444,68498,68500,ASP,THR
5445,68512,68514,THR,GLY
5446,68519,68521,GLY,ALA
5447,68529,68531,ALA,LYS
5448,68551,68553,LYS,GLY
5449,68558,68560,GLY,GLU
5450,68573,68575,GLU,HYP
5451,68588,68590,HYP,GLY
5452,68595,68597,GLY,PRO
5453,68609,68611,PRO,ALA
5454,68619,68621,ALA,GLY
5455,68626,68628,GLY,VAL
5456,68642,68644,VAL,GLN
5457,68659,68661,GLN,GLY
5458,68666,68668,GLY,PRO
5459,68680,68682,PRO,HYP
5460,68695,68697,HYP,GLY
5461,68702,68704,GLY,PRO
5462,68716,68718,PRO,ALA
5463,68726,68728,ALA,GLY
5464,68733,68735,GLY,GLU
5465,68748,68750,GLU,GLU
5466,68763,68765,GLU,GLY
5467,68770,68772,GLY,LYS
5468,68792,68794,LYS,ARG
5469,68816,68818,ARG,GLY
5470,68823,68825,GLY,ALA
5471,68833,68835,ALA,ARG
5472,68857,68859,ARG,GLY
5473,68864,68866,GLY,GLU
5474,68879,68881,GLU,HYP
5475,68894,68896,HYP,GLY
5476,68901,68903,GLY,PRO
5477,68915,68917,PRO,SER
5478,68926,68928,SER,GLY
5479,68933,68935,GLY,LEU
5480,68952,68954,LEU,HYP
5481,68967,68969,HYP,GLY
5482,68974,68976,GLY,PRO
5483,68988,68990,PRO,PRO
5484,69002,69004,PRO,GLY
5485,69009,69011,GLY,GLU
5486,69024,69026,GLU,ARG
5487,69048,69050,ARG,GLY
5488,69055,69057,GLY,GLY
5489,69062,69064,GLY,HYP
5490,69077,69079,HYP,GLY
5491,69084,69086,GLY,SER
5492,69095,69097,SER,ARG
5493,69119,69121,ARG,GLY
5494,69126,69128,GLY,DO2
5495,69147,69149,DO2,HYP
5496,69162,69164,HYP,GLY
5497,69169,69171,GLY,ALA
5498,69179,69181,ALA,ASP
5499,69191,69193,ASP,GLY
5500,69198,69200,GLY,VAL
5501,69214,69216,VAL,ALA
5502,69224,69226,ALA,GLY
5503,69231,69233,GLY,PRO
5504,69245,69247,PRO,LYS
5505,69267,69269,LYS,GLY
5506,69274,69276,GLY,PRO
5507,69288,69290,PRO,ALA
5508,69298,69300,ALA,GLY
5509,69305,69307,GLY,GLU
5510,69320,69322,GLU,ARG
5511,69344,69346,ARG,GLY
5512,69351,69353,GLY,SER
5513,69362,69364,SER,HYP
5514,69377,69379,HYP,GLY
5515,69384,69386,GLY,PRO
5516,69398,69400,PRO,ALA
5517,69408,69410,ALA,GLY
5518,69415,69417,GLY,PRO
5519,69429,69431,PRO,LYS
5520,69451,69453,LYS,GLY
5521,69458,69460,GLY,SER
5522,69469,69471,SER,HYP
5523,69484,69486,HYP,GLY
5524,69491,69493,GLY,GLU
5525,69506,69508,GLU,ALA
5526,69516,69518,ALA,GLY
5527,69523,69525,GLY,ARG
5528,69547,69549,ARG,HYP
5529,69562,69564,HYP,GLY
5530,69569,69571,GLY,GLU
5531,69584,69586,GLU,ALA
5532,69594,69596,ALA,GLY
5533,69601,69603,GLY,LEU
5534,69620,69622,LEU,HYP
5535,69635,69637,HYP,GLY
5536,69642,69644,GLY,ALA
5537,69652,69654,ALA,LYS
5538,69674,69676,LYS,GLY
5539,69681,69683,GLY,LEU
5540,69700,69702,LEU,THR
5541,69714,69716,THR,GLY
5542,69721,69723,GLY,SER
5543,69732,69734,SER,HYP
5544,69747,69749,HYP,GLY
5545,69754,69756,GLY,SER
5546,69765,69767,SER,HYP
5547,69780,69782,HYP,GLY
5548,69787,69789,GLY,PRO
5549,69801,69803,PRO,ASP
5550,69813,69815,ASP,GLY
5551,69820,69822,GLY,LYS
5552,69842,69844,LYS,THR
5553,69856,69858,THR,GLY
5554,69863,69865,GLY,PRO
5555,69877,69879,PRO,HYP
5556,69892,69894,HYP,GLY
5557,69899,69901,GLY,PRO
5558,69913,69915,PRO,ALA
5559,69923,69925,ALA,GLY
5560,69930,69932,GLY,GLN
5561,69947,69949,GLN,ASP
5562,69959,69961,ASP,GLY
5563,69966,69968,GLY,ARG
5564,69990,69992,ARG,HYP
5565,70005,70007,HYP,GLY
5566,70012,70014,GLY,PRO
5567,70026,70028,PRO,ALA
5568,70036,70038,ALA,GLY
5569,70043,70045,GLY,PRO
5570,70057,70059,PRO,HYP
5571,70072,70074,HYP,GLY
5572,70079,70081,GLY,ALA
5573,70089,70091,ALA,ARG
5574,70113,70115,ARG,GLY
5575,70139,70141,GLY,ALA
5576,70149,70151,ALA,HYP
5577,70164,70166,HYP,GLY
5578,70171,70173,GLY,ALA
5579,70181,70183,ALA,PRO
5580,70195,70197,PRO,GLY
5581,70202,70204,GLY,PRO
5582,70216,70218,PRO,VAL
5583,70232,70234,VAL,GLY
5584,70239,70241,GLY,PRO
5585,70253,70255,PRO,ALA
5586,70263,70265,ALA,GLY
5587,70270,70272,GLY,LYS
5588,70292,70294,LYS,ASN
5589,70306,70308,ASN,GLY
5590,70313,70315,GLY,ASP
5591,70325,70327,ASP,ARG
5592,70349,70351,ARG,GLY
5593,70356,70358,GLY,GLU
5594,70371,70373,GLU,THR
5595,70385,70387,THR,GLY
5596,70392,70394,GLY,PRO
5597,70406,70408,PRO,ALA
5598,70416,70418,ALA,GLY
5599,70423,70425,GLY,PRO
5600,70437,70439,PRO,ALA
5601,70447,70449,ALA,GLY
5602,70454,70456,GLY,PRO
5603,70468,70470,PRO,ILE
5604,70487,70489,ILE,GLY
5605,70494,70496,GLY,PRO
5606,70508,70510,PRO,ALA
5607,70518,70520,ALA,GLY
5608,70525,70527,GLY,ALA
5609,70535,70537,ALA,ARG
5610,70559,70561,ARG,GLY
5611,70566,70568,GLY,PRO
5612,70580,70582,PRO,ALA
5613,70590,70592,ALA,GLY
5614,70597,70599,GLY,PRO
5615,70611,70613,PRO,GLN
5616,70628,70630,GLN,GLY
5617,70635,70637,GLY,PRO
5618,70649,70651,PRO,ARG
5619,70673,70675,ARG,GLY
5620,70680,70682,GLY,ASP
5621,70692,70694,ASP,LYS
5622,70714,70716,LYS,GLY
5623,70721,70723,GLY,GLU
5624,70736,70738,GLU,THR
5625,70750,70752,THR,GLY
5626,70757,70759,GLY,GLU
5627,70772,70774,GLU,GLN
5628,70789,70791,GLN,GLY
5629,70796,70798,GLY,ASP
5630,70808,70810,ASP,ARG
5631,70832,70834,ARG,GLY
5632,70839,70841,GLY,ILE
5633,70858,70860,ILE,LYS
5634,70880,70882,LYS,GLY
5635,70887,70889,GLY,HIS
5636,70904,70906,HIS,ARG
5637,70928,70930,ARG,GLY
5638,70935,70937,GLY,DO2
5639,70956,70958,DO2,SER
5640,70967,70969,SER,GLY
5641,70974,70976,GLY,LEU
5642,70993,70995,LEU,GLN
5643,71010,71012,GLN,GLY
5644,71017,71019,GLY,PRO
5645,71031,71033,PRO,HYP
5646,71046,71048,HYP,GLY
5647,71053,71055,GLY,SER
5648,71064,71066,SER,HYP
5649,71079,71081,HYP,GLY
5650,71086,71088,GLY,SER
5651,71097,71099,SER,HYP
5652,71112,71114,HYP,GLY
5653,71119,71121,GLY,GLU
5654,71134,71136,GLU,GLN
5655,71151,71153,GLN,GLY
5656,71158,71160,GLY,PRO
5657,71172,71174,PRO,SER
5658,71183,71185,SER,GLY
5659,71190,71192,GLY,ALA
5660,71200,71202,ALA,SER
5661,71211,71213,SER,GLY
5662,71218,71220,GLY,PRO
5663,71232,71234,PRO,ALA
5664,71242,71244,ALA,GLY
5665,71249,71251,GLY,PRO
5666,71263,71265,PRO,ARG
5667,71287,71289,ARG,GLY
5668,71294,71296,GLY,PRO
5669,71308,71310,PRO,HYP
5670,71323,71325,HYP,GLY
5671,71330,71332,GLY,SER
5672,71341,71343,SER,ALA
5673,71351,71353,ALA,GLY
5674,71358,71360,GLY,SER
5675,71369,71371,SER,PRO
5676,71383,71385,PRO,GLY
5677,71390,71392,GLY,LYS
5678,71412,71414,LYS,ASP
5679,71424,71426,ASP,GLY
5680,71431,71433,GLY,LEU
5681,71450,71452,LEU,ASN
5682,71464,71466,ASN,GLY
5683,71471,71473,GLY,LEU
5684,71490,71492,LEU,HYP
5685,71505,71507,HYP,GLY
5686,71512,71514,GLY,PRO
5687,71526,71528,PRO,ILE
5688,71545,71547,ILE,GLY
5689,71552,71554,GLY,HYP
5690,71567,71569,HYP,PRO
5691,71581,71583,PRO,GLY
5692,71588,71590,GLY,PRO
5693,71602,71604,PRO,ARG
5694,71626,71628,ARG,GLY
5695,71633,71635,GLY,ARG
5696,71657,71659,ARG,THR
5697,71671,71673,THR,GLY
5698,71678,71680,GLY,ASP
5699,71690,71692,ASP,SER
5700,71701,71703,SER,GLY
5701,71708,71710,GLY,PRO
5702,71722,71724,PRO,ALA
5703,71732,71734,ALA,GLY
5704,71739,71741,GLY,PRO
5705,71753,71755,PRO,HYP
5706,71768,71770,HYP,GLY
5707,71775,71777,GLY,PRO
5708,71789,71791,PRO,HYP
5709,71804,71806,HYP,GLY
5710,71811,71813,GLY,PRO
5711,71825,71827,PRO,HYP
5712,71840,71842,HYP,GLY
5713,71847,71849,GLY,PRO
5714,71861,71863,PRO,HYP
5715,71876,71878,HYP,GLY
5716,71883,71885,GLY,PRO
5717,71897,71899,PRO,HYP
5718,71912,71914,HYP,SER
5719,71923,71925,SER,GLY
5720,71930,71932,GLY,GLY
5721,71937,71939,GLY,DO1
5722,71958,71960,DO1,ASP
5723,71970,71972,ASP,DO1
5724,71991,71993,DO1,SER
5725,72002,72004,SER,DO1
5726,72023,72025,DO1,LEU
5727,72042,72044,LEU,PRO
5728,72056,72058,PRO,GLN
5729,72073,72075,GLN,PRO
5730,72087,72089,PRO,PRO
5731,72101,72103,PRO,GLN
5732,72118,72120,GLN,GLU
5733,72133,72135,GLU,LY2
5734,72142,72144,LY2,SER
5735,72153,72155,SER,GLN
5736,72170,72172,GLN,ASP
5737,72182,72184,ASP,GLY
5738,72189,72191,GLY,GLY
5739,72196,72198,GLY,ARG
5740,72220,72222,ARG,DO2
5741,72241,72243,DO2,DO1
5742,72262,72264,DO1,ARG
5743,72286,72288,ARG,ALA
5744,72313,72315,ALA,GLY
5745,72320,72322,GLY,ALA
5746,72330,72332,ALA,HYP
5747,72345,72347,HYP,GLY
5748,72352,72354,GLY,PRO
5749,72366,72368,PRO,HIS
5750,72383,72385,HIS,GLY
5751,72390,72392,GLY,SER
5752,72401,72403,SER,VAL
5753,72417,72419,VAL,GLY
5754,72424,72426,GLY,PRO
5755,72438,72440,PRO,ALA
5756,72448,72450,ALA,GLY
5757,72455,72457,GLY,LYS
5758,72477,72479,LYS,HIS
5759,72494,72496,HIS,GLY
5760,72501,72503,GLY,ASN
5761,72515,72517,ASN,ARG
5762,72539,72541,ARG,GLY
5763,72546,72548,GLY,GLU
5764,72561,72563,GLU,HYP
5765,72576,72578,HYP,GLY
5766,72583,72585,GLY,PRO
5767,72597,72599,PRO,ALA
5768,72607,72609,ALA,GLY
5769,72614,72616,GLY,SER
5770,72625,72627,SER,VAL
5771,72641,72643,VAL,GLY
5772,72648,72650,GLY,PRO
5773,72662,72664,PRO,VAL
5774,72678,72680,VAL,GLY
5775,72685,72687,GLY,ALA
5776,72695,72697,ALA,VAL
5777,72711,72713,VAL,GLY
5778,72718,72720,GLY,PRO
5779,72732,72734,PRO,ARG
5780,72756,72758,ARG,GLY
5781,72763,72765,GLY,PRO
5782,72777,72779,PRO,SER
5783,72788,72790,SER,GLY
5784,72795,72797,GLY,PRO
5785,72809,72811,PRO,GLN
5786,72826,72828,GLN,GLY
5787,72833,72835,GLY,ILE
5788,72852,72854,ILE,ARG
5789,72876,72878,ARG,GLY
5790,72883,72885,GLY,ASP
5791,72895,72897,ASP,LYS
5792,72917,72919,LYS,GLY
5793,72924,72926,GLY,GLU
5794,72939,72941,GLU,HYP
5795,72954,72956,HYP,GLY
5796,72961,72963,GLY,ASP
5797,72973,72975,ASP,LYS
5798,72995,72997,LYS,GLY
5799,73002,73004,GLY,ALA
5800,73012,73014,ALA,ARG
5801,73036,73038,ARG,GLY
5802,73043,73045,GLY,LEU
5803,73062,73064,LEU,HYP
5804,73077,73079,HYP,GLY
5805,73084,73086,GLY,LEU
5806,73103,73105,LEU,LYX
5807,73123,73134,LYX,GLY
5808,73139,73141,GLY,HIS
5809,73156,73158,HIS,ASN
5810,73170,73172,ASN,GLY
5811,73177,73179,GLY,LEU
5812,73196,73198,LEU,GLN
5813,73213,73215,GLN,GLY
5814,73220,73222,GLY,LEU
5815,73239,73241,LEU,HYP
5816,73254,73256,HYP,GLY
5817,73261,73263,GLY,LEU
5818,73280,73282,LEU,ALA
5819,73290,73292,ALA,GLY
5820,73297,73299,GLY,LEU
5821,73316,73318,LEU,HIS
5822,73333,73335,HIS,GLY
5823,73340,73342,GLY,ASP
5824,73352,73354,ASP,GLN
5825,73369,73371,GLN,GLY
5826,73376,73378,GLY,ALA
5827,73386,73388,ALA,HYP
5828,73401,73403,HYP,GLY
5829,73408,73410,GLY,PRO
5830,73422,73424,PRO,VAL
5831,73438,73440,VAL,GLY
5832,73445,73447,GLY,PRO
5833,73459,73461,PRO,ALA
5834,73469,73471,ALA,GLY
5835,73476,73478,GLY,PRO
5836,73490,73492,PRO,ARG
5837,73514,73516,ARG,GLY
5838,73521,73523,GLY,PRO
5839,73535,73537,PRO,ALA
5840,73545,73547,ALA,GLY
5841,73552,73554,GLY,PRO
5842,73566,73568,PRO,SER
5843,73577,73579,SER,GLY
5844,73584,73586,GLY,PRO
5845,73598,73600,PRO,ILE
5846,73617,73619,ILE,GLY
5847,73624,73626,GLY,LYS
5848,73646,73648,LYS,ASP
5849,73658,73660,ASP,GLY
5850,73665,73667,GLY,ARG
5851,73689,73691,ARG,SER
5852,73700,73702,SER,GLY
5853,73707,73709,GLY,HIS
5854,73724,73726,HIS,HYP
5855,73739,73741,HYP,GLY
5856,73746,73748,GLY,PRO
5857,73760,73762,PRO,VAL
5858,73776,73778,VAL,GLY
5859,73783,73785,GLY,PRO
5860,73797,73799,PRO,ALA
5861,73807,73809,ALA,GLY
5862,73814,73816,GLY,VAL
5863,73830,73832,VAL,ARG
5864,73854,73856,ARG,GLY
5865,73861,73863,GLY,SER
5866,73872,73874,SER,GLN
5867,73889,73891,GLN,GLY
5868,73896,73898,GLY,SER
5869,73907,73909,SER,GLN
5870,73924,73926,GLN,GLY
5871,73931,73933,GLY,PRO
5872,73945,73947,PRO,ALA
5873,73955,73957,ALA,GLY
5874,73962,73964,GLY,PRO
5875,73976,73978,PRO,HYP
5876,73991,73993,HYP,GLY
5877,73998,74000,GLY,PRO
5878,74012,74014,PRO,HYP
5879,74027,74029,HYP,GLY
5880,74034,74036,GLY,PRO
5881,74048,74050,PRO,HYP
5882,74063,74065,HYP,GLY
5883,74070,74072,GLY,PRO
5884,74084,74086,PRO,HYP
5885,74099,74101,HYP,GLY
5886,74106,74108,GLY,VAL
5887,74122,74124,VAL,SER
5888,74133,74135,SER,GLY
5889,74140,74142,GLY,GLY
5890,74147,74149,GLY,GLY
5891,74154,74156,GLY,DO1
5892,74175,74177,DO1,ASP
5893,74187,74189,ASP,DO1
5894,74208,74210,DO1,GLY
5895,74215,74217,GLY,DO1
5896,74236,74238,DO1,GLU
5897,74251,74253,GLU,GLY
5898,74258,74260,GLY,GLY
5899,74265,74267,GLY,DO1
5900,74286,74288,DO1,DO2
5901,74307,74309,DO2,ARG
5902,74331,74333,ARG,ALA
5903,74358,74360,ALA,HYP
5904,74373,74375,HYP,GLY
5905,74380,74382,GLY,ALA
5906,74390,74392,ALA,HYP
5907,74405,74407,HYP,GLY
5908,74412,74414,GLY,ALA
5909,74422,74424,ALA,PRO
5910,74436,74438,PRO,GLY
5911,74443,74445,GLY,PRO
5912,74457,74459,PRO,VAL
5913,74473,74475,VAL,GLY
5914,74480,74482,GLY,PRO
5915,74494,74496,PRO,ALA
5916,74504,74506,ALA,GLY
5917,74511,74513,GLY,LYS
5918,74533,74535,LYS,ASN
5919,74547,74549,ASN,GLY
5920,74554,74556,GLY,ASP
5921,74566,74568,ASP,ARG
5922,74590,74592,ARG,GLY
5923,74597,74599,GLY,GLU
5924,74612,74614,GLU,THR
5925,74626,74628,THR,GLY
5926,74633,74635,GLY,PRO
5927,74647,74649,PRO,ALA
5928,74657,74659,ALA,GLY
5929,74664,74666,GLY,PRO
5930,74678,74680,PRO,ALA
5931,74688,74690,ALA,GLY
5932,74695,74697,GLY,PRO
5933,74709,74711,PRO,ILE
5934,74728,74730,ILE,GLY
5935,74735,74737,GLY,PRO
5936,74749,74751,PRO,ALA
5937,74759,74761,ALA,GLY
5938,74766,74768,GLY,ALA
5939,74776,74778,ALA,ARG
5940,74800,74802,ARG,GLY
5941,74807,74809,GLY,PRO
5942,74821,74823,PRO,ALA
5943,74831,74833,ALA,GLY
5944,74838,74840,GLY,PRO
5945,74852,74854,PRO,GLN
5946,74869,74871,GLN,GLY
5947,74876,74878,GLY,PRO
5948,74890,74892,PRO,ARG
5949,74914,74916,ARG,GLY
5950,74921,74923,GLY,ASP
5951,74933,74935,ASP,LYS
5952,74955,74957,LYS,GLY
5953,74962,74964,GLY,GLU
5954,74977,74979,GLU,THR
5955,74991,74993,THR,GLY
5956,74998,75000,GLY,GLU
5957,75013,75015,GLU,GLN
5958,75030,75032,GLN,GLY
5959,75037,75039,GLY,ASP
5960,75049,75051,ASP,ARG
5961,75073,75075,ARG,GLY
5962,75080,75082,GLY,ILE
5963,75099,75101,ILE,LYS
5964,75121,75123,LYS,GLY
5965,75128,75130,GLY,HIS
5966,75145,75147,HIS,ARG
5967,75169,75171,ARG,GLY
5968,75176,75178,GLY,DO2
5969,75197,75199,DO2,SER
5970,75208,75210,SER,GLY
5971,75215,75217,GLY,LEU
5972,75234,75236,LEU,GLN
5973,75251,75253,GLN,GLY
5974,75258,75260,GLY,PRO
5975,75272,75274,PRO,HYP
5976,75287,75289,HYP,GLY
5977,75294,75296,GLY,SER
5978,75305,75307,SER,HYP
5979,75320,75322,HYP,GLY
5980,75327,75329,GLY,SER
5981,75338,75340,SER,HYP
5982,75353,75355,HYP,GLY
5983,75360,75362,GLY,GLU
5984,75375,75377,GLU,GLN
5985,75392,75394,GLN,GLY
5986,75399,75401,GLY,PRO
5987,75413,75415,PRO,SER
5988,75424,75426,SER,GLY
5989,75431,75433,GLY,ALA
5990,75441,75443,ALA,SER
5991,75452,75454,SER,GLY
5992,75459,75461,GLY,PRO
5993,75473,75475,PRO,ALA
5994,75483,75485,ALA,GLY
5995,75490,75492,GLY,PRO
5996,75504,75506,PRO,ARG
5997,75528,75530,ARG,GLY
5998,75535,75537,GLY,PRO
5999,75549,75551,PRO,HYP
6000,75564,75566,HYP,GLY
6001,75571,75573,GLY,SER
6002,75582,75584,SER,ALA
6003,75592,75594,ALA,GLY
6004,75599,75601,GLY,SER
6005,75610,75612,SER,PRO
6006,75624,75626,PRO,GLY
6007,75631,75633,GLY,LYS
6008,75653,75655,LYS,ASP
6009,75665,75667,ASP,GLY
6010,75672,75674,GLY,LEU
6011,75691,75693,LEU,ASN
6012,75705,75707,ASN,GLY
6013,75712,75714,GLY,LEU
6014,75731,75733,LEU,HYP
6015,75746,75748,HYP,GLY
6016,75753,75755,GLY,PRO
6017,75767,75769,PRO,ILE
6018,75786,75788,ILE,GLY
6019,75793,75795,GLY,HYP
6020,75808,75810,HYP,PRO
6021,75822,75824,PRO,GLY
6022,75829,75831,GLY,PRO
6023,75843,75845,PRO,ARG
6024,75867,75869,ARG,GLY
6025,75874,75876,GLY,ARG
6026,75898,75900,ARG,THR
6027,75912,75914,THR,GLY
6028,75919,75921,GLY,ASP
6029,75931,75933,ASP,SER
6030,75942,75944,SER,GLY
6031,75949,75951,GLY,PRO
6032,75963,75965,PRO,ALA
6033,75973,75975,ALA,GLY
6034,75980,75982,GLY,PRO
6035,75994,75996,PRO,HYP
6036,76009,76011,HYP,GLY
6037,76016,76018,GLY,PRO
6038,76030,76032,PRO,HYP
6039,76045,76047,HYP,GLY
6040,76052,76054,GLY,PRO
6041,76066,76068,PRO,HYP
6042,76081,76083,HYP,GLY
6043,76088,76090,GLY,PRO
6044,76102,76104,PRO,HYP
6045,76117,76119,HYP,GLY
6046,76124,76126,GLY,PRO
6047,76138,76140,PRO,HYP
6048,76153,76155,HYP,SER
6049,76164,76166,SER,GLY
6050,76171,76173,GLY,GLY
6051,76178,76180,GLY,DO2
6052,76199,76201,DO2,ASP
6053,76211,76213,ASP,DO2
6054,76232,76234,DO2,SER
6055,76243,76245,SER,DO2
6056,76264,76266,DO2,LEU
6057,76283,76285,LEU,PRO
6058,76297,76299,PRO,GLN
6059,76314,76316,GLN,PRO
6060,76328,76330,PRO,PRO
6061,76342,76344,PRO,GLN
6062,76359,76361,GLN,GLU
6063,76374,76376,GLU,LY3
6064,76386,76388,LY3,SER
6065,76397,76399,SER,GLN
6066,76414,76416,GLN,ASP
6067,76426,76428,ASP,GLY
6068,76433,76435,GLY,GLY
6069,76440,76442,GLY,ARG
6070,76464,76466,ARG,DO2
6071,76485,76487,DO2,DO1
6072,76506,76508,DO1,ARG
6073,76530,76532,ARG,ALA
6074,76557,76559,ALA,GLY
6075,76564,76566,GLY,PRO
6076,76578,76580,PRO,HYP
6077,76593,76595,HYP,GLY
6078,76600,76602,GLY,ALA
6079,76610,76612,ALA,ASP
6080,76622,76624,ASP,GLY
6081,76629,76631,GLY,GLN
6082,76646,76648,GLN,HYP
6083,76661,76663,HYP,GLY
6084,76668,76670,GLY,ALA
6085,76678,76680,ALA,LYS
6086,76700,76702,LYS,GLY
6087,76707,76709,GLY,GLU
6088,76722,76724,GLU,PRO
6089,76736,76738,PRO,GLY
6090,76743,76745,GLY,ASP
6091,76755,76757,ASP,THR
6092,76769,76771,THR,GLY
6093,76776,76778,GLY,VAL
6094,76792,76794,VAL,LYS
6095,76814,76816,LYS,GLY
6096,76821,76823,GLY,ASP
6097,76833,76835,ASP,ALA
6098,76843,76845,ALA,GLY
6099,76850,76852,GLY,PRO
6100,76864,76866,PRO,HYP
6101,76879,76881,HYP,GLY
6102,76886,76888,GLY,PRO
6103,76900,76902,PRO,ALA
6104,76910,76912,ALA,GLY
6105,76917,76919,GLY,PRO
6106,76931,76933,PRO,ALA
6107,76941,76943,ALA,GLY
6108,76948,76950,GLY,PRO
6109,76962,76964,PRO,HYP
6110,76977,76979,HYP,GLY
6111,76984,76986,GLY,PRO
6112,76998,77000,PRO,ILE
6113,77017,77019,ILE,GLY
6114,77024,77026,GLY,ASN
6115,77038,77040,ASN,VAL
6116,77054,77056,VAL,GLY
6117,77061,77063,GLY,ALA
6118,77071,77073,ALA,HYP
6119,77086,77088,HYP,GLY
6120,77093,77095,GLY,PRO
6121,77107,77109,PRO,LYS
6122,77129,77131,LYS,GLY
6123,77136,77138,GLY,SER
6124,77147,77149,SER,ARG
6125,77171,77173,ARG,GLY
6126,77178,77180,GLY,ALA
6127,77188,77190,ALA,ALA
6128,77198,77200,ALA,GLY
6129,77205,77207,GLY,PRO
6130,77219,77221,PRO,HYP
6131,77234,77236,HYP,GLY
6132,77241,77243,GLY,ALA
6133,77251,77253,ALA,THR
6134,77265,77267,THR,GLY
6135,77272,77274,GLY,DO2
6136,77293,77295,DO2,HYP
6137,77308,77310,HYP,GLY
6138,77315,77317,GLY,ALA
6139,77325,77327,ALA,ALA
6140,77335,77337,ALA,GLY
6141,77342,77344,GLY,ARG
6142,77366,77368,ARG,VAL
6143,77382,77384,VAL,GLY
6144,77389,77391,GLY,PRO
6145,77403,77405,PRO,HYP
6146,77418,77420,HYP,GLY
6147,77425,77427,GLY,PRO
6148,77439,77441,PRO,SER
6149,77450,77452,SER,GLY
6150,77457,77459,GLY,ASN
6151,77471,77473,ASN,ALA
6152,77481,77483,ALA,GLY
6153,77488,77490,GLY,PRO
6154,77502,77504,PRO,HYP
6155,77517,77519,HYP,GLY
6156,77524,77526,GLY,PRO
6157,77538,77540,PRO,HYP
6158,77553,77555,HYP,GLY
6159,77560,77562,GLY,PRO
6160,77574,77576,PRO,VAL
6161,77590,77592,VAL,GLY
6162,77597,77599,GLY,LYS
6163,77619,77621,LYS,GLU
6164,77634,77636,GLU,GLY
6165,77641,77643,GLY,GLY
6166,77648,77650,GLY,LYS
6167,77670,77672,LYS,GLY
6168,77677,77679,GLY,PRO
6169,77691,77693,PRO,ARG
6170,77715,77717,ARG,GLY
6171,77722,77724,GLY,GLU
6172,77737,77739,GLU,THR
6173,77751,77753,THR,GLY
6174,77758,77760,GLY,PRO
6175,77772,77774,PRO,ALA
6176,77782,77784,ALA,GLY
6177,77789,77791,GLY,ARG
6178,77813,77815,ARG,HYP
6179,77828,77830,HYP,GLY
6180,77835,77837,GLY,GLU
6181,77850,77852,GLU,VAL
6182,77866,77868,VAL,GLY
6183,77873,77875,GLY,PRO
6184,77887,77889,PRO,PRO
6185,77901,77903,PRO,GLY
6186,77908,77910,GLY,PRO
6187,77922,77924,PRO,HYP
6188,77937,77939,HYP,GLY
6189,77944,77946,GLY,PRO
6190,77958,77960,PRO,ALA
6191,77968,77970,ALA,GLY
6192,77975,77977,GLY,GLU
6193,77990,77992,GLU,LYS
6194,78012,78014,LYS,GLY
6195,78019,78021,GLY,SER
6196,78030,78032,SER,HYP
6197,78045,78047,HYP,GLY
6198,78052,78054,GLY,ALA
6199,78062,78064,ALA,ASP
6200,78074,78076,ASP,GLY
6201,78081,78083,GLY,PRO
6202,78095,78097,PRO,ALA
6203,78105,78107,ALA,GLY
6204,78112,78114,GLY,SER
6205,78123,78125,SER,HYP
6206,78138,78140,HYP,GLY
6207,78145,78147,GLY,THR
6208,78159,78161,THR,PRO
6209,78173,78175,PRO,GLY
6210,78180,78182,GLY,PRO
6211,78194,78196,PRO,GLN
6212,78211,78213,GLN,GLY
6213,78218,78220,GLY,ILE
6214,78237,78239,ILE,ALA
6215,78247,78249,ALA,GLY
6216,78254,78256,GLY,GLN
6217,78271,78273,GLN,ARG
6218,78295,78297,ARG,GLY
6219,78302,78304,GLY,VAL
6220,78318,78320,VAL,VAL
6221,78334,78336,VAL,GLY
6222,78341,78343,GLY,LEU
6223,78360,78362,LEU,HYP
6224,78375,78377,HYP,GLY
6225,78382,78384,GLY,GLN
6226,78399,78401,GLN,ARG
6227,78423,78425,ARG,GLY
6228,78430,78432,GLY,GLU
6229,78445,78447,GLU,ARG
6230,78469,78471,ARG,GLY
6231,78476,78478,GLY,DO2
6232,78497,78499,DO2,HYP
6233,78512,78514,HYP,GLY
6234,78519,78521,GLY,LEU
6235,78538,78540,LEU,HYP
6236,78553,78555,HYP,GLY
6237,78560,78562,GLY,PRO
6238,78574,78576,PRO,SER
6239,78585,78587,SER,GLY
6240,78592,78594,GLY,GLU
6241,78607,78609,GLU,HYP
6242,78622,78624,HYP,GLY
6243,78629,78631,GLY,LYS
6244,78651,78653,LYS,GLN
6245,78668,78670,GLN,GLY
6246,78675,78677,GLY,PRO
6247,78689,78691,PRO,SER
6248,78700,78702,SER,GLY
6249,78707,78709,GLY,ALA
6250,78717,78719,ALA,SER
6251,78728,78730,SER,GLY
6252,78735,78737,GLY,GLU
6253,78750,78752,GLU,ARG
6254,78774,78776,ARG,GLY
6255,78781,78783,GLY,PRO
6256,78795,78797,PRO,HYP
6257,78810,78812,HYP,GLY
6258,78817,78819,GLY,PRO
6259,78831,78833,PRO,MET
6260,78848,78850,MET,GLY
6261,78855,78857,GLY,PRO
6262,78869,78871,PRO,HYP
6263,78884,78886,HYP,GLY
6264,78891,78893,GLY,LEU
6265,78910,78912,LEU,ALA
6266,78920,78922,ALA,GLY
6267,78927,78929,GLY,PRO
6268,78941,78943,PRO,HYP
6269,78956,78958,HYP,GLY
6270,78963,78965,GLY,GLU
6271,78978,78980,GLU,SER
6272,78989,78991,SER,GLY
6273,78996,78998,GLY,ARG
6274,79020,79022,ARG,GLU
6275,79035,79037,GLU,GLY
6276,79042,79044,GLY,SER
6277,79053,79055,SER,HYP
6278,79068,79070,HYP,GLY
6279,79075,79077,GLY,ALA
6280,79085,79087,ALA,GLU
6281,79100,79102,GLU,GLY
6282,79107,79109,GLY,SER
6283,79118,79120,SER,HYP
6284,79133,79135,HYP,GLY
6285,79140,79142,GLY,ARG
6286,79164,79166,ARG,ASP
6287,79176,79178,ASP,GLY
6288,79183,79185,GLY,ALA
6289,79193,79195,ALA,PRO
6290,79207,79209,PRO,GLY
6291,79214,79216,GLY,ALA
6292,79224,79226,ALA,LYS
6293,79246,79248,LYS,GLY
6294,79253,79255,GLY,ASP
6295,79265,79267,ASP,ARG
6296,79289,79291,ARG,GLY
6297,79296,79298,GLY,GLU
6298,79311,79313,GLU,THR
6299,79325,79327,THR,GLY
6300,79332,79334,GLY,PRO
6301,79346,79348,PRO,ALA
6302,79356,79358,ALA,GLY
6303,79363,79365,GLY,PRO
6304,79377,79379,PRO,HYP
6305,79392,79394,HYP,GLY
6306,79399,79401,GLY,ALA
6307,79409,79411,ALA,HYP
6308,79446,79448,ALA,GLY
6309,79453,79455,GLY,PRO
6310,79467,79469,PRO,ALA
6311,79477,79479,ALA,GLY
6312,79484,79486,GLY,SER
6313,79495,79497,SER,ALA
6314,79505,79507,ALA,GLY
6315,79512,79514,GLY,GLN
6316,79529,79531,GLN,HYP
6317,79544,79546,HYP,GLY
6318,79551,79553,GLY,ALA
6319,79561,79563,ALA,LYS
6320,79583,79585,LYS,GLY
6321,79590,79592,GLY,GLU
6322,79605,79607,GLU,LYS
6323,79627,79629,LYS,GLY
6324,79634,79636,GLY,THR
6325,79648,79650,THR,LYS
6326,79670,79672,LYS,GLY
6327,79677,79679,GLY,PRO
6328,79691,79693,PRO,LYS
6329,79713,79715,LYS,GLY
6330,79720,79722,GLY,GLU
6331,79735,79737,GLU,ASN
6332,79749,79751,ASN,GLY
6333,79756,79758,GLY,ILE
6334,79775,79777,ILE,VAL
6335,79791,79793,VAL,GLY
6336,79798,79800,GLY,PRO
6337,79812,79814,PRO,THR
6338,79826,79828,THR,GLY
6339,79833,79835,GLY,PRO
6340,79847,79849,PRO,VAL
6341,79863,79865,VAL,GLY
6342,79870,79872,GLY,ALA
6343,79880,79882,ALA,ALA
6344,79890,79892,ALA,GLY
6345,79897,79899,GLY,PRO
6346,79911,79913,PRO,SER
6347,79922,79924,SER,GLY
6348,79929,79931,GLY,PRO
6349,79943,79945,PRO,ASN
6350,79957,79959,ASN,GLY
6351,79964,79966,GLY,PRO
6352,79978,79980,PRO,HYP
6353,79993,79995,HYP,GLY
6354,80000,80002,GLY,PRO
6355,80014,80016,PRO,ALA
6356,80024,80026,ALA,GLY
6357,80031,80033,GLY,SER
6358,80042,80044,SER,ARG
6359,80066,80068,ARG,GLY
6360,80073,80075,GLY,ASP
6361,80085,80087,ASP,GLY
6362,80092,80094,GLY,GLY
6363,80099,80101,GLY,PRO
6364,80113,80115,PRO,HYP
6365,80128,80130,HYP,GLY
6366,80135,80137,GLY,MET
6367,80152,80154,MET,THR
6368,80166,80168,THR,GLY
6369,80173,80175,GLY,DO2
6370,80194,80196,DO2,HYP
6371,80209,80211,HYP,GLY
6372,80216,80218,GLY,ALA
6373,80226,80228,ALA,ALA
6374,80236,80238,ALA,GLY
6375,80243,80245,GLY,ARG
6376,80267,80269,ARG,THR
6377,80281,80283,THR,GLY
6378,80288,80290,GLY,PRO
6379,80302,80304,PRO,HYP
6380,80317,80319,HYP,GLY
6381,80324,80326,GLY,PRO
6382,80338,80340,PRO,SER
6383,80349,80351,SER,GLY
6384,80356,80358,GLY,ILE
6385,80375,80377,ILE,THR
6386,80389,80391,THR,GLY
6387,80396,80398,GLY,PRO
6388,80410,80412,PRO,HYP
6389,80425,80427,HYP,GLY
6390,80432,80434,GLY,PRO
6391,80446,80448,PRO,HYP
6392,80461,80463,HYP,GLY
6393,80468,80470,GLY,ALA
6394,80478,80480,ALA,ALA
6395,80488,80490,ALA,GLY
6396,80495,80497,GLY,LYS
6397,80517,80519,LYS,GLU
6398,80532,80534,GLU,GLY
6399,80539,80541,GLY,ILE
6400,80558,80560,ILE,ARG
6401,80582,80584,ARG,GLY
6402,80589,80591,GLY,PRO
6403,80603,80605,PRO,ARG
6404,80627,80629,ARG,GLY
6405,80634,80636,GLY,ASP
6406,80646,80648,ASP,GLN
6407,80663,80665,GLN,GLY
6408,80670,80672,GLY,PRO
6409,80684,80686,PRO,VAL
6410,80700,80702,VAL,GLY
6411,80707,80709,GLY,ARG
6412,80731,80733,ARG,THR
6413,80745,80747,THR,GLY
6414,80752,80754,GLY,GLU
6415,80767,80769,GLU,ILE
6416,80786,80788,ILE,GLY
6417,80793,80795,GLY,ALA
6418,80803,80805,ALA,SER
6419,80814,80816,SER,GLY
6420,80821,80823,GLY,PRO
6421,80835,80837,PRO,HYP
6422,80850,80852,HYP,GLY
6423,80857,80859,GLY,DO1
6424,80878,80880,DO1,ALA
6425,80888,80890,ALA,GLY
6426,80895,80897,GLY,GLU
6427,80910,80912,GLU,LYS
6428,80932,80934,LYS,GLY
6429,80939,80941,GLY,PRO
6430,80953,80955,PRO,SER
6431,80964,80966,SER,GLY
6432,80971,80973,GLY,GLU
6433,80986,80988,GLU,HYP
6434,81001,81003,HYP,GLY
6435,81008,81010,GLY,THR
6436,81022,81024,THR,THR
6437,81036,81038,THR,GLY
6438,81043,81045,GLY,PRO
6439,81057,81059,PRO,HYP
6440,81072,81074,HYP,GLY
6441,81079,81081,GLY,THR
6442,81093,81095,THR,ALA
6443,81103,81105,ALA,GLY
6444,81110,81112,GLY,PRO
6445,81124,81126,PRO,GLN
6446,81141,81143,GLN,GLY
6447,81148,81150,GLY,LEU
6448,81167,81169,LEU,LEU
6449,81186,81188,LEU,GLY
6450,81193,81195,GLY,ALA
6451,81203,81205,ALA,HYP
6452,81218,81220,HYP,GLY
6453,81225,81227,GLY,ILE
6454,81244,81246,ILE,LEU
6455,81263,81265,LEU,GLY
6456,81270,81272,GLY,LEU
6457,81289,81291,LEU,HYP
6458,81304,81306,HYP,GLY
6459,81311,81313,GLY,SER
6460,81322,81324,SER,ARG
6461,81346,81348,ARG,GLY
6462,81353,81355,GLY,GLU
6463,81368,81370,GLU,ARG
6464,81392,81394,ARG,GLY
6465,81399,81401,GLY,GLN
6466,81416,81418,GLN,HYP
6467,81431,81433,HYP,GLY
6468,81438,81440,GLY,ILE
6469,81457,81459,ILE,ALA
6470,81467,81469,ALA,GLY
6471,81474,81476,GLY,ALA
6472,81484,81486,ALA,LEU
6473,81503,81505,LEU,GLY
6474,81510,81512,GLY,GLU
6475,81525,81527,GLU,HYP
6476,81540,81542,HYP,GLY
6477,81547,81549,GLY,PRO
6478,81561,81563,PRO,LEU
6479,81580,81582,LEU,GLY
6480,81587,81589,GLY,ILE
6481,81606,81608,ILE,ALA
6482,81616,81618,ALA,GLY
6483,81623,81625,GLY,PRO
6484,81637,81639,PRO,HYP
6485,81652,81654,HYP,GLY
6486,81659,81661,GLY,ALA
6487,81669,81671,ALA,ARG
6488,81693,81695,ARG,GLY
6489,81700,81702,GLY,PRO
6490,81714,81716,PRO,HYP
6491,81729,81731,HYP,GLY
6492,81736,81738,GLY,ALA
6493,81746,81748,ALA,VAL
6494,81762,81764,VAL,GLY
6495,81769,81771,GLY,SER
6496,81780,81782,SER,HYP
6497,81795,81797,HYP,GLY
6498,81802,81804,GLY,VAL
6499,81818,81820,VAL,ASN
6500,81832,81834,ASN,GLY
6501,81839,81841,GLY,ALA
6502,81849,81851,ALA,HYP
6503,81864,81866,HYP,GLY
6504,81871,81873,GLY,GLU
6505,81886,81888,GLU,ALA
6506,81896,81898,ALA,GLY
6507,81903,81905,GLY,ARG
6508,81927,81929,ARG,ASP
6509,81939,81941,ASP,GLY
6510,81946,81948,GLY,ASN
6511,81960,81962,ASN,HYP
6512,81975,81977,HYP,GLY
6513,81982,81984,GLY,SER
6514,81993,81995,SER,ASP
6515,82005,82007,ASP,GLY
6516,82012,82014,GLY,PRO
6517,82026,82028,PRO,HYP
6518,82041,82043,HYP,GLY
6519,82048,82050,GLY,ARG
6520,82072,82074,ARG,ASP
6521,82084,82086,ASP,GLY
6522,82091,82093,GLY,GLN
6523,82108,82110,GLN,HYP
6524,82123,82125,HYP,GLY
6525,82130,82132,GLY,HIS
6526,82147,82149,HIS,LYS
6527,82169,82171,LYS,GLY
6528,82176,82178,GLY,GLU
6529,82191,82193,GLU,ARG
6530,82215,82217,ARG,GLY
6531,82222,82224,GLY,DO1
6532,82243,82245,DO1,HYP
6533,82258,82260,HYP,GLY
6534,82265,82267,GLY,ASN
6535,82279,82281,ASN,ILE
6536,82298,82300,ILE,GLY
6537,82305,82307,GLY,PRO
6538,82319,82321,PRO,THR
6539,82333,82335,THR,GLY
6540,82340,82342,GLY,ALA
6541,82369,82371,GLY,DO2
6542,82390,82392,DO2,ALA
6543,82400,82402,ALA,GLY
6544,82407,82409,GLY,PRO
6545,82421,82423,PRO,HYP
6546,82436,82438,HYP,GLY
6547,82443,82445,GLY,ALA
6548,82453,82455,ALA,ASP
6549,82465,82467,ASP,GLY
6550,82472,82474,GLY,GLN
6551,82489,82491,GLN,HYP
6552,82504,82506,HYP,GLY
6553,82511,82513,GLY,ALA
6554,82521,82523,ALA,LYS
6555,82543,82545,LYS,GLY
6556,82550,82552,GLY,GLU
6557,82565,82567,GLU,PRO
6558,82579,82581,PRO,GLY
6559,82586,82588,GLY,ASP
6560,82598,82600,ASP,THR
6561,82612,82614,THR,GLY
6562,82619,82621,GLY,VAL
6563,82635,82637,VAL,LYS
6564,82657,82659,LYS,GLY
6565,82664,82666,GLY,ASP
6566,82676,82678,ASP,ALA
6567,82686,82688,ALA,GLY
6568,82693,82695,GLY,PRO
6569,82707,82709,PRO,HYP
6570,82722,82724,HYP,GLY
6571,82729,82731,GLY,PRO
6572,82743,82745,PRO,ALA
6573,82753,82755,ALA,GLY
6574,82760,82762,GLY,PRO
6575,82774,82776,PRO,ALA
6576,82784,82786,ALA,GLY
6577,82791,82793,GLY,PRO
6578,82805,82807,PRO,HYP
6579,82820,82822,HYP,GLY
6580,82827,82829,GLY,PRO
6581,82841,82843,PRO,ILE
6582,82860,82862,ILE,GLY
6583,82867,82869,GLY,ASN
6584,82881,82883,ASN,VAL
6585,82897,82899,VAL,GLY
6586,82904,82906,GLY,ALA
6587,82914,82916,ALA,HYP
6588,82929,82931,HYP,GLY
6589,82936,82938,GLY,PRO
6590,82950,82952,PRO,LYS
6591,82972,82974,LYS,GLY
6592,82979,82981,GLY,SER
6593,82990,82992,SER,ARG
6594,83014,83016,ARG,GLY
6595,83021,83023,GLY,ALA
6596,83031,83033,ALA,ALA
6597,83041,83043,ALA,GLY
6598,83048,83050,GLY,PRO
6599,83062,83064,PRO,HYP
6600,83077,83079,HYP,GLY
6601,83084,83086,GLY,ALA
6602,83094,83096,ALA,THR
6603,83108,83110,THR,GLY
6604,83115,83117,GLY,DO2
6605,83136,83138,DO2,HYP
6606,83151,83153,HYP,GLY
6607,83158,83160,GLY,ALA
6608,83168,83170,ALA,ALA
6609,83178,83180,ALA,GLY
6610,83185,83187,GLY,ARG
6611,83209,83211,ARG,VAL
6612,83225,83227,VAL,GLY
6613,83232,83234,GLY,PRO
6614,83246,83248,PRO,HYP
6615,83261,83263,HYP,GLY
6616,83268,83270,GLY,PRO
6617,83282,83284,PRO,SER
6618,83293,83295,SER,GLY
6619,83300,83302,GLY,ASN
6620,83314,83316,ASN,ALA
6621,83324,83326,ALA,GLY
6622,83331,83333,GLY,PRO
6623,83345,83347,PRO,HYP
6624,83360,83362,HYP,GLY
6625,83367,83369,GLY,PRO
6626,83381,83383,PRO,HYP
6627,83396,83398,HYP,GLY
6628,83403,83405,GLY,PRO
6629,83417,83419,PRO,VAL
6630,83433,83435,VAL,GLY
6631,83440,83442,GLY,LYS
6632,83462,83464,LYS,GLU
6633,83477,83479,GLU,GLY
6634,83484,83486,GLY,GLY
6635,83491,83493,GLY,LYS
6636,83513,83515,LYS,GLY
6637,83520,83522,GLY,PRO
6638,83534,83536,PRO,ARG
6639,83558,83560,ARG,GLY
6640,83565,83567,GLY,GLU
6641,83580,83582,GLU,THR
6642,83594,83596,THR,GLY
6643,83601,83603,GLY,PRO
6644,83615,83617,PRO,ALA
6645,83625,83627,ALA,GLY
6646,83632,83634,GLY,ARG
6647,83656,83658,ARG,HYP
6648,83671,83673,HYP,GLY
6649,83678,83680,GLY,GLU
6650,83693,83695,GLU,VAL
6651,83709,83711,VAL,GLY
6652,83716,83718,GLY,PRO
6653,83730,83732,PRO,PRO
6654,83744,83746,PRO,GLY
6655,83751,83753,GLY,PRO
6656,83765,83767,PRO,HYP
6657,83780,83782,HYP,GLY
6658,83787,83789,GLY,PRO
6659,83801,83803,PRO,ALA
6660,83811,83813,ALA,GLY
6661,83818,83820,GLY,GLU
6662,83833,83835,GLU,LYS
6663,83855,83857,LYS,GLY
6664,83862,83864,GLY,SER
6665,83873,83875,SER,HYP
6666,83888,83890,HYP,GLY
6667,83895,83897,GLY,ALA
6668,83905,83907,ALA,ASP
6669,83917,83919,ASP,GLY
6670,83924,83926,GLY,PRO
6671,83938,83940,PRO,ALA
6672,83948,83950,ALA,GLY
6673,83955,83957,GLY,SER
6674,83966,83968,SER,HYP
6675,83981,83983,HYP,GLY
6676,83988,83990,GLY,THR
6677,84002,84004,THR,PRO
6678,84016,84018,PRO,GLY
6679,84023,84025,GLY,PRO
6680,84037,84039,PRO,GLN
6681,84054,84056,GLN,GLY
6682,84061,84063,GLY,ILE
6683,84080,84082,ILE,ALA
6684,84090,84092,ALA,GLY
6685,84097,84099,GLY,GLN
6686,84114,84116,GLN,ARG
6687,84138,84140,ARG,GLY
6688,84145,84147,GLY,VAL
6689,84161,84163,VAL,VAL
6690,84177,84179,VAL,GLY
6691,84184,84186,GLY,LEU
6692,84203,84205,LEU,HYP
6693,84218,84220,HYP,GLY
6694,84225,84227,GLY,GLN
6695,84242,84244,GLN,ARG
6696,84266,84268,ARG,GLY
6697,84273,84275,GLY,GLU
6698,84288,84290,GLU,ARG
6699,84312,84314,ARG,GLY
6700,84319,84321,GLY,DO2
6701,84340,84342,DO2,HYP
6702,84355,84357,HYP,GLY
6703,84362,84364,GLY,LEU
6704,84381,84383,LEU,HYP
6705,84396,84398,HYP,GLY
6706,84403,84405,GLY,PRO
6707,84417,84419,PRO,SER
6708,84428,84430,SER,GLY
6709,84435,84437,GLY,GLU
6710,84450,84452,GLU,HYP
6711,84465,84467,HYP,GLY
6712,84472,84474,GLY,LYS
6713,84494,84496,LYS,GLN
6714,84511,84513,GLN,GLY
6715,84518,84520,GLY,PRO
6716,84532,84534,PRO,SER
6717,84543,84545,SER,GLY
6718,84550,84552,GLY,ALA
6719,84560,84562,ALA,SER
6720,84571,84573,SER,GLY
6721,84578,84580,GLY,GLU
6722,84593,84595,GLU,ARG
6723,84617,84619,ARG,GLY
6724,84624,84626,GLY,PRO
6725,84638,84640,PRO,HYP
6726,84653,84655,HYP,GLY
6727,84660,84662,GLY,PRO
6728,84674,84676,PRO,MET
6729,84691,84693,MET,GLY
6730,84698,84700,GLY,PRO
6731,84712,84714,PRO,HYP
6732,84727,84729,HYP,GLY
6733,84734,84736,GLY,LEU
6734,84753,84755,LEU,ALA
6735,84763,84765,ALA,GLY
6736,84770,84772,GLY,PRO
6737,84784,84786,PRO,HYP
6738,84799,84801,HYP,GLY
6739,84806,84808,GLY,GLU
6740,84821,84823,GLU,SER
6741,84832,84834,SER,GLY
6742,84839,84841,GLY,ARG
6743,84863,84865,ARG,GLU
6744,84878,84880,GLU,GLY
6745,84885,84887,GLY,SER
6746,84896,84898,SER,HYP
6747,84911,84913,HYP,GLY
6748,84918,84920,GLY,ALA
6749,84928,84930,ALA,GLU
6750,84943,84945,GLU,GLY
6751,84950,84952,GLY,SER
6752,84961,84963,SER,HYP
6753,84976,84978,HYP,GLY
6754,84983,84985,GLY,ARG
6755,85007,85009,ARG,ASP
6756,85019,85021,ASP,GLY
6757,85026,85028,GLY,ALA
6758,85036,85038,ALA,PRO
6759,85050,85052,PRO,GLY
6760,85057,85059,GLY,ALA
6761,85067,85069,ALA,LYS
6762,85089,85091,LYS,GLY
6763,85096,85098,GLY,ASP
6764,85108,85110,ASP,ARG
6765,85132,85134,ARG,GLY
6766,85139,85141,GLY,GLU
6767,85154,85156,GLU,THR
6768,85168,85170,THR,GLY
6769,85175,85177,GLY,PRO
6770,85189,85191,PRO,ALA
6771,85199,85201,ALA,GLY
6772,85206,85208,GLY,PRO
6773,85220,85222,PRO,HYP
6774,85235,85237,HYP,GLY
6775,85275,85277,DO1,HYP
6776,85290,85292,HYP,GLY
6777,85297,85299,GLY,ALA
6778,85307,85309,ALA,ALA
6779,85317,85319,ALA,GLY
6780,85324,85326,GLY,ALA
6781,85334,85336,ALA,LYS
6782,85356,85358,LYS,GLY
6783,85363,85365,GLY,GLU
6784,85378,85380,GLU,ALA
6785,85388,85390,ALA,GLY
6786,85395,85397,GLY,PRO
6787,85409,85411,PRO,GLN
6788,85426,85428,GLN,GLY
6789,85433,85435,GLY,ALA
6790,85443,85445,ALA,ARG
6791,85467,85469,ARG,GLY
6792,85474,85476,GLY,SER
6793,85485,85487,SER,GLU
6794,85500,85502,GLU,GLY
6795,85507,85509,GLY,PRO
6796,85521,85523,PRO,GLN
6797,85538,85540,GLN,GLY
6798,85545,85547,GLY,VAL
6799,85561,85563,VAL,ARG
6800,85585,85587,ARG,GLY
6801,85592,85594,GLY,GLU
6802,85607,85609,GLU,HYP
6803,85622,85624,HYP,GLY
6804,85629,85631,GLY,PRO
6805,85643,85645,PRO,HYP
6806,85658,85660,HYP,GLY
6807,85665,85667,GLY,PRO
6808,85679,85681,PRO,ALA
6809,85689,85691,ALA,GLY
6810,85696,85698,GLY,ALA
6811,85706,85708,ALA,ALA
6812,85716,85718,ALA,GLY
6813,85723,85725,GLY,PRO
6814,85737,85739,PRO,ALA
6815,85747,85749,ALA,GLY
6816,85754,85756,GLY,ASN
6817,85768,85770,ASN,HYP
6818,85783,85785,HYP,GLY
6819,85790,85792,GLY,ALA
6820,85800,85802,ALA,ASP
6821,85812,85814,ASP,GLY
6822,85819,85821,GLY,GLN
6823,85836,85838,GLN,HYP
6824,85851,85853,HYP,GLY
6825,85858,85860,GLY,ALA
6826,85868,85870,ALA,LYS
6827,85890,85892,LYS,GLY
6828,85897,85899,GLY,ALA
6829,85907,85909,ALA,ASN
6830,85921,85923,ASN,GLY
6831,85928,85930,GLY,ALA
6832,85938,85940,ALA,HYP
6833,85953,85955,HYP,GLY
6834,85960,85962,GLY,ILE
6835,85979,85981,ILE,ALA
6836,85989,85991,ALA,GLY
6837,85996,85998,GLY,ALA
6838,86006,86008,ALA,HYP
6839,86021,86023,HYP,GLY
6840,86028,86030,GLY,DO2
6841,86049,86051,DO2,HYP
6842,86064,86066,HYP,GLY
6843,86071,86073,GLY,ALA
6844,86081,86083,ALA,ARG
6845,86105,86107,ARG,GLY
6846,86112,86114,GLY,PRO
6847,86126,86128,PRO,SER
6848,86137,86139,SER,GLY
6849,86144,86146,GLY,PRO
6850,86158,86160,PRO,GLN
6851,86175,86177,GLN,GLY
6852,86182,86184,GLY,PRO
6853,86196,86198,PRO,SER
6854,86207,86209,SER,GLY
6855,86214,86216,GLY,ALA
6856,86224,86226,ALA,HYP
6857,86239,86241,HYP,GLY
6858,86246,86248,GLY,PRO
6859,86260,86262,PRO,LYS
6860,86282,86284,LYS,GLY
6861,86289,86291,GLY,ASN
6862,86303,86305,ASN,SER
6863,86314,86316,SER,GLY
6864,86321,86323,GLY,GLU
6865,86336,86338,GLU,HYP
6866,86351,86353,HYP,GLY
6867,86358,86360,GLY,ALA
6868,86368,86370,ALA,HYP
6869,86383,86385,HYP,GLY
6870,86390,86392,GLY,ASN
6871,86404,86406,ASN,LYS
6872,86426,86428,LYS,GLY
6873,86433,86435,GLY,ASP
6874,86445,86447,ASP,THR
6875,86459,86461,THR,GLY
6876,86466,86468,GLY,ALA
6877,86476,86478,ALA,LYS
6878,86498,86500,LYS,GLY
6879,86505,86507,GLY,GLU
6880,86520,86522,GLU,HYP
6881,86535,86537,HYP,GLY
6882,86542,86544,GLY,PRO
6883,86556,86558,PRO,ALA
6884,86566,86568,ALA,GLY
6885,86573,86575,GLY,VAL
6886,86589,86591,VAL,GLN
6887,86606,86608,GLN,GLY
6888,86613,86615,GLY,PRO
6889,86627,86629,PRO,HYP
6890,86642,86644,HYP,GLY
6891,86649,86651,GLY,PRO
6892,86663,86665,PRO,ALA
6893,86673,86675,ALA,GLY
6894,86680,86682,GLY,GLU
6895,86695,86697,GLU,GLU
6896,86710,86712,GLU,GLY
6897,86717,86719,GLY,LYS
6898,86739,86741,LYS,ARG
6899,86763,86765,ARG,GLY
6900,86770,86772,GLY,ALA
6901,86780,86782,ALA,ARG
6902,86804,86806,ARG,GLY
6903,86811,86813,GLY,GLU
6904,86826,86828,GLU,HYP
6905,86841,86843,HYP,GLY
6906,86848,86850,GLY,PRO
6907,86862,86864,PRO,SER
6908,86873,86875,SER,GLY
6909,86880,86882,GLY,LEU
6910,86899,86901,LEU,HYP
6911,86914,86916,HYP,GLY
6912,86921,86923,GLY,PRO
6913,86935,86937,PRO,PRO
6914,86949,86951,PRO,GLY
6915,86956,86958,GLY,GLU
6916,86971,86973,GLU,ARG
6917,86995,86997,ARG,GLY
6918,87002,87004,GLY,GLY
6919,87009,87011,GLY,HYP
6920,87024,87026,HYP,GLY
6921,87031,87033,GLY,SER
6922,87042,87044,SER,ARG
6923,87066,87068,ARG,GLY
6924,87073,87075,GLY,DO1
6925,87094,87096,DO1,HYP
6926,87109,87111,HYP,GLY
6927,87116,87118,GLY,ALA
6928,87126,87128,ALA,ASP
6929,87138,87140,ASP,GLY
6930,87145,87147,GLY,VAL
6931,87161,87163,VAL,ALA
6932,87171,87173,ALA,GLY
6933,87178,87180,GLY,PRO
6934,87192,87194,PRO,LYS
6935,87214,87216,LYS,GLY
6936,87221,87223,GLY,PRO
6937,87235,87237,PRO,ALA
6938,87245,87247,ALA,GLY
6939,87252,87254,GLY,GLU
6940,87267,87269,GLU,ARG
6941,87291,87293,ARG,GLY
6942,87298,87300,GLY,SER
6943,87309,87311,SER,HYP
6944,87324,87326,HYP,GLY
6945,87331,87333,GLY,PRO
6946,87345,87347,PRO,ALA
6947,87355,87357,ALA,GLY
6948,87362,87364,GLY,PRO
6949,87376,87378,PRO,LYS
6950,87398,87400,LYS,GLY
6951,87405,87407,GLY,SER
6952,87416,87418,SER,HYP
6953,87431,87433,HYP,GLY
6954,87438,87440,GLY,GLU
6955,87453,87455,GLU,ALA
6956,87463,87465,ALA,GLY
6957,87470,87472,GLY,ARG
6958,87494,87496,ARG,HYP
6959,87509,87511,HYP,GLY
6960,87516,87518,GLY,GLU
6961,87531,87533,GLU,ALA
6962,87541,87543,ALA,GLY
6963,87548,87550,GLY,LEU
6964,87567,87569,LEU,HYP
6965,87582,87584,HYP,GLY
6966,87589,87591,GLY,ALA
6967,87599,87601,ALA,LYS
6968,87621,87623,LYS,GLY
6969,87628,87630,GLY,LEU
6970,87647,87649,LEU,THR
6971,87661,87663,THR,GLY
6972,87668,87670,GLY,SER
6973,87679,87681,SER,HYP
6974,87694,87696,HYP,GLY
6975,87701,87703,GLY,SER
6976,87712,87714,SER,HYP
6977,87727,87729,HYP,GLY
6978,87734,87736,GLY,PRO
6979,87748,87750,PRO,ASP
6980,87760,87762,ASP,GLY
6981,87767,87769,GLY,LYS
6982,87789,87791,LYS,THR
6983,87803,87805,THR,GLY
6984,87810,87812,GLY,PRO
6985,87824,87826,PRO,HYP
6986,87839,87841,HYP,GLY
6987,87846,87848,GLY,PRO
6988,87860,87862,PRO,ALA
6989,87870,87872,ALA,GLY
6990,87877,87879,GLY,GLN
6991,87894,87896,GLN,ASP
6992,87906,87908,ASP,GLY
6993,87913,87915,GLY,ARG
6994,87937,87939,ARG,HYP
6995,87952,87954,HYP,GLY
6996,87959,87961,GLY,PRO
6997,87973,87975,PRO,ALA
6998,87983,87985,ALA,GLY
6999,87990,87992,GLY,PRO
7000,88004,88006,PRO,HYP
7001,88019,88021,HYP,GLY
7002,88026,88028,GLY,ALA
7003,88036,88038,ALA,ARG
7004,88060,88062,ARG,GLY
7005,88067,88069,GLY,GLN
7006,88103,88105,GLY,DO2
7007,88124,88126,DO2,HYP
7008,88139,88141,HYP,GLY
7009,88146,88148,GLY,ALA
7010,88156,88158,ALA,HYP
7011,88171,88173,HYP,GLY
7012,88178,88180,GLY,PRO
7013,88192,88194,PRO,LYS
7014,88214,88216,LYS,GLY
7015,88221,88223,GLY,GLU
7016,88236,88238,GLU,LEU
7017,88255,88257,LEU,GLY
7018,88262,88264,GLY,PRO
7019,88276,88278,PRO,VAL
7020,88292,88294,VAL,GLY
7021,88299,88301,GLY,ASN
7022,88313,88315,ASN,HYP
7023,88328,88330,HYP,GLY
7024,88335,88337,GLY,PRO
7025,88349,88351,PRO,ALA
7026,88359,88361,ALA,GLY
7027,88366,88368,GLY,PRO
7028,88380,88382,PRO,ALA
7029,88390,88392,ALA,GLY
7030,88397,88399,GLY,PRO
7031,88411,88413,PRO,ARG
7032,88435,88437,ARG,GLY
7033,88442,88444,GLY,GLU
7034,88457,88459,GLU,ALA
7035,88467,88469,ALA,GLY
7036,88474,88476,GLY,LEU
7037,88493,88495,LEU,HYP
7038,88508,88510,HYP,GLY
7039,88515,88517,GLY,LEU
7040,88534,88536,LEU,SER
7041,88545,88547,SER,GLY
7042,88552,88554,GLY,PRO
7043,88566,88568,PRO,VAL
7044,88582,88584,VAL,GLY
7045,88589,88591,GLY,PRO
7046,88603,88605,PRO,HYP
7047,88618,88620,HYP,GLY
7048,88625,88627,GLY,ASN
7049,88639,88641,ASN,PRO
7050,88653,88655,PRO,GLY
7051,88660,88662,GLY,ALA
7052,88670,88672,ALA,ASN
7053,88684,88686,ASN,GLY
7054,88691,88693,GLY,LEU
7055,88710,88712,LEU,THR
7056,88724,88726,THR,GLY
7057,88731,88733,GLY,ALA
7058,88741,88743,ALA,LYS
7059,88763,88765,LYS,GLY
7060,88770,88772,GLY,ALA
7061,88780,88782,ALA,THR
7062,88794,88796,THR,GLY
7063,88801,88803,GLY,LEU
7064,88820,88822,LEU,HYP
7065,88835,88837,HYP,GLY
7066,88842,88844,GLY,VAL
7067,88858,88860,VAL,ALA
7068,88868,88870,ALA,GLY
7069,88875,88877,GLY,ALA
7070,88885,88887,ALA,HYP
7071,88900,88902,HYP,GLY
7072,88907,88909,GLY,LEU
7073,88926,88928,LEU,HYP
7074,88941,88943,HYP,GLY
7075,88948,88950,GLY,PRO
7076,88962,88964,PRO,ARG
7077,88986,88988,ARG,GLY
7078,88993,88995,GLY,ILE
7079,89012,89014,ILE,HYP
7080,89027,89029,HYP,GLY
7081,89034,89036,GLY,PRO
7082,89048,89050,PRO,VAL
7083,89064,89066,VAL,GLY
7084,89071,89073,GLY,ALA
7085,89081,89083,ALA,ALA
7086,89091,89093,ALA,GLY
7087,89098,89100,GLY,ALA
7088,89108,89110,ALA,THR
7089,89122,89124,THR,GLY
7090,89129,89131,GLY,PRO
7091,89143,89145,PRO,ARG
7092,89167,89169,ARG,GLY
7093,89174,89176,GLY,LEU
7094,89193,89195,LEU,VAL
7095,89209,89211,VAL,GLY
7096,89216,89218,GLY,GLU
7097,89231,89233,GLU,HYP
7098,89246,89248,HYP,GLY
7099,89253,89255,GLY,PRO
7100,89267,89269,PRO,ALA
7101,89277,89279,ALA,GLY
7102,89284,89286,GLY,SER
7103,89295,89297,SER,LYS
7104,89317,89319,LYS,GLY
7105,89324,89326,GLY,GLU
7106,89339,89341,GLU,THR
7107,89353,89355,THR,GLY
7108,89360,89362,GLY,ASN
7109,89374,89376,ASN,LYS
7110,89396,89398,LYS,GLY
7111,89403,89405,GLY,GLU
7112,89418,89420,GLU,HYP
7113,89433,89435,HYP,GLY
7114,89440,89442,GLY,SER
7115,89451,89453,SER,ALA
7116,89461,89463,ALA,GLY
7117,89468,89470,GLY,ALA
7118,89478,89480,ALA,GLN
7119,89495,89497,GLN,GLY
7120,89502,89504,GLY,PRO
7121,89516,89518,PRO,HYP
7122,89531,89533,HYP,GLY
7123,89538,89540,GLY,PRO
7124,89552,89554,PRO,SER
7125,89563,89565,SER,GLY
7126,89570,89572,GLY,GLU
7127,89585,89587,GLU,GLU
7128,89600,89602,GLU,GLY
7129,89607,89609,GLY,LYS
7130,89629,89631,LYS,ARG
7131,89653,89655,ARG,GLY
7132,89660,89662,GLY,SER
7133,89671,89673,SER,PRO
7134,89685,89687,PRO,GLY
7135,89692,89694,GLY,GLU
7136,89707,89709,GLU,PRO
7137,89721,89723,PRO,GLY
7138,89728,89730,GLY,SER
7139,89739,89741,SER,ALA
7140,89749,89751,ALA,GLY
7141,89756,89758,GLY,PRO
7142,89770,89772,PRO,ALA
7143,89780,89782,ALA,GLY
7144,89787,89789,GLY,PRO
7145,89801,89803,PRO,HYP
7146,89816,89818,HYP,GLY
7147,89823,89825,GLY,LEU
7148,89842,89844,LEU,ARG
7149,89866,89868,ARG,GLY
7150,89873,89875,GLY,SER
7151,89884,89886,SER,HYP
7152,89899,89901,HYP,GLY
7153,89906,89908,GLY,SER
7154,89917,89919,SER,ARG
7155,89941,89943,ARG,GLY
7156,89948,89950,GLY,LEU
7157,89967,89969,LEU,HYP
7158,89982,89984,HYP,GLY
7159,89989,89991,GLY,ALA
7160,89999,90001,ALA,ASP
7161,90011,90013,ASP,GLY
7162,90018,90020,GLY,ARG
7163,90042,90044,ARG,ALA
7164,90052,90054,ALA,GLY
7165,90059,90061,GLY,VAL
7166,90075,90077,VAL,MET
7167,90092,90094,MET,GLY
7168,90099,90101,GLY,PRO
7169,90113,90115,PRO,PRO
7170,90127,90129,PRO,GLY
7171,90134,90136,GLY,ASN
7172,90148,90150,ASN,ARG
7173,90172,90174,ARG,GLY
7174,90179,90181,GLY,SER
7175,90190,90192,SER,THR
7176,90204,90206,THR,GLY
7177,90211,90213,GLY,PRO
7178,90225,90227,PRO,ALA
7179,90235,90237,ALA,GLY
7180,90242,90244,GLY,VAL
7181,90258,90260,VAL,ARG
7182,90282,90284,ARG,GLY
7183,90289,90291,GLY,PRO
7184,90303,90305,PRO,ASN
7185,90317,90319,ASN,GLY
7186,90324,90326,GLY,ASP
7187,90336,90338,ASP,ALA
7188,90346,90348,ALA,GLY
7189,90353,90355,GLY,ARG
7190,90377,90379,ARG,HYP
7191,90392,90394,HYP,GLY
7192,90399,90401,GLY,GLU
7193,90414,90416,GLU,HYP
7194,90429,90431,HYP,GLY
7195,90436,90438,GLY,LEU
7196,90455,90457,LEU,MET
7197,90472,90474,MET,GLY
7198,90479,90481,GLY,PRO
7199,90493,90495,PRO,ARG
7200,90517,90519,ARG,GLY
7201,90524,90526,GLY,LEU
7202,90543,90545,LEU,HYP
7203,90558,90560,HYP,GLY
7204,90565,90567,GLY,SER
7205,90576,90578,SER,HYP
7206,90591,90593,HYP,GLY
7207,90598,90600,GLY,ASN
7208,90612,90614,ASN,VAL
7209,90628,90630,VAL,GLY
7210,90635,90637,GLY,PRO
7211,90649,90651,PRO,ALA
7212,90659,90661,ALA,GLY
7213,90666,90668,GLY,LYS
7214,90688,90690,LYS,GLU
7215,90703,90705,GLU,GLY
7216,90710,90712,GLY,PRO
7217,90724,90726,PRO,VAL
7218,90740,90742,VAL,GLY
7219,90747,90749,GLY,LEU
7220,90766,90768,LEU,HYP
7221,90781,90783,HYP,GLY
7222,90788,90790,GLY,ILE
7223,90807,90809,ILE,ASP
7224,90819,90821,ASP,GLY
7225,90826,90828,GLY,ARG
7226,90850,90852,ARG,HYP
7227,90865,90867,HYP,GLY
7228,90872,90874,GLY,PRO
7229,90886,90888,PRO,ILE
7230,90905,90907,ILE,GLY
7231,90912,90914,GLY,PRO
7232,90926,90928,PRO,ALA
7233,90936,90938,ALA,GLY
7234,90943,90945,GLY,PRO
7235,90957,90959,PRO,ARG
7236,90981,90983,ARG,GLY
7237,91007,91009,GLY,DO1
7238,91028,91030,DO1,HYP
7239,91043,91045,HYP,GLY
7240,91050,91052,GLY,ALA
7241,91060,91062,ALA,ALA
7242,91070,91072,ALA,GLY
7243,91077,91079,GLY,ALA
7244,91087,91089,ALA,LYS
7245,91109,91111,LYS,GLY
7246,91116,91118,GLY,GLU
7247,91131,91133,GLU,ALA
7248,91141,91143,ALA,GLY
7249,91148,91150,GLY,PRO
7250,91162,91164,PRO,GLN
7251,91179,91181,GLN,GLY
7252,91186,91188,GLY,ALA
7253,91196,91198,ALA,ARG
7254,91220,91222,ARG,GLY
7255,91227,91229,GLY,SER
7256,91238,91240,SER,GLU
7257,91253,91255,GLU,GLY
7258,91260,91262,GLY,PRO
7259,91274,91276,PRO,GLN
7260,91291,91293,GLN,GLY
7261,91298,91300,GLY,VAL
7262,91314,91316,VAL,ARG
7263,91338,91340,ARG,GLY
7264,91345,91347,GLY,GLU
7265,91360,91362,GLU,HYP
7266,91375,91377,HYP,GLY
7267,91382,91384,GLY,PRO
7268,91396,91398,PRO,HYP
7269,91411,91413,HYP,GLY
7270,91418,91420,GLY,PRO
7271,91432,91434,PRO,ALA
7272,91442,91444,ALA,GLY
7273,91449,91451,GLY,ALA
7274,91459,91461,ALA,ALA
7275,91469,91471,ALA,GLY
7276,91476,91478,GLY,PRO
7277,91490,91492,PRO,ALA
7278,91500,91502,ALA,GLY
7279,91507,91509,GLY,ASN
7280,91521,91523,ASN,HYP
7281,91536,91538,HYP,GLY
7282,91543,91545,GLY,ALA
7283,91553,91555,ALA,ASP
7284,91565,91567,ASP,GLY
7285,91572,91574,GLY,GLN
7286,91589,91591,GLN,HYP
7287,91604,91606,HYP,GLY
7288,91611,91613,GLY,ALA
7289,91621,91623,ALA,LYS
7290,91643,91645,LYS,GLY
7291,91650,91652,GLY,ALA
7292,91660,91662,ALA,ASN
7293,91674,91676,ASN,GLY
7294,91681,91683,GLY,ALA
7295,91691,91693,ALA,HYP
7296,91706,91708,HYP,GLY
7297,91713,91715,GLY,ILE
7298,91732,91734,ILE,ALA
7299,91742,91744,ALA,GLY
7300,91749,91751,GLY,ALA
7301,91759,91761,ALA,HYP
7302,91774,91776,HYP,GLY
7303,91781,91783,GLY,DO2
7304,91802,91804,DO2,HYP
7305,91817,91819,HYP,GLY
7306,91824,91826,GLY,ALA
7307,91834,91836,ALA,ARG
7308,91858,91860,ARG,GLY
7309,91865,91867,GLY,PRO
7310,91879,91881,PRO,SER
7311,91890,91892,SER,GLY
7312,91897,91899,GLY,PRO
7313,91911,91913,PRO,GLN
7314,91928,91930,GLN,GLY
7315,91935,91937,GLY,PRO
7316,91949,91951,PRO,SER
7317,91960,91962,SER,GLY
7318,91967,91969,GLY,ALA
7319,91977,91979,ALA,HYP
7320,91992,91994,HYP,GLY
7321,91999,92001,GLY,PRO
7322,92013,92015,PRO,LYS
7323,92035,92037,LYS,GLY
7324,92042,92044,GLY,ASN
7325,92056,92058,ASN,SER
7326,92067,92069,SER,GLY
7327,92074,92076,GLY,GLU
7328,92089,92091,GLU,HYP
7329,92104,92106,HYP,GLY
7330,92111,92113,GLY,ALA
7331,92121,92123,ALA,HYP
7332,92136,92138,HYP,GLY
7333,92143,92145,GLY,ASN
7334,92157,92159,ASN,LYS
7335,92179,92181,LYS,GLY
7336,92186,92188,GLY,ASP
7337,92198,92200,ASP,THR
7338,92212,92214,THR,GLY
7339,92219,92221,GLY,ALA
7340,92229,92231,ALA,LYS
7341,92251,92253,LYS,GLY
7342,92258,92260,GLY,GLU
7343,92273,92275,GLU,HYP
7344,92288,92290,HYP,GLY
7345,92295,92297,GLY,PRO
7346,92309,92311,PRO,ALA
7347,92319,92321,ALA,GLY
7348,92326,92328,GLY,VAL
7349,92342,92344,VAL,GLN
7350,92359,92361,GLN,GLY
7351,92366,92368,GLY,PRO
7352,92380,92382,PRO,HYP
7353,92395,92397,HYP,GLY
7354,92402,92404,GLY,PRO
7355,92416,92418,PRO,ALA
7356,92426,92428,ALA,GLY
7357,92433,92435,GLY,GLU
7358,92448,92450,GLU,GLU
7359,92463,92465,GLU,GLY
7360,92470,92472,GLY,LYS
7361,92492,92494,LYS,ARG
7362,92516,92518,ARG,GLY
7363,92523,92525,GLY,ALA
7364,92533,92535,ALA,ARG
7365,92557,92559,ARG,GLY
7366,92564,92566,GLY,GLU
7367,92579,92581,GLU,HYP
7368,92594,92596,HYP,GLY
7369,92601,92603,GLY,PRO
7370,92615,92617,PRO,SER
7371,92626,92628,SER,GLY
7372,92633,92635,GLY,LEU
7373,92652,92654,LEU,HYP
7374,92667,92669,HYP,GLY
7375,92674,92676,GLY,PRO
7376,92688,92690,PRO,PRO
7377,92702,92704,PRO,GLY
7378,92709,92711,GLY,GLU
7379,92724,92726,GLU,ARG
7380,92748,92750,ARG,GLY
7381,92755,92757,GLY,GLY
7382,92762,92764,GLY,HYP
7383,92777,92779,HYP,GLY
7384,92784,92786,GLY,SER
7385,92795,92797,SER,ARG
7386,92819,92821,ARG,GLY
7387,92826,92828,GLY,DO2
7388,92847,92849,DO2,HYP
7389,92862,92864,HYP,GLY
7390,92869,92871,GLY,ALA
7391,92879,92881,ALA,ASP
7392,92891,92893,ASP,GLY
7393,92898,92900,GLY,VAL
7394,92914,92916,VAL,ALA
7395,92924,92926,ALA,GLY
7396,92931,92933,GLY,PRO
7397,92945,92947,PRO,LYS
7398,92967,92969,LYS,GLY
7399,92974,92976,GLY,PRO
7400,92988,92990,PRO,ALA
7401,92998,93000,ALA,GLY
7402,93005,93007,GLY,GLU
7403,93020,93022,GLU,ARG
7404,93044,93046,ARG,GLY
7405,93051,93053,GLY,SER
7406,93062,93064,SER,HYP
7407,93077,93079,HYP,GLY
7408,93084,93086,GLY,PRO
7409,93098,93100,PRO,ALA
7410,93108,93110,ALA,GLY
7411,93115,93117,GLY,PRO
7412,93129,93131,PRO,LYS
7413,93151,93153,LYS,GLY
7414,93158,93160,GLY,SER
7415,93169,93171,SER,HYP
7416,93184,93186,HYP,GLY
7417,93191,93193,GLY,GLU
7418,93206,93208,GLU,ALA
7419,93216,93218,ALA,GLY
7420,93223,93225,GLY,ARG
7421,93247,93249,ARG,HYP
7422,93262,93264,HYP,GLY
7423,93269,93271,GLY,GLU
7424,93284,93286,GLU,ALA
7425,93294,93296,ALA,GLY
7426,93301,93303,GLY,LEU
7427,93320,93322,LEU,HYP
7428,93335,93337,HYP,GLY
7429,93342,93344,GLY,ALA
7430,93352,93354,ALA,LYS
7431,93374,93376,LYS,GLY
7432,93381,93383,GLY,LEU
7433,93400,93402,LEU,THR
7434,93414,93416,THR,GLY
7435,93421,93423,GLY,SER
7436,93432,93434,SER,HYP
7437,93447,93449,HYP,GLY
7438,93454,93456,GLY,SER
7439,93465,93467,SER,HYP
7440,93480,93482,HYP,GLY
7441,93487,93489,GLY,PRO
7442,93501,93503,PRO,ASP
7443,93513,93515,ASP,GLY
7444,93520,93522,GLY,LYS
7445,93542,93544,LYS,THR
7446,93556,93558,THR,GLY
7447,93563,93565,GLY,PRO
7448,93577,93579,PRO,HYP
7449,93592,93594,HYP,GLY
7450,93599,93601,GLY,PRO
7451,93613,93615,PRO,ALA
7452,93623,93625,ALA,GLY
7453,93630,93632,GLY,GLN
7454,93647,93649,GLN,ASP
7455,93659,93661,ASP,GLY
7456,93666,93668,GLY,ARG
7457,93690,93692,ARG,HYP
7458,93705,93707,HYP,GLY
7459,93712,93714,GLY,PRO
7460,93726,93728,PRO,ALA
7461,93736,93738,ALA,GLY
7462,93743,93745,GLY,PRO
7463,93757,93759,PRO,HYP
7464,93772,93774,HYP,GLY
7465,93779,93781,GLY,ALA
7466,93789,93791,ALA,ARG
7467,93813,93815,ARG,GLY
7468,93839,93841,GLY,ALA
7469,93849,93851,ALA,HYP
7470,93864,93866,HYP,GLY
7471,93871,93873,GLY,ALA
7472,93881,93883,ALA,PRO
7473,93895,93897,PRO,GLY
7474,93902,93904,GLY,PRO
7475,93916,93918,PRO,VAL
7476,93932,93934,VAL,GLY
7477,93939,93941,GLY,PRO
7478,93953,93955,PRO,ALA
7479,93963,93965,ALA,GLY
7480,93970,93972,GLY,LYS
7481,93992,93994,LYS,ASN
7482,94006,94008,ASN,GLY
7483,94013,94015,GLY,ASP
7484,94025,94027,ASP,ARG
7485,94049,94051,ARG,GLY
7486,94056,94058,GLY,GLU
7487,94071,94073,GLU,THR
7488,94085,94087,THR,GLY
7489,94092,94094,GLY,PRO
7490,94106,94108,PRO,ALA
7491,94116,94118,ALA,GLY
7492,94123,94125,GLY,PRO
7493,94137,94139,PRO,ALA
7494,94147,94149,ALA,GLY
7495,94154,94156,GLY,PRO
7496,94168,94170,PRO,ILE
7497,94187,94189,ILE,GLY
7498,94194,94196,GLY,PRO
7499,94208,94210,PRO,ALA
7500,94218,94220,ALA,GLY
7501,94225,94227,GLY,ALA
7502,94235,94237,ALA,ARG
7503,94259,94261,ARG,GLY
7504,94266,94268,GLY,PRO
7505,94280,94282,PRO,ALA
7506,94290,94292,ALA,GLY
7507,94297,94299,GLY,PRO
7508,94311,94313,PRO,GLN
7509,94328,94330,GLN,GLY
7510,94335,94337,GLY,PRO
7511,94349,94351,PRO,ARG
7512,94373,94375,ARG,GLY
7513,94380,94382,GLY,ASP
7514,94392,94394,ASP,LYS
7515,94414,94416,LYS,GLY
7516,94421,94423,GLY,GLU
7517,94436,94438,GLU,THR
7518,94450,94452,THR,GLY
7519,94457,94459,GLY,GLU
7520,94472,94474,GLU,GLN
7521,94489,94491,GLN,GLY
7522,94496,94498,GLY,ASP
7523,94508,94510,ASP,ARG
7524,94532,94534,ARG,GLY
7525,94539,94541,GLY,ILE
7526,94558,94560,ILE,LYS
7527,94580,94582,LYS,GLY
7528,94587,94589,GLY,HIS
7529,94604,94606,HIS,ARG
7530,94628,94630,ARG,GLY
7531,94635,94637,GLY,DO1
7532,94656,94658,DO1,SER
7533,94667,94669,SER,GLY
7534,94674,94676,GLY,LEU
7535,94693,94695,LEU,GLN
7536,94710,94712,GLN,GLY
7537,94717,94719,GLY,PRO
7538,94731,94733,PRO,HYP
7539,94746,94748,HYP,GLY
7540,94753,94755,GLY,SER
7541,94764,94766,SER,HYP
7542,94779,94781,HYP,GLY
7543,94786,94788,GLY,SER
7544,94797,94799,SER,HYP
7545,94812,94814,HYP,GLY
7546,94819,94821,GLY,GLU
7547,94834,94836,GLU,GLN
7548,94851,94853,GLN,GLY
7549,94858,94860,GLY,PRO
7550,94872,94874,PRO,SER
7551,94883,94885,SER,GLY
7552,94890,94892,GLY,ALA
7553,94900,94902,ALA,SER
7554,94911,94913,SER,GLY
7555,94918,94920,GLY,PRO
7556,94932,94934,PRO,ALA
7557,94942,94944,ALA,GLY
7558,94949,94951,GLY,PRO
7559,94963,94965,PRO,ARG
7560,94987,94989,ARG,GLY
7561,94994,94996,GLY,PRO
7562,95008,95010,PRO,HYP
7563,95023,95025,HYP,GLY
7564,95030,95032,GLY,SER
7565,95041,95043,SER,ALA
7566,95051,95053,ALA,GLY
7567,95058,95060,GLY,SER
7568,95069,95071,SER,PRO
7569,95083,95085,PRO,GLY
7570,95090,95092,GLY,LYS
7571,95112,95114,LYS,ASP
7572,95124,95126,ASP,GLY
7573,95131,95133,GLY,LEU
7574,95150,95152,LEU,ASN
7575,95164,95166,ASN,GLY
7576,95171,95173,GLY,LEU
7577,95190,95192,LEU,HYP
7578,95205,95207,HYP,GLY
7579,95212,95214,GLY,PRO
7580,95226,95228,PRO,ILE
7581,95245,95247,ILE,GLY
7582,95252,95254,GLY,HYP
7583,95267,95269,HYP,PRO
7584,95281,95283,PRO,GLY
7585,95288,95290,GLY,PRO
7586,95302,95304,PRO,ARG
7587,95326,95328,ARG,GLY
7588,95333,95335,GLY,ARG
7589,95357,95359,ARG,THR
7590,95371,95373,THR,GLY
7591,95378,95380,GLY,ASP
7592,95390,95392,ASP,SER
7593,95401,95403,SER,GLY
7594,95408,95410,GLY,PRO
7595,95422,95424,PRO,ALA
7596,95432,95434,ALA,GLY
7597,95439,95441,GLY,PRO
7598,95453,95455,PRO,HYP
7599,95468,95470,HYP,GLY
7600,95475,95477,GLY,PRO
7601,95489,95491,PRO,HYP
7602,95504,95506,HYP,GLY
7603,95511,95513,GLY,PRO
7604,95525,95527,PRO,HYP
7605,95540,95542,HYP,GLY
7606,95547,95549,GLY,PRO
7607,95561,95563,PRO,HYP
7608,95576,95578,HYP,GLY
7609,95583,95585,GLY,PRO
7610,95597,95599,PRO,HYP
7611,95612,95614,HYP,SER
7612,95623,95625,SER,GLY
7613,95630,95632,GLY,GLY
7614,95637,95639,GLY,DO2
7615,95658,95660,DO2,ASP
7616,95670,95672,ASP,DO1
7617,95691,95693,DO1,SER
7618,95702,95704,SER,DO1
7619,95723,95725,DO1,LEU
7620,95742,95744,LEU,PRO
7621,95756,95758,PRO,GLN
7622,95773,95775,GLN,PRO
7623,95787,95789,PRO,PRO
7624,95801,95803,PRO,GLN
7625,95818,95820,GLN,GLU
7626,95833,95835,GLU,LY2
7627,95842,95844,LY2,SER
7628,95853,95855,SER,GLN
7629,95870,95872,GLN,ASP
7630,95882,95884,ASP,GLY
7631,95889,95891,GLY,GLY
7632,95896,95898,GLY,ARG
7633,95920,95922,ARG,DO1
7634,95941,95943,DO1,DO1
7635,95962,95964,DO1,ARG
7636,95986,95988,ARG,ALA
7637,96013,96015,ALA,GLY
7638,96020,96022,GLY,ALA
7639,96030,96032,ALA,HYP
7640,96045,96047,HYP,GLY
7641,96052,96054,GLY,PRO
7642,96066,96068,PRO,HIS
7643,96083,96085,HIS,GLY
7644,96090,96092,GLY,SER
7645,96101,96103,SER,VAL
7646,96117,96119,VAL,GLY
7647,96124,96126,GLY,PRO
7648,96138,96140,PRO,ALA
7649,96148,96150,ALA,GLY
7650,96155,96157,GLY,LYS
7651,96177,96179,LYS,HIS
7652,96194,96196,HIS,GLY
7653,96201,96203,GLY,ASN
7654,96215,96217,ASN,ARG
7655,96239,96241,ARG,GLY
7656,96246,96248,GLY,GLU
7657,96261,96263,GLU,HYP
7658,96276,96278,HYP,GLY
7659,96283,96285,GLY,PRO
7660,96297,96299,PRO,ALA
7661,96307,96309,ALA,GLY
7662,96314,96316,GLY,SER
7663,96325,96327,SER,VAL
7664,96341,96343,VAL,GLY
7665,96348,96350,GLY,PRO
7666,96362,96364,PRO,VAL
7667,96378,96380,VAL,GLY
7668,96385,96387,GLY,ALA
7669,96395,96397,ALA,VAL
7670,96411,96413,VAL,GLY
7671,96418,96420,GLY,PRO
7672,96432,96434,PRO,ARG
7673,96456,96458,ARG,GLY
7674,96463,96465,GLY,PRO
7675,96477,96479,PRO,SER
7676,96488,96490,SER,GLY
7677,96495,96497,GLY,PRO
7678,96509,96511,PRO,GLN
7679,96526,96528,GLN,GLY
7680,96533,96535,GLY,ILE
7681,96552,96554,ILE,ARG
7682,96576,96578,ARG,GLY
7683,96583,96585,GLY,ASP
7684,96595,96597,ASP,LYS
7685,96617,96619,LYS,GLY
7686,96624,96626,GLY,GLU
7687,96639,96641,GLU,HYP
7688,96654,96656,HYP,GLY
7689,96661,96663,GLY,ASP
7690,96673,96675,ASP,LYS
7691,96695,96697,LYS,GLY
7692,96702,96704,GLY,ALA
7693,96712,96714,ALA,ARG
7694,96736,96738,ARG,GLY
7695,96743,96745,GLY,LEU
7696,96762,96764,LEU,HYP
7697,96777,96779,HYP,GLY
7698,96784,96786,GLY,LEU
7699,96803,96805,LEU,LYX
7700,96823,96834,LYX,GLY
7701,96839,96841,GLY,HIS
7702,96856,96858,HIS,ASN
7703,96870,96872,ASN,GLY
7704,96877,96879,GLY,LEU
7705,96896,96898,LEU,GLN
7706,96913,96915,GLN,GLY
7707,96920,96922,GLY,LEU
7708,96939,96941,LEU,HYP
7709,96954,96956,HYP,GLY
7710,96961,96963,GLY,LEU
7711,96980,96982,LEU,ALA
7712,96990,96992,ALA,GLY
7713,96997,96999,GLY,LEU
7714,97016,97018,LEU,HIS
7715,97033,97035,HIS,GLY
7716,97040,97042,GLY,ASP
7717,97052,97054,ASP,GLN
7718,97069,97071,GLN,GLY
7719,97076,97078,GLY,ALA
7720,97086,97088,ALA,HYP
7721,97101,97103,HYP,GLY
7722,97108,97110,GLY,PRO
7723,97122,97124,PRO,VAL
7724,97138,97140,VAL,GLY
7725,97145,97147,GLY,PRO
7726,97159,97161,PRO,ALA
7727,97169,97171,ALA,GLY
7728,97176,97178,GLY,PRO
7729,97190,97192,PRO,ARG
7730,97214,97216,ARG,GLY
7731,97221,97223,GLY,PRO
7732,97235,97237,PRO,ALA
7733,97245,97247,ALA,GLY
7734,97252,97254,GLY,PRO
7735,97266,97268,PRO,SER
7736,97277,97279,SER,GLY
7737,97284,97286,GLY,PRO
7738,97298,97300,PRO,ILE
7739,97317,97319,ILE,GLY
7740,97324,97326,GLY,LYS
7741,97346,97348,LYS,ASP
7742,97358,97360,ASP,GLY
7743,97365,97367,GLY,ARG
7744,97389,97391,ARG,SER
7745,97400,97402,SER,GLY
7746,97407,97409,GLY,HIS
7747,97424,97426,HIS,HYP
7748,97439,97441,HYP,GLY
7749,97446,97448,GLY,PRO
7750,97460,97462,PRO,VAL
7751,97476,97478,VAL,GLY
7752,97483,97485,GLY,PRO
7753,97497,97499,PRO,ALA
7754,97507,97509,ALA,GLY
7755,97514,97516,GLY,VAL
7756,97530,97532,VAL,ARG
7757,97554,97556,ARG,GLY
7758,97561,97563,GLY,SER
7759,97572,97574,SER,GLN
7760,97589,97591,GLN,GLY
7761,97596,97598,GLY,SER
7762,97607,97609,SER,GLN
7763,97624,97626,GLN,GLY
7764,97631,97633,GLY,PRO
7765,97645,97647,PRO,ALA
7766,97655,97657,ALA,GLY
7767,97662,97664,GLY,PRO
7768,97676,97678,PRO,HYP
7769,97691,97693,HYP,GLY
7770,97698,97700,GLY,PRO
7771,97712,97714,PRO,HYP
7772,97727,97729,HYP,GLY
7773,97734,97736,GLY,PRO
7774,97748,97750,PRO,HYP
7775,97763,97765,HYP,GLY
7776,97770,97772,GLY,PRO
7777,97784,97786,PRO,HYP
7778,97799,97801,HYP,GLY
7779,97806,97808,GLY,VAL
7780,97822,97824,VAL,SER
7781,97833,97835,SER,GLY
7782,97840,97842,GLY,GLY
7783,97847,97849,GLY,GLY
7784,97854,97856,GLY,DO2
7785,97875,97877,DO2,ASP
7786,97887,97889,ASP,DO1
7787,97908,97910,DO1,GLY
7788,97915,97917,GLY,DO2
7789,97936,97938,DO2,GLU
7790,97951,97953,GLU,GLY
7791,97958,97960,GLY,GLY
7792,97965,97967,GLY,DO1
7793,97986,97988,DO1,DO2
7794,98007,98009,DO2,ARG
7795,98031,98033,ARG,ALA
7796,98058,98060,ALA,HYP
7797,98073,98075,HYP,GLY
7798,98080,98082,GLY,ALA
7799,98090,98092,ALA,HYP
7800,98105,98107,HYP,GLY
7801,98112,98114,GLY,ALA
7802,98122,98124,ALA,PRO
7803,98136,98138,PRO,GLY
7804,98143,98145,GLY,PRO
7805,98157,98159,PRO,VAL
7806,98173,98175,VAL,GLY
7807,98180,98182,GLY,PRO
7808,98194,98196,PRO,ALA
7809,98204,98206,ALA,GLY
7810,98211,98213,GLY,LYS
7811,98233,98235,LYS,ASN
7812,98247,98249,ASN,GLY
7813,98254,98256,GLY,ASP
7814,98266,98268,ASP,ARG
7815,98290,98292,ARG,GLY
7816,98297,98299,GLY,GLU
7817,98312,98314,GLU,THR
7818,98326,98328,THR,GLY
7819,98333,98335,GLY,PRO
7820,98347,98349,PRO,ALA
7821,98357,98359,ALA,GLY
7822,98364,98366,GLY,PRO
7823,98378,98380,PRO,ALA
7824,98388,98390,ALA,GLY
7825,98395,98397,GLY,PRO
7826,98409,98411,PRO,ILE
7827,98428,98430,ILE,GLY
7828,98435,98437,GLY,PRO
7829,98449,98451,PRO,ALA
7830,98459,98461,ALA,GLY
7831,98466,98468,GLY,ALA
7832,98476,98478,ALA,ARG
7833,98500,98502,ARG,GLY
7834,98507,98509,GLY,PRO
7835,98521,98523,PRO,ALA
7836,98531,98533,ALA,GLY
7837,98538,98540,GLY,PRO
7838,98552,98554,PRO,GLN
7839,98569,98571,GLN,GLY
7840,98576,98578,GLY,PRO
7841,98590,98592,PRO,ARG
7842,98614,98616,ARG,GLY
7843,98621,98623,GLY,ASP
7844,98633,98635,ASP,LYS
7845,98655,98657,LYS,GLY
7846,98662,98664,GLY,GLU
7847,98677,98679,GLU,THR
7848,98691,98693,THR,GLY
7849,98698,98700,GLY,GLU
7850,98713,98715,GLU,GLN
7851,98730,98732,GLN,GLY
7852,98737,98739,GLY,ASP
7853,98749,98751,ASP,ARG
7854,98773,98775,ARG,GLY
7855,98780,98782,GLY,ILE
7856,98799,98801,ILE,LYS
7857,98821,98823,LYS,GLY
7858,98828,98830,GLY,HIS
7859,98845,98847,HIS,ARG
7860,98869,98871,ARG,GLY
7861,98876,98878,GLY,DO2
7862,98897,98899,DO2,SER
7863,98908,98910,SER,GLY
7864,98915,98917,GLY,LEU
7865,98934,98936,LEU,GLN
7866,98951,98953,GLN,GLY
7867,98958,98960,GLY,PRO
7868,98972,98974,PRO,HYP
7869,98987,98989,HYP,GLY
7870,98994,98996,GLY,SER
7871,99005,99007,SER,HYP
7872,99020,99022,HYP,GLY
7873,99027,99029,GLY,SER
7874,99038,99040,SER,HYP
7875,99053,99055,HYP,GLY
7876,99060,99062,GLY,GLU
7877,99075,99077,GLU,GLN
7878,99092,99094,GLN,GLY
7879,99099,99101,GLY,PRO
7880,99113,99115,PRO,SER
7881,99124,99126,SER,GLY
7882,99131,99133,GLY,ALA
7883,99141,99143,ALA,SER
7884,99152,99154,SER,GLY
7885,99159,99161,GLY,PRO
7886,99173,99175,PRO,ALA
7887,99183,99185,ALA,GLY
7888,99190,99192,GLY,PRO
7889,99204,99206,PRO,ARG
7890,99228,99230,ARG,GLY
7891,99235,99237,GLY,PRO
7892,99249,99251,PRO,HYP
7893,99264,99266,HYP,GLY
7894,99271,99273,GLY,SER
7895,99282,99284,SER,ALA
7896,99292,99294,ALA,GLY
7897,99299,99301,GLY,SER
7898,99310,99312,SER,PRO
7899,99324,99326,PRO,GLY
7900,99331,99333,GLY,LYS
7901,99353,99355,LYS,ASP
7902,99365,99367,ASP,GLY
7903,99372,99374,GLY,LEU
7904,99391,99393,LEU,ASN
7905,99405,99407,ASN,GLY
7906,99412,99414,GLY,LEU
7907,99431,99433,LEU,HYP
7908,99446,99448,HYP,GLY
7909,99453,99455,GLY,PRO
7910,99467,99469,PRO,ILE
7911,99486,99488,ILE,GLY
7912,99493,99495,GLY,HYP
7913,99508,99510,HYP,PRO
7914,99522,99524,PRO,GLY
7915,99529,99531,GLY,PRO
7916,99543,99545,PRO,ARG
7917,99567,99569,ARG,GLY
7918,99574,99576,GLY,ARG
7919,99598,99600,ARG,THR
7920,99612,99614,THR,GLY
7921,99619,99621,GLY,ASP
7922,99631,99633,ASP,SER
7923,99642,99644,SER,GLY
7924,99649,99651,GLY,PRO
7925,99663,99665,PRO,ALA
7926,99673,99675,ALA,GLY
7927,99680,99682,GLY,PRO
7928,99694,99696,PRO,HYP
7929,99709,99711,HYP,GLY
7930,99716,99718,GLY,PRO
7931,99730,99732,PRO,HYP
7932,99745,99747,HYP,GLY
7933,99752,99754,GLY,PRO
7934,99766,99768,PRO,HYP
7935,99781,99783,HYP,GLY
7936,99788,99790,GLY,PRO
7937,99802,99804,PRO,HYP
7938,99817,99819,HYP,GLY
7939,99824,99826,GLY,PRO
7940,99838,99840,PRO,HYP
7941,99853,99855,HYP,SER
7942,99864,99866,SER,GLY
7943,99871,99873,GLY,GLY
7944,99878,99880,GLY,DO2
7945,99899,99901,DO2,ASP
7946,99911,99913,ASP,DO2
7947,99932,99934,DO2,SER
7948,99943,99945,SER,DO1
7949,99964,99966,DO1,LEU
7950,99983,99985,LEU,PRO
7951,99997,99999,PRO,GLN
7952,100014,100016,GLN,PRO
7953,100028,100030,PRO,PRO
7954,100042,100044,PRO,GLN
7955,100059,100061,GLN,GLU
7956,100074,100076,GLU,LY3
7957,100086,100088,LY3,SER
7958,100097,100099,SER,GLN
7959,100114,100116,GLN,ASP
7960,100126,100128,ASP,GLY
7961,100133,100135,GLY,GLY
7962,100140,100142,GLY,ARG
7963,100164,100166,ARG,DO2
7964,100185,100187,DO2,DO1
7965,100206,100208,DO1,ARG
7966,100230,100232,ARG,ALA
7967,100257,100259,ALA,GLY
7968,100264,100266,GLY,PRO
7969,100278,100280,PRO,HYP
7970,100293,100295,HYP,GLY
7971,100300,100302,GLY,ALA
7972,100310,100312,ALA,ASP
7973,100322,100324,ASP,GLY
7974,100329,100331,GLY,GLN
7975,100346,100348,GLN,HYP
7976,100361,100363,HYP,GLY
7977,100368,100370,GLY,ALA
7978,100378,100380,ALA,LYS
7979,100400,100402,LYS,GLY
7980,100407,100409,GLY,GLU
7981,100422,100424,GLU,PRO
7982,100436,100438,PRO,GLY
7983,100443,100445,GLY,ASP
7984,100455,100457,ASP,THR
7985,100469,100471,THR,GLY
7986,100476,100478,GLY,VAL
7987,100492,100494,VAL,LYS
7988,100514,100516,LYS,GLY
7989,100521,100523,GLY,ASP
7990,100533,100535,ASP,ALA
7991,100543,100545,ALA,GLY
7992,100550,100552,GLY,PRO
7993,100564,100566,PRO,HYP
7994,100579,100581,HYP,GLY
7995,100586,100588,GLY,PRO
7996,100600,100602,PRO,ALA
7997,100610,100612,ALA,GLY
7998,100617,100619,GLY,PRO
7999,100631,100633,PRO,ALA
8000,100641,100643,ALA,GLY
8001,100648,100650,GLY,PRO
8002,100662,100664,PRO,HYP
8003,100677,100679,HYP,GLY
8004,100684,100686,GLY,PRO
8005,100698,100700,PRO,ILE
8006,100717,100719,ILE,GLY
8007,100724,100726,GLY,ASN
8008,100738,100740,ASN,VAL
8009,100754,100756,VAL,GLY
8010,100761,100763,GLY,ALA
8011,100771,100773,ALA,HYP
8012,100786,100788,HYP,GLY
8013,100793,100795,GLY,PRO
8014,100807,100809,PRO,LYS
8015,100829,100831,LYS,GLY
8016,100836,100838,GLY,SER
8017,100847,100849,SER,ARG
8018,100871,100873,ARG,GLY
8019,100878,100880,GLY,ALA
8020,100888,100890,ALA,ALA
8021,100898,100900,ALA,GLY
8022,100905,100907,GLY,PRO
8023,100919,100921,PRO,HYP
8024,100934,100936,HYP,GLY
8025,100941,100943,GLY,ALA
8026,100951,100953,ALA,THR
8027,100965,100967,THR,GLY
8028,100972,100974,GLY,DO2
8029,100993,100995,DO2,HYP
8030,101008,101010,HYP,GLY
8031,101015,101017,GLY,ALA
8032,101025,101027,ALA,ALA
8033,101035,101037,ALA,GLY
8034,101042,101044,GLY,ARG
8035,101066,101068,ARG,VAL
8036,101082,101084,VAL,GLY
8037,101089,101091,GLY,PRO
8038,101103,101105,PRO,HYP
8039,101118,101120,HYP,GLY
8040,101125,101127,GLY,PRO
8041,101139,101141,PRO,SER
8042,101150,101152,SER,GLY
8043,101157,101159,GLY,ASN
8044,101171,101173,ASN,ALA
8045,101181,101183,ALA,GLY
8046,101188,101190,GLY,PRO
8047,101202,101204,PRO,HYP
8048,101217,101219,HYP,GLY
8049,101224,101226,GLY,PRO
8050,101238,101240,PRO,HYP
8051,101253,101255,HYP,GLY
8052,101260,101262,GLY,PRO
8053,101274,101276,PRO,VAL
8054,101290,101292,VAL,GLY
8055,101297,101299,GLY,LYS
8056,101319,101321,LYS,GLU
8057,101334,101336,GLU,GLY
8058,101341,101343,GLY,GLY
8059,101348,101350,GLY,LYS
8060,101370,101372,LYS,GLY
8061,101377,101379,GLY,PRO
8062,101391,101393,PRO,ARG
8063,101415,101417,ARG,GLY
8064,101422,101424,GLY,GLU
8065,101437,101439,GLU,THR
8066,101451,101453,THR,GLY
8067,101458,101460,GLY,PRO
8068,101472,101474,PRO,ALA
8069,101482,101484,ALA,GLY
8070,101489,101491,GLY,ARG
8071,101513,101515,ARG,HYP
8072,101528,101530,HYP,GLY
8073,101535,101537,GLY,GLU
8074,101550,101552,GLU,VAL
8075,101566,101568,VAL,GLY
8076,101573,101575,GLY,PRO
8077,101587,101589,PRO,PRO
8078,101601,101603,PRO,GLY
8079,101608,101610,GLY,PRO
8080,101622,101624,PRO,HYP
8081,101637,101639,HYP,GLY
8082,101644,101646,GLY,PRO
8083,101658,101660,PRO,ALA
8084,101668,101670,ALA,GLY
8085,101675,101677,GLY,GLU
8086,101690,101692,GLU,LYS
8087,101712,101714,LYS,GLY
8088,101719,101721,GLY,SER
8089,101730,101732,SER,HYP
8090,101745,101747,HYP,GLY
8091,101752,101754,GLY,ALA
8092,101762,101764,ALA,ASP
8093,101774,101776,ASP,GLY
8094,101781,101783,GLY,PRO
8095,101795,101797,PRO,ALA
8096,101805,101807,ALA,GLY
8097,101812,101814,GLY,SER
8098,101823,101825,SER,HYP
8099,101838,101840,HYP,GLY
8100,101845,101847,GLY,THR
8101,101859,101861,THR,PRO
8102,101873,101875,PRO,GLY
8103,101880,101882,GLY,PRO
8104,101894,101896,PRO,GLN
8105,101911,101913,GLN,GLY
8106,101918,101920,GLY,ILE
8107,101937,101939,ILE,ALA
8108,101947,101949,ALA,GLY
8109,101954,101956,GLY,GLN
8110,101971,101973,GLN,ARG
8111,101995,101997,ARG,GLY
8112,102002,102004,GLY,VAL
8113,102018,102020,VAL,VAL
8114,102034,102036,VAL,GLY
8115,102041,102043,GLY,LEU
8116,102060,102062,LEU,HYP
8117,102075,102077,HYP,GLY
8118,102082,102084,GLY,GLN
8119,102099,102101,GLN,ARG
8120,102123,102125,ARG,GLY
8121,102130,102132,GLY,GLU
8122,102145,102147,GLU,ARG
8123,102169,102171,ARG,GLY
8124,102176,102178,GLY,DO1
8125,102197,102199,DO1,HYP
8126,102212,102214,HYP,GLY
8127,102219,102221,GLY,LEU
8128,102238,102240,LEU,HYP
8129,102253,102255,HYP,GLY
8130,102260,102262,GLY,PRO
8131,102274,102276,PRO,SER
8132,102285,102287,SER,GLY
8133,102292,102294,GLY,GLU
8134,102307,102309,GLU,HYP
8135,102322,102324,HYP,GLY
8136,102329,102331,GLY,LYS
8137,102351,102353,LYS,GLN
8138,102368,102370,GLN,GLY
8139,102375,102377,GLY,PRO
8140,102389,102391,PRO,SER
8141,102400,102402,SER,GLY
8142,102407,102409,GLY,ALA
8143,102417,102419,ALA,SER
8144,102428,102430,SER,GLY
8145,102435,102437,GLY,GLU
8146,102450,102452,GLU,ARG
8147,102474,102476,ARG,GLY
8148,102481,102483,GLY,PRO
8149,102495,102497,PRO,HYP
8150,102510,102512,HYP,GLY
8151,102517,102519,GLY,PRO
8152,102531,102533,PRO,MET
8153,102548,102550,MET,GLY
8154,102555,102557,GLY,PRO
8155,102569,102571,PRO,HYP
8156,102584,102586,HYP,GLY
8157,102591,102593,GLY,LEU
8158,102610,102612,LEU,ALA
8159,102620,102622,ALA,GLY
8160,102627,102629,GLY,PRO
8161,102641,102643,PRO,HYP
8162,102656,102658,HYP,GLY
8163,102663,102665,GLY,GLU
8164,102678,102680,GLU,SER
8165,102689,102691,SER,GLY
8166,102696,102698,GLY,ARG
8167,102720,102722,ARG,GLU
8168,102735,102737,GLU,GLY
8169,102742,102744,GLY,SER
8170,102753,102755,SER,HYP
8171,102768,102770,HYP,GLY
8172,102775,102777,GLY,ALA
8173,102785,102787,ALA,GLU
8174,102800,102802,GLU,GLY
8175,102807,102809,GLY,SER
8176,102818,102820,SER,HYP
8177,102833,102835,HYP,GLY
8178,102840,102842,GLY,ARG
8179,102864,102866,ARG,ASP
8180,102876,102878,ASP,GLY
8181,102883,102885,GLY,ALA
8182,102893,102895,ALA,PRO
8183,102907,102909,PRO,GLY
8184,102914,102916,GLY,ALA
8185,102924,102926,ALA,LYS
8186,102946,102948,LYS,GLY
8187,102953,102955,GLY,ASP
8188,102965,102967,ASP,ARG
8189,102989,102991,ARG,GLY
8190,102996,102998,GLY,GLU
8191,103011,103013,GLU,THR
8192,103025,103027,THR,GLY
8193,103032,103034,GLY,PRO
8194,103046,103048,PRO,ALA
8195,103056,103058,ALA,GLY
8196,103063,103065,GLY,PRO
8197,103077,103079,PRO,HYP
8198,103092,103094,HYP,GLY
8199,103099,103101,GLY,ALA
8200,103109,103111,ALA,HYP
8201,103146,103148,ALA,GLY
8202,103153,103155,GLY,PRO
8203,103167,103169,PRO,ALA
8204,103177,103179,ALA,GLY
8205,103184,103186,GLY,SER
8206,103195,103197,SER,ALA
8207,103205,103207,ALA,GLY
8208,103212,103214,GLY,GLN
8209,103229,103231,GLN,HYP
8210,103244,103246,HYP,GLY
8211,103251,103253,GLY,ALA
8212,103261,103263,ALA,LYS
8213,103283,103285,LYS,GLY
8214,103290,103292,GLY,GLU
8215,103305,103307,GLU,LYS
8216,103327,103329,LYS,GLY
8217,103334,103336,GLY,THR
8218,103348,103350,THR,LYS
8219,103370,103372,LYS,GLY
8220,103377,103379,GLY,PRO
8221,103391,103393,PRO,LYS
8222,103413,103415,LYS,GLY
8223,103420,103422,GLY,GLU
8224,103435,103437,GLU,ASN
8225,103449,103451,ASN,GLY
8226,103456,103458,GLY,ILE
8227,103475,103477,ILE,VAL
8228,103491,103493,VAL,GLY
8229,103498,103500,GLY,PRO
8230,103512,103514,PRO,THR
8231,103526,103528,THR,GLY
8232,103533,103535,GLY,PRO
8233,103547,103549,PRO,VAL
8234,103563,103565,VAL,GLY
8235,103570,103572,GLY,ALA
8236,103580,103582,ALA,ALA
8237,103590,103592,ALA,GLY
8238,103597,103599,GLY,PRO
8239,103611,103613,PRO,SER
8240,103622,103624,SER,GLY
8241,103629,103631,GLY,PRO
8242,103643,103645,PRO,ASN
8243,103657,103659,ASN,GLY
8244,103664,103666,GLY,PRO
8245,103678,103680,PRO,HYP
8246,103693,103695,HYP,GLY
8247,103700,103702,GLY,PRO
8248,103714,103716,PRO,ALA
8249,103724,103726,ALA,GLY
8250,103731,103733,GLY,SER
8251,103742,103744,SER,ARG
8252,103766,103768,ARG,GLY
8253,103773,103775,GLY,ASP
8254,103785,103787,ASP,GLY
8255,103792,103794,GLY,GLY
8256,103799,103801,GLY,PRO
8257,103813,103815,PRO,HYP
8258,103828,103830,HYP,GLY
8259,103835,103837,GLY,MET
8260,103852,103854,MET,THR
8261,103866,103868,THR,GLY
8262,103873,103875,GLY,DO2
8263,103894,103896,DO2,HYP
8264,103909,103911,HYP,GLY
8265,103916,103918,GLY,ALA
8266,103926,103928,ALA,ALA
8267,103936,103938,ALA,GLY
8268,103943,103945,GLY,ARG
8269,103967,103969,ARG,THR
8270,103981,103983,THR,GLY
8271,103988,103990,GLY,PRO
8272,104002,104004,PRO,HYP
8273,104017,104019,HYP,GLY
8274,104024,104026,GLY,PRO
8275,104038,104040,PRO,SER
8276,104049,104051,SER,GLY
8277,104056,104058,GLY,ILE
8278,104075,104077,ILE,THR
8279,104089,104091,THR,GLY
8280,104096,104098,GLY,PRO
8281,104110,104112,PRO,HYP
8282,104125,104127,HYP,GLY
8283,104132,104134,GLY,PRO
8284,104146,104148,PRO,HYP
8285,104161,104163,HYP,GLY
8286,104168,104170,GLY,ALA
8287,104178,104180,ALA,ALA
8288,104188,104190,ALA,GLY
8289,104195,104197,GLY,LYS
8290,104217,104219,LYS,GLU
8291,104232,104234,GLU,GLY
8292,104239,104241,GLY,ILE
8293,104258,104260,ILE,ARG
8294,104282,104284,ARG,GLY
8295,104289,104291,GLY,PRO
8296,104303,104305,PRO,ARG
8297,104327,104329,ARG,GLY
8298,104334,104336,GLY,ASP
8299,104346,104348,ASP,GLN
8300,104363,104365,GLN,GLY
8301,104370,104372,GLY,PRO
8302,104384,104386,PRO,VAL
8303,104400,104402,VAL,GLY
8304,104407,104409,GLY,ARG
8305,104431,104433,ARG,THR
8306,104445,104447,THR,GLY
8307,104452,104454,GLY,GLU
8308,104467,104469,GLU,ILE
8309,104486,104488,ILE,GLY
8310,104493,104495,GLY,ALA
8311,104503,104505,ALA,SER
8312,104514,104516,SER,GLY
8313,104521,104523,GLY,PRO
8314,104535,104537,PRO,HYP
8315,104550,104552,HYP,GLY
8316,104557,104559,GLY,DO1
8317,104578,104580,DO1,ALA
8318,104588,104590,ALA,GLY
8319,104595,104597,GLY,GLU
8320,104610,104612,GLU,LYS
8321,104632,104634,LYS,GLY
8322,104639,104641,GLY,PRO
8323,104653,104655,PRO,SER
8324,104664,104666,SER,GLY
8325,104671,104673,GLY,GLU
8326,104686,104688,GLU,HYP
8327,104701,104703,HYP,GLY
8328,104708,104710,GLY,THR
8329,104722,104724,THR,THR
8330,104736,104738,THR,GLY
8331,104743,104745,GLY,PRO
8332,104757,104759,PRO,HYP
8333,104772,104774,HYP,GLY
8334,104779,104781,GLY,THR
8335,104793,104795,THR,ALA
8336,104803,104805,ALA,GLY
8337,104810,104812,GLY,PRO
8338,104824,104826,PRO,GLN
8339,104841,104843,GLN,GLY
8340,104848,104850,GLY,LEU
8341,104867,104869,LEU,LEU
8342,104886,104888,LEU,GLY
8343,104893,104895,GLY,ALA
8344,104903,104905,ALA,HYP
8345,104918,104920,HYP,GLY
8346,104925,104927,GLY,ILE
8347,104944,104946,ILE,LEU
8348,104963,104965,LEU,GLY
8349,104970,104972,GLY,LEU
8350,104989,104991,LEU,HYP
8351,105004,105006,HYP,GLY
8352,105011,105013,GLY,SER
8353,105022,105024,SER,ARG
8354,105046,105048,ARG,GLY
8355,105053,105055,GLY,GLU
8356,105068,105070,GLU,ARG
8357,105092,105094,ARG,GLY
8358,105099,105101,GLY,GLN
8359,105116,105118,GLN,HYP
8360,105131,105133,HYP,GLY
8361,105138,105140,GLY,ILE
8362,105157,105159,ILE,ALA
8363,105167,105169,ALA,GLY
8364,105174,105176,GLY,ALA
8365,105184,105186,ALA,LEU
8366,105203,105205,LEU,GLY
8367,105210,105212,GLY,GLU
8368,105225,105227,GLU,HYP
8369,105240,105242,HYP,GLY
8370,105247,105249,GLY,PRO
8371,105261,105263,PRO,LEU
8372,105280,105282,LEU,GLY
8373,105287,105289,GLY,ILE
8374,105306,105308,ILE,ALA
8375,105316,105318,ALA,GLY
8376,105323,105325,GLY,PRO
8377,105337,105339,PRO,HYP
8378,105352,105354,HYP,GLY
8379,105359,105361,GLY,ALA
8380,105369,105371,ALA,ARG
8381,105393,105395,ARG,GLY
8382,105400,105402,GLY,PRO
8383,105414,105416,PRO,HYP
8384,105429,105431,HYP,GLY
8385,105436,105438,GLY,ALA
8386,105446,105448,ALA,VAL
8387,105462,105464,VAL,GLY
8388,105469,105471,GLY,SER
8389,105480,105482,SER,HYP
8390,105495,105497,HYP,GLY
8391,105502,105504,GLY,VAL
8392,105518,105520,VAL,ASN
8393,105532,105534,ASN,GLY
8394,105539,105541,GLY,ALA
8395,105549,105551,ALA,HYP
8396,105564,105566,HYP,GLY
8397,105571,105573,GLY,GLU
8398,105586,105588,GLU,ALA
8399,105596,105598,ALA,GLY
8400,105603,105605,GLY,ARG
8401,105627,105629,ARG,ASP
8402,105639,105641,ASP,GLY
8403,105646,105648,GLY,ASN
8404,105660,105662,ASN,HYP
8405,105675,105677,HYP,GLY
8406,105682,105684,GLY,SER
8407,105693,105695,SER,ASP
8408,105705,105707,ASP,GLY
8409,105712,105714,GLY,PRO
8410,105726,105728,PRO,HYP
8411,105741,105743,HYP,GLY
8412,105748,105750,GLY,ARG
8413,105772,105774,ARG,ASP
8414,105784,105786,ASP,GLY
8415,105791,105793,GLY,GLN
8416,105808,105810,GLN,HYP
8417,105823,105825,HYP,GLY
8418,105830,105832,GLY,HIS
8419,105847,105849,HIS,LYS
8420,105869,105871,LYS,GLY
8421,105876,105878,GLY,GLU
8422,105891,105893,GLU,ARG
8423,105915,105917,ARG,GLY
8424,105922,105924,GLY,DO1
8425,105943,105945,DO1,HYP
8426,105958,105960,HYP,GLY
8427,105965,105967,GLY,ASN
8428,105979,105981,ASN,ILE
8429,105998,106000,ILE,GLY
8430,106005,106007,GLY,PRO
8431,106019,106021,PRO,THR
8432,106033,106035,THR,GLY
8433,106040,106042,GLY,ALA
8434,106069,106071,GLY,DO1
8435,106090,106092,DO1,ALA
8436,106100,106102,ALA,GLY
8437,106107,106109,GLY,PRO
8438,106121,106123,PRO,HYP
8439,106136,106138,HYP,GLY
8440,106143,106145,GLY,ALA
8441,106153,106155,ALA,ASP
8442,106165,106167,ASP,GLY
8443,106172,106174,GLY,GLN
8444,106189,106191,GLN,HYP
8445,106204,106206,HYP,GLY
8446,106211,106213,GLY,ALA
8447,106221,106223,ALA,LYS
8448,106243,106245,LYS,GLY
8449,106250,106252,GLY,GLU
8450,106265,106267,GLU,PRO
8451,106279,106281,PRO,GLY
8452,106286,106288,GLY,ASP
8453,106298,106300,ASP,THR
8454,106312,106314,THR,GLY
8455,106319,106321,GLY,VAL
8456,106335,106337,VAL,LYS
8457,106357,106359,LYS,GLY
8458,106364,106366,GLY,ASP
8459,106376,106378,ASP,ALA
8460,106386,106388,ALA,GLY
8461,106393,106395,GLY,PRO
8462,106407,106409,PRO,HYP
8463,106422,106424,HYP,GLY
8464,106429,106431,GLY,PRO
8465,106443,106445,PRO,ALA
8466,106453,106455,ALA,GLY
8467,106460,106462,GLY,PRO
8468,106474,106476,PRO,ALA
8469,106484,106486,ALA,GLY
8470,106491,106493,GLY,PRO
8471,106505,106507,PRO,HYP
8472,106520,106522,HYP,GLY
8473,106527,106529,GLY,PRO
8474,106541,106543,PRO,ILE
8475,106560,106562,ILE,GLY
8476,106567,106569,GLY,ASN
8477,106581,106583,ASN,VAL
8478,106597,106599,VAL,GLY
8479,106604,106606,GLY,ALA
8480,106614,106616,ALA,HYP
8481,106629,106631,HYP,GLY
8482,106636,106638,GLY,PRO
8483,106650,106652,PRO,LYS
8484,106672,106674,LYS,GLY
8485,106679,106681,GLY,SER
8486,106690,106692,SER,ARG
8487,106714,106716,ARG,GLY
8488,106721,106723,GLY,ALA
8489,106731,106733,ALA,ALA
8490,106741,106743,ALA,GLY
8491,106748,106750,GLY,PRO
8492,106762,106764,PRO,HYP
8493,106777,106779,HYP,GLY
8494,106784,106786,GLY,ALA
8495,106794,106796,ALA,THR
8496,106808,106810,THR,GLY
8497,106815,106817,GLY,DO2
8498,106836,106838,DO2,HYP
8499,106851,106853,HYP,GLY
8500,106858,106860,GLY,ALA
8501,106868,106870,ALA,ALA
8502,106878,106880,ALA,GLY
8503,106885,106887,GLY,ARG
8504,106909,106911,ARG,VAL
8505,106925,106927,VAL,GLY
8506,106932,106934,GLY,PRO
8507,106946,106948,PRO,HYP
8508,106961,106963,HYP,GLY
8509,106968,106970,GLY,PRO
8510,106982,106984,PRO,SER
8511,106993,106995,SER,GLY
8512,107000,107002,GLY,ASN
8513,107014,107016,ASN,ALA
8514,107024,107026,ALA,GLY
8515,107031,107033,GLY,PRO
8516,107045,107047,PRO,HYP
8517,107060,107062,HYP,GLY
8518,107067,107069,GLY,PRO
8519,107081,107083,PRO,HYP
8520,107096,107098,HYP,GLY
8521,107103,107105,GLY,PRO
8522,107117,107119,PRO,VAL
8523,107133,107135,VAL,GLY
8524,107140,107142,GLY,LYS
8525,107162,107164,LYS,GLU
8526,107177,107179,GLU,GLY
8527,107184,107186,GLY,GLY
8528,107191,107193,GLY,LYS
8529,107213,107215,LYS,GLY
8530,107220,107222,GLY,PRO
8531,107234,107236,PRO,ARG
8532,107258,107260,ARG,GLY
8533,107265,107267,GLY,GLU
8534,107280,107282,GLU,THR
8535,107294,107296,THR,GLY
8536,107301,107303,GLY,PRO
8537,107315,107317,PRO,ALA
8538,107325,107327,ALA,GLY
8539,107332,107334,GLY,ARG
8540,107356,107358,ARG,HYP
8541,107371,107373,HYP,GLY
8542,107378,107380,GLY,GLU
8543,107393,107395,GLU,VAL
8544,107409,107411,VAL,GLY
8545,107416,107418,GLY,PRO
8546,107430,107432,PRO,PRO
8547,107444,107446,PRO,GLY
8548,107451,107453,GLY,PRO
8549,107465,107467,PRO,HYP
8550,107480,107482,HYP,GLY
8551,107487,107489,GLY,PRO
8552,107501,107503,PRO,ALA
8553,107511,107513,ALA,GLY
8554,107518,107520,GLY,GLU
8555,107533,107535,GLU,LYS
8556,107555,107557,LYS,GLY
8557,107562,107564,GLY,SER
8558,107573,107575,SER,HYP
8559,107588,107590,HYP,GLY
8560,107595,107597,GLY,ALA
8561,107605,107607,ALA,ASP
8562,107617,107619,ASP,GLY
8563,107624,107626,GLY,PRO
8564,107638,107640,PRO,ALA
8565,107648,107650,ALA,GLY
8566,107655,107657,GLY,SER
8567,107666,107668,SER,HYP
8568,107681,107683,HYP,GLY
8569,107688,107690,GLY,THR
8570,107702,107704,THR,PRO
8571,107716,107718,PRO,GLY
8572,107723,107725,GLY,PRO
8573,107737,107739,PRO,GLN
8574,107754,107756,GLN,GLY
8575,107761,107763,GLY,ILE
8576,107780,107782,ILE,ALA
8577,107790,107792,ALA,GLY
8578,107797,107799,GLY,GLN
8579,107814,107816,GLN,ARG
8580,107838,107840,ARG,GLY
8581,107845,107847,GLY,VAL
8582,107861,107863,VAL,VAL
8583,107877,107879,VAL,GLY
8584,107884,107886,GLY,LEU
8585,107903,107905,LEU,HYP
8586,107918,107920,HYP,GLY
8587,107925,107927,GLY,GLN
8588,107942,107944,GLN,ARG
8589,107966,107968,ARG,GLY
8590,107973,107975,GLY,GLU
8591,107988,107990,GLU,ARG
8592,108012,108014,ARG,GLY
8593,108019,108021,GLY,DO2
8594,108040,108042,DO2,HYP
8595,108055,108057,HYP,GLY
8596,108062,108064,GLY,LEU
8597,108081,108083,LEU,HYP
8598,108096,108098,HYP,GLY
8599,108103,108105,GLY,PRO
8600,108117,108119,PRO,SER
8601,108128,108130,SER,GLY
8602,108135,108137,GLY,GLU
8603,108150,108152,GLU,HYP
8604,108165,108167,HYP,GLY
8605,108172,108174,GLY,LYS
8606,108194,108196,LYS,GLN
8607,108211,108213,GLN,GLY
8608,108218,108220,GLY,PRO
8609,108232,108234,PRO,SER
8610,108243,108245,SER,GLY
8611,108250,108252,GLY,ALA
8612,108260,108262,ALA,SER
8613,108271,108273,SER,GLY
8614,108278,108280,GLY,GLU
8615,108293,108295,GLU,ARG
8616,108317,108319,ARG,GLY
8617,108324,108326,GLY,PRO
8618,108338,108340,PRO,HYP
8619,108353,108355,HYP,GLY
8620,108360,108362,GLY,PRO
8621,108374,108376,PRO,MET
8622,108391,108393,MET,GLY
8623,108398,108400,GLY,PRO
8624,108412,108414,PRO,HYP
8625,108427,108429,HYP,GLY
8626,108434,108436,GLY,LEU
8627,108453,108455,LEU,ALA
8628,108463,108465,ALA,GLY
8629,108470,108472,GLY,PRO
8630,108484,108486,PRO,HYP
8631,108499,108501,HYP,GLY
8632,108506,108508,GLY,GLU
8633,108521,108523,GLU,SER
8634,108532,108534,SER,GLY
8635,108539,108541,GLY,ARG
8636,108563,108565,ARG,GLU
8637,108578,108580,GLU,GLY
8638,108585,108587,GLY,SER
8639,108596,108598,SER,HYP
8640,108611,108613,HYP,GLY
8641,108618,108620,GLY,ALA
8642,108628,108630,ALA,GLU
8643,108643,108645,GLU,GLY
8644,108650,108652,GLY,SER
8645,108661,108663,SER,HYP
8646,108676,108678,HYP,GLY
8647,108683,108685,GLY,ARG
8648,108707,108709,ARG,ASP
8649,108719,108721,ASP,GLY
8650,108726,108728,GLY,ALA
8651,108736,108738,ALA,PRO
8652,108750,108752,PRO,GLY
8653,108757,108759,GLY,ALA
8654,108767,108769,ALA,LYS
8655,108789,108791,LYS,GLY
8656,108796,108798,GLY,ASP
8657,108808,108810,ASP,ARG
8658,108832,108834,ARG,GLY
8659,108839,108841,GLY,GLU
8660,108854,108856,GLU,THR
8661,108868,108870,THR,GLY
8662,108875,108877,GLY,PRO
8663,108889,108891,PRO,ALA
8664,108899,108901,ALA,GLY
8665,108906,108908,GLY,PRO
8666,108920,108922,PRO,HYP
8667,108935,108937,HYP,GLY
8668,108964,108966,ALA,GLY
8669,108971,108973,GLY,VAL
8670,108987,108989,VAL,MET
8671,109004,109006,MET,GLY
8672,109011,109013,GLY,DO2
8673,109032,109034,DO2,HYP
8674,109047,109049,HYP,GLY
8675,109054,109056,GLY,PRO
8676,109068,109070,PRO,LYS
8677,109090,109092,LYS,GLY
8678,109097,109099,GLY,THR
8679,109111,109113,THR,ALA
8680,109121,109123,ALA,GLY
8681,109128,109130,GLY,GLU
8682,109143,109145,GLU,HYP
8683,109158,109160,HYP,GLY
8684,109165,109167,GLY,LYS
8685,109187,109189,LYS,ALA
8686,109197,109199,ALA,GLY
8687,109204,109206,GLY,GLU
8688,109219,109221,GLU,ARG
8689,109243,109245,ARG,GLY
8690,109250,109252,GLY,VAL
8691,109266,109268,VAL,HYP
8692,109281,109283,HYP,GLY
8693,109288,109290,GLY,PRO
8694,109302,109304,PRO,HYP
8695,109317,109319,HYP,GLY
8696,109324,109326,GLY,ALA
8697,109334,109336,ALA,VAL
8698,109350,109352,VAL,GLY
8699,109357,109359,GLY,PRO
8700,109371,109373,PRO,ALA
8701,109381,109383,ALA,GLY
8702,109388,109390,GLY,LYS
8703,109410,109412,LYS,ASP
8704,109422,109424,ASP,GLY
8705,109429,109431,GLY,GLU
8706,109444,109446,GLU,ALA
8707,109454,109456,ALA,GLY
8708,109461,109463,GLY,ALA
8709,109471,109473,ALA,GLN
8710,109488,109490,GLN,GLY
8711,109495,109497,GLY,ALA
8712,109505,109507,ALA,HYP
8713,109520,109522,HYP,GLY
8714,109527,109529,GLY,PRO
8715,109541,109543,PRO,ALA
8716,109551,109553,ALA,GLY
8717,109558,109560,GLY,PRO
8718,109572,109574,PRO,ALA
8719,109582,109584,ALA,GLY
8720,109589,109591,GLY,GLU
8721,109604,109606,GLU,ARG
8722,109628,109630,ARG,GLY
8723,109635,109637,GLY,GLU
8724,109650,109652,GLU,GLN
8725,109667,109669,GLN,GLY
8726,109674,109676,GLY,PRO
8727,109688,109690,PRO,ALA
8728,109698,109700,ALA,GLY
8729,109705,109707,GLY,SER
8730,109716,109718,SER,HYP
8731,109731,109733,HYP,GLY
8732,109738,109740,GLY,DO1
8733,109759,109761,DO1,GLN
8734,109776,109778,GLN,GLY
8735,109783,109785,GLY,LEU
8736,109802,109804,LEU,HYP
8737,109817,109819,HYP,GLY
8738,109824,109826,GLY,PRO
8739,109838,109840,PRO,ALA
8740,109848,109850,ALA,GLY
8741,109855,109857,GLY,PRO
8742,109869,109871,PRO,HYP
8743,109884,109886,HYP,GLY
8744,109891,109893,GLY,GLU
8745,109906,109908,GLU,ALA
8746,109916,109918,ALA,GLY
8747,109923,109925,GLY,LYS
8748,109945,109947,LYS,HYP
8749,109960,109962,HYP,GLY
8750,109967,109969,GLY,GLU
8751,109982,109984,GLU,GLN
8752,109999,110001,GLN,GLY
8753,110006,110008,GLY,VAL
8754,110022,110024,VAL,HYP
8755,110037,110039,HYP,GLY
8756,110044,110046,GLY,ASP
8757,110056,110058,ASP,LEU
8758,110075,110077,LEU,GLY
8759,110082,110084,GLY,ALA
8760,110092,110094,ALA,HYP
8761,110107,110109,HYP,GLY
8762,110114,110116,GLY,PRO
8763,110128,110130,PRO,SER
8764,110139,110141,SER,GLY
8765,110146,110148,GLY,ALA
8766,110156,110158,ALA,ARG
8767,110180,110182,ARG,GLY
8768,110187,110189,GLY,GLU
8769,110202,110204,GLU,ARG
8770,110226,110228,ARG,GLY
8771,110233,110235,GLY,DO1
8772,110254,110256,DO1,HYP
8773,110269,110271,HYP,GLY
8774,110276,110278,GLY,GLU
8775,110291,110293,GLU,ARG
8776,110315,110317,ARG,GLY
8777,110322,110324,GLY,VAL
8778,110338,110340,VAL,GLN
8779,110355,110357,GLN,GLY
8780,110362,110364,GLY,PRO
8781,110376,110378,PRO,HYP
8782,110391,110393,HYP,GLY
8783,110398,110400,GLY,PRO
8784,110412,110414,PRO,ALA
8785,110422,110424,ALA,GLY
8786,110429,110431,GLY,PRO
8787,110443,110445,PRO,ARG
8788,110467,110469,ARG,GLY
8789,110474,110476,GLY,ASN
8790,110488,110490,ASN,ASN
8791,110502,110504,ASN,GLY
8792,110509,110511,GLY,ALA
8793,110519,110521,ALA,HYP
8794,110534,110536,HYP,GLY
8795,110541,110543,GLY,ASN
8796,110555,110557,ASN,ASP
8797,110567,110569,ASP,GLY
8798,110574,110576,GLY,ALA
8799,110584,110586,ALA,LYS
8800,110606,110608,LYS,GLY
8801,110613,110615,GLY,ASP
8802,110625,110627,ASP,THR
8803,110639,110641,THR,GLY
8804,110646,110648,GLY,ALA
8805,110656,110658,ALA,HYP
8806,110671,110673,HYP,GLY
8807,110678,110680,GLY,ALA
8808,110688,110690,ALA,HYP
8809,110703,110705,HYP,GLY
8810,110710,110712,GLY,SER
8811,110721,110723,SER,GLN
8812,110738,110740,GLN,GLY
8813,110745,110747,GLY,ALA
8814,110755,110757,ALA,HYP
8815,110770,110772,HYP,GLY
8816,110777,110779,GLY,LEU
8817,110796,110798,LEU,GLN
8818,110813,110815,GLN,GLY
8819,110820,110822,GLY,MET
8820,110837,110839,MET,HYP
8821,110852,110854,HYP,GLY
8822,110859,110861,GLY,GLU
8823,110874,110876,GLU,ARG
8824,110898,110900,ARG,GLY
8825,110905,110907,GLY,ALA
8826,110915,110917,ALA,ALA
8827,110925,110927,ALA,GLY
8828,110932,110934,GLY,LEU
8829,110951,110953,LEU,HYP
8830,110966,110968,HYP,GLY
8831,110973,110975,GLY,PRO
8832,110987,110989,PRO,LYS
8833,111009,111011,LYS,GLY
8834,111016,111018,GLY,ASP
8835,111028,111030,ASP,ARG
8836,111052,111054,ARG,GLY
8837,111059,111061,GLY,ASP
8838,111071,111073,ASP,ALA
8839,111081,111083,ALA,GLY
8840,111088,111090,GLY,PRO
8841,111102,111104,PRO,LYS
8842,111124,111126,LYS,GLY
8843,111131,111133,GLY,ALA
8844,111141,111143,ALA,ASP
8845,111153,111155,ASP,GLY
8846,111160,111162,GLY,SER
8847,111171,111173,SER,HYP
8848,111186,111188,HYP,GLY
8849,111193,111195,GLY,LYS
8850,111215,111217,LYS,ASP
8851,111227,111229,ASP,GLY
8852,111234,111236,GLY,VAL
8853,111250,111252,VAL,ARG
8854,111274,111276,ARG,GLY
8855,111281,111283,GLY,LEU
8856,111300,111302,LEU,THR
8857,111314,111316,THR,GLY
8858,111321,111323,GLY,PRO
8859,111335,111337,PRO,ILE
8860,111354,111356,ILE,GLY
8861,111361,111363,GLY,PRO
8862,111375,111377,PRO,HYP
8863,111390,111392,HYP,GLY
8864,111397,111399,GLY,PRO
8865,111411,111413,PRO,ALA
8866,111421,111423,ALA,GLY
8867,111428,111430,GLY,ALA
8868,111438,111440,ALA,HYP
8869,111453,111455,HYP,GLY
8870,111460,111462,GLY,ASP
8871,111472,111474,ASP,LYS
8872,111494,111496,LYS,GLY
8873,111501,111503,GLY,GLU
8874,111516,111518,GLU,THR
8875,111530,111532,THR,GLY
8876,111537,111539,GLY,PRO
8877,111551,111553,PRO,SER
8878,111562,111564,SER,GLY
8879,111569,111571,GLY,PRO
8880,111583,111585,PRO,ALA
8881,111593,111595,ALA,GLY
8882,111600,111602,GLY,PRO
8883,111614,111616,PRO,THR
8884,111628,111630,THR,GLY
8885,111635,111637,GLY,ALA
8886,111645,111647,ALA,ARG
8887,111669,111671,ARG,GLY
8888,111676,111678,GLY,ALA
8889,111686,111688,ALA,HYP
8890,111701,111703,HYP,GLY
8891,111708,111710,GLY,ASP
8892,111720,111722,ASP,ARG
8893,111744,111746,ARG,GLY
8894,111751,111753,GLY,GLU
8895,111766,111768,GLU,HYP
8896,111781,111783,HYP,GLY
8897,111788,111790,GLY,PRO
8898,111802,111804,PRO,HYP
8899,111817,111819,HYP,GLY
8900,111824,111826,GLY,PRO
8901,111838,111840,PRO,ALA
8902,111848,111850,ALA,GLY
8903,111855,111857,GLY,DO1
8904,111903,111905,GLU,ALA
8905,111913,111915,ALA,GLY
8906,111920,111922,GLY,ASN
8907,111934,111936,ASN,ILE
8908,111953,111955,ILE,GLY
8909,111960,111962,GLY,DO2
8910,111981,111983,DO2,HYP
8911,111996,111998,HYP,GLY
8912,112003,112005,GLY,PRO
8913,112017,112019,PRO,LYS
8914,112039,112041,LYS,GLY
8915,112046,112048,GLY,PRO
8916,112060,112062,PRO,SER
8917,112071,112073,SER,GLY
8918,112078,112080,GLY,ASP
8919,112090,112092,ASP,HYP
8920,112105,112107,HYP,GLY
8921,112112,112114,GLY,LYS
8922,112134,112136,LYS,HYP
8923,112149,112151,HYP,GLY
8924,112156,112158,GLY,GLU
8925,112171,112173,GLU,LYS
8926,112193,112195,LYS,GLY
8927,112200,112202,GLY,HIS
8928,112217,112219,HIS,HYP
8929,112232,112234,HYP,GLY
8930,112239,112241,GLY,LEU
8931,112258,112260,LEU,ALA
8932,112268,112270,ALA,GLY
8933,112275,112277,GLY,ALA
8934,112285,112287,ALA,ARG
8935,112309,112311,ARG,GLY
8936,112316,112318,GLY,ALA
8937,112326,112328,ALA,HYP
8938,112341,112343,HYP,GLY
8939,112348,112350,GLY,PRO
8940,112362,112364,PRO,ASP
8941,112374,112376,ASP,GLY
8942,112381,112383,GLY,ASN
8943,112395,112397,ASN,ASN
8944,112409,112411,ASN,GLY
8945,112416,112418,GLY,ALA
8946,112426,112428,ALA,GLN
8947,112443,112445,GLN,GLY
8948,112450,112452,GLY,PRO
8949,112464,112466,PRO,HYP
8950,112479,112481,HYP,GLY
8951,112486,112488,GLY,PRO
8952,112500,112502,PRO,GLN
8953,112517,112519,GLN,GLY
8954,112524,112526,GLY,VAL
8955,112540,112542,VAL,GLN
8956,112557,112559,GLN,GLY
8957,112564,112566,GLY,GLY
8958,112571,112573,GLY,LYS
8959,112593,112595,LYS,GLY
8960,112600,112602,GLY,GLU
8961,112615,112617,GLU,GLN
8962,112632,112634,GLN,GLY
8963,112639,112641,GLY,PRO
8964,112653,112655,PRO,ALA
8965,112663,112665,ALA,GLY
8966,112670,112672,GLY,PRO
8967,112684,112686,PRO,HYP
8968,112699,112701,HYP,GLY
8969,112706,112708,GLY,DO2
8970,112727,112729,DO2,GLN
8971,112744,112746,GLN,GLY
8972,112751,112753,GLY,LEU
8973,112770,112772,LEU,HYP
8974,112785,112787,HYP,GLY
8975,112792,112794,GLY,PRO
8976,112806,112808,PRO,SER
8977,112817,112819,SER,GLY
8978,112824,112826,GLY,THR
8979,112838,112840,THR,ALA
8980,112848,112850,ALA,GLY
8981,112855,112857,GLY,GLU
8982,112870,112872,GLU,VAL
8983,112886,112888,VAL,GLY
8984,112893,112895,GLY,LYS
8985,112915,112917,LYS,HYP
8986,112930,112932,HYP,GLY
8987,112937,112939,GLY,GLU
8988,112952,112954,GLU,ARG
8989,112976,112978,ARG,GLY
8990,112983,112985,GLY,LEU
8991,113002,113004,LEU,HYP
8992,113017,113019,HYP,GLY
8993,113024,113026,GLY,GLU
8994,113039,113041,GLU,DO2
8995,113060,113062,DO2,GLY
8996,113067,113069,GLY,LEU
8997,113086,113088,LEU,HYP
8998,113101,113103,HYP,GLY
8999,113108,113110,GLY,PRO
9000,113122,113124,PRO,ALA
9001,113132,113134,ALA,GLY
9002,113139,113141,GLY,PRO
9003,113153,113155,PRO,ARG
9004,113177,113179,ARG,GLY
9005,113184,113186,GLY,GLU
9006,113199,113201,GLU,ARG
9007,113223,113225,ARG,GLY
9008,113230,113232,GLY,PRO
9009,113244,113246,PRO,HYP
9010,113259,113261,HYP,GLY
9011,113266,113268,GLY,GLU
9012,113281,113283,GLU,SER
9013,113292,113294,SER,GLY
9014,113299,113301,GLY,ALA
9015,113309,113311,ALA,ALA
9016,113319,113321,ALA,GLY
9017,113326,113328,GLY,PRO
9018,113340,113342,PRO,SER
9019,113351,113353,SER,GLY
9020,113358,113360,GLY,PRO
9021,113372,113374,PRO,ILE
9022,113391,113393,ILE,GLY
9023,113398,113400,GLY,ILE
9024,113417,113419,ILE,ARG
9025,113441,113443,ARG,GLY
9026,113448,113450,GLY,PRO
9027,113462,113464,PRO,SER
9028,113473,113475,SER,GLY
9029,113480,113482,GLY,ALA
9030,113490,113492,ALA,HYP
9031,113505,113507,HYP,GLY
9032,113512,113514,GLY,PRO
9033,113526,113528,PRO,ASP
9034,113538,113540,ASP,GLY
9035,113545,113547,GLY,ASN
9036,113559,113561,ASN,LYS
9037,113581,113583,LYS,GLY
9038,113588,113590,GLY,GLU
9039,113603,113605,GLU,ALA
9040,113613,113615,ALA,GLY
9041,113620,113622,GLY,ALA
9042,113630,113632,ALA,VAL
9043,113646,113648,VAL,GLY
9044,113653,113655,GLY,ALA
9045,113663,113665,ALA,HYP
9046,113678,113680,HYP,GLY
9047,113685,113687,GLY,SER
9048,113696,113698,SER,ALA
9049,113706,113708,ALA,GLY
9050,113713,113715,GLY,ALA
9051,113723,113725,ALA,SER
9052,113734,113736,SER,GLY
9053,113741,113743,GLY,PRO
9054,113755,113757,PRO,GLY
9055,113762,113764,GLY,GLY
9056,113769,113771,GLY,LEU
9057,113788,113790,LEU,HYP
9058,113803,113805,HYP,GLY
9059,113810,113812,GLY,GLU
9060,113825,113827,GLU,ARG
9061,113849,113851,ARG,GLY
9062,113856,113858,GLY,ALA
9063,113866,113868,ALA,ALA
9064,113876,113878,ALA,GLY
9065,113883,113885,GLY,ILE
9066,113902,113904,ILE,HYP
9067,113917,113919,HYP,GLY
9068,113924,113926,GLY,GLY
9069,113931,113933,GLY,LYS
9070,113953,113955,LYS,GLY
9071,113960,113962,GLY,GLU
9072,113975,113977,GLU,LYS
9073,113997,113999,LYS,GLY
9074,114004,114006,GLY,GLU
9075,114019,114021,GLU,THR
9076,114033,114035,THR,GLY
9077,114040,114042,GLY,LEU
9078,114059,114061,LEU,ARG
9079,114083,114085,ARG,GLY
9080,114090,114092,GLY,GLU
9081,114105,114107,GLU,ILE
9082,114124,114126,ILE,GLY
9083,114131,114133,GLY,ASN
9084,114145,114147,ASN,HYP
9085,114160,114162,HYP,GLY
9086,114167,114169,GLY,ARG
9087,114191,114193,ARG,ASP
9088,114203,114205,ASP,GLY
9089,114210,114212,GLY,ALA
9090,114220,114222,ALA,ARG
9091,114244,114246,ARG,GLY
9092,114251,114253,GLY,ALA
9093,114261,114263,ALA,HYP
9094,114276,114278,HYP,GLY
9095,114283,114285,GLY,ALA
9096,114293,114295,ALA,ILE
9097,114312,114314,ILE,GLY
9098,114319,114321,GLY,ALA
9099,114329,114331,ALA,HYP
9100,114344,114346,HYP,GLY
9101,114351,114353,GLY,PRO
9102,114365,114367,PRO,ALA
9103,114375,114377,ALA,GLY
9104,114382,114384,GLY,ALA
9105,114392,114394,ALA,SER
9106,114403,114405,SER,GLY
9107,114410,114412,GLY,ASP
9108,114422,114424,ASP,ARG
9109,114446,114448,ARG,GLY
9110,114453,114455,GLY,GLU
9111,114468,114470,GLU,ALA
9112,114478,114480,ALA,GLY
9113,114485,114487,GLY,ALA
9114,114495,114497,ALA,ALA
9115,114505,114507,ALA,GLY
9116,114512,114514,GLY,PRO
9117,114526,114528,PRO,SER
9118,114537,114539,SER,GLY
9119,114544,114546,GLY,PRO
9120,114558,114560,PRO,ALA
9121,114568,114570,ALA,GLY
9122,114575,114577,GLY,PRO
9123,114589,114591,PRO,ARG
9124,114613,114615,ARG,GLY
9125,114620,114622,GLY,SER
9126,114631,114633,SER,HYP
9127,114646,114648,HYP,GLY
9128,114653,114655,GLY,GLU
9129,114668,114670,GLU,ARG
9130,114692,114694,ARG,GLY
9131,114699,114701,GLY,GLU
9132,114714,114716,GLU,VAL
9133,114730,114732,VAL,GLY
9134,114737,114739,GLY,PRO
9135,114751,114753,PRO,ALA
9136,114761,114763,ALA,GLY
9137,114768,114770,GLY,PRO
9138,114782,114784,PRO,ASN
9139,114796,114798,ASN,GLY
9140,114803,114805,GLY,DO1
9141,114853,114855,GLN,ALA
9142,114863,114865,ALA,GLY
9143,114870,114872,GLY,VAL
9144,114886,114888,VAL,MET
9145,114903,114905,MET,GLY
9146,114910,114912,GLY,DO1
9147,114931,114933,DO1,HYP
9148,114946,114948,HYP,GLY
9149,114953,114955,GLY,PRO
9150,114967,114969,PRO,LYS
9151,114989,114991,LYS,GLY
9152,114996,114998,GLY,THR
9153,115010,115012,THR,ALA
9154,115020,115022,ALA,GLY
9155,115027,115029,GLY,GLU
9156,115042,115044,GLU,HYP
9157,115057,115059,HYP,GLY
9158,115064,115066,GLY,LYS
9159,115086,115088,LYS,ALA
9160,115096,115098,ALA,GLY
9161,115103,115105,GLY,GLU
9162,115118,115120,GLU,ARG
9163,115142,115144,ARG,GLY
9164,115149,115151,GLY,VAL
9165,115165,115167,VAL,HYP
9166,115180,115182,HYP,GLY
9167,115187,115189,GLY,PRO
9168,115201,115203,PRO,HYP
9169,115216,115218,HYP,GLY
9170,115223,115225,GLY,ALA
9171,115233,115235,ALA,VAL
9172,115249,115251,VAL,GLY
9173,115256,115258,GLY,PRO
9174,115270,115272,PRO,ALA
9175,115280,115282,ALA,GLY
9176,115287,115289,GLY,LYS
9177,115309,115311,LYS,ASP
9178,115321,115323,ASP,GLY
9179,115328,115330,GLY,GLU
9180,115343,115345,GLU,ALA
9181,115353,115355,ALA,GLY
9182,115360,115362,GLY,ALA
9183,115370,115372,ALA,GLN
9184,115387,115389,GLN,GLY
9185,115394,115396,GLY,ALA
9186,115404,115406,ALA,HYP
9187,115419,115421,HYP,GLY
9188,115426,115428,GLY,PRO
9189,115440,115442,PRO,ALA
9190,115450,115452,ALA,GLY
9191,115457,115459,GLY,PRO
9192,115471,115473,PRO,ALA
9193,115481,115483,ALA,GLY
9194,115488,115490,GLY,GLU
9195,115503,115505,GLU,ARG
9196,115527,115529,ARG,GLY
9197,115534,115536,GLY,GLU
9198,115549,115551,GLU,GLN
9199,115566,115568,GLN,GLY
9200,115573,115575,GLY,PRO
9201,115587,115589,PRO,ALA
9202,115597,115599,ALA,GLY
9203,115604,115606,GLY,SER
9204,115615,115617,SER,HYP
9205,115630,115632,HYP,GLY
9206,115637,115639,GLY,DO2
9207,115658,115660,DO2,GLN
9208,115675,115677,GLN,GLY
9209,115682,115684,GLY,LEU
9210,115701,115703,LEU,HYP
9211,115716,115718,HYP,GLY
9212,115723,115725,GLY,PRO
9213,115737,115739,PRO,ALA
9214,115747,115749,ALA,GLY
9215,115754,115756,GLY,PRO
9216,115768,115770,PRO,HYP
9217,115783,115785,HYP,GLY
9218,115790,115792,GLY,GLU
9219,115805,115807,GLU,ALA
9220,115815,115817,ALA,GLY
9221,115822,115824,GLY,LYS
9222,115844,115846,LYS,HYP
9223,115859,115861,HYP,GLY
9224,115866,115868,GLY,GLU
9225,115881,115883,GLU,GLN
9226,115898,115900,GLN,GLY
9227,115905,115907,GLY,VAL
9228,115921,115923,VAL,HYP
9229,115936,115938,HYP,GLY
9230,115943,115945,GLY,ASP
9231,115955,115957,ASP,LEU
9232,115974,115976,LEU,GLY
9233,115981,115983,GLY,ALA
9234,115991,115993,ALA,HYP
9235,116006,116008,HYP,GLY
9236,116013,116015,GLY,PRO
9237,116027,116029,PRO,SER
9238,116038,116040,SER,GLY
9239,116045,116047,GLY,ALA
9240,116055,116057,ALA,ARG
9241,116079,116081,ARG,GLY
9242,116086,116088,GLY,GLU
9243,116101,116103,GLU,ARG
9244,116125,116127,ARG,GLY
9245,116132,116134,GLY,DO2
9246,116153,116155,DO2,HYP
9247,116168,116170,HYP,GLY
9248,116175,116177,GLY,GLU
9249,116190,116192,GLU,ARG
9250,116214,116216,ARG,GLY
9251,116221,116223,GLY,VAL
9252,116237,116239,VAL,GLN
9253,116254,116256,GLN,GLY
9254,116261,116263,GLY,PRO
9255,116275,116277,PRO,HYP
9256,116290,116292,HYP,GLY
9257,116297,116299,GLY,PRO
9258,116311,116313,PRO,ALA
9259,116321,116323,ALA,GLY
9260,116328,116330,GLY,PRO
9261,116342,116344,PRO,ARG
9262,116366,116368,ARG,GLY
9263,116373,116375,GLY,ASN
9264,116387,116389,ASN,ASN
9265,116401,116403,ASN,GLY
9266,116408,116410,GLY,ALA
9267,116418,116420,ALA,HYP
9268,116433,116435,HYP,GLY
9269,116440,116442,GLY,ASN
9270,116454,116456,ASN,ASP
9271,116466,116468,ASP,GLY
9272,116473,116475,GLY,ALA
9273,116483,116485,ALA,LYS
9274,116505,116507,LYS,GLY
9275,116512,116514,GLY,ASP
9276,116524,116526,ASP,THR
9277,116538,116540,THR,GLY
9278,116545,116547,GLY,ALA
9279,116555,116557,ALA,HYP
9280,116570,116572,HYP,GLY
9281,116577,116579,GLY,ALA
9282,116587,116589,ALA,HYP
9283,116602,116604,HYP,GLY
9284,116609,116611,GLY,SER
9285,116620,116622,SER,GLN
9286,116637,116639,GLN,GLY
9287,116644,116646,GLY,ALA
9288,116654,116656,ALA,HYP
9289,116669,116671,HYP,GLY
9290,116676,116678,GLY,LEU
9291,116695,116697,LEU,GLN
9292,116712,116714,GLN,GLY
9293,116719,116721,GLY,MET
9294,116736,116738,MET,HYP
9295,116751,116753,HYP,GLY
9296,116758,116760,GLY,GLU
9297,116773,116775,GLU,ARG
9298,116797,116799,ARG,GLY
9299,116804,116806,GLY,ALA
9300,116814,116816,ALA,ALA
9301,116824,116826,ALA,GLY
9302,116831,116833,GLY,LEU
9303,116850,116852,LEU,HYP
9304,116865,116867,HYP,GLY
9305,116872,116874,GLY,PRO
9306,116886,116888,PRO,LYS
9307,116908,116910,LYS,GLY
9308,116915,116917,GLY,ASP
9309,116927,116929,ASP,ARG
9310,116951,116953,ARG,GLY
9311,116958,116960,GLY,ASP
9312,116970,116972,ASP,ALA
9313,116980,116982,ALA,GLY
9314,116987,116989,GLY,PRO
9315,117001,117003,PRO,LYS
9316,117023,117025,LYS,GLY
9317,117030,117032,GLY,ALA
9318,117040,117042,ALA,ASP
9319,117052,117054,ASP,GLY
9320,117059,117061,GLY,SER
9321,117070,117072,SER,HYP
9322,117085,117087,HYP,GLY
9323,117092,117094,GLY,LYS
9324,117114,117116,LYS,ASP
9325,117126,117128,ASP,GLY
9326,117133,117135,GLY,VAL
9327,117149,117151,VAL,ARG
9328,117173,117175,ARG,GLY
9329,117180,117182,GLY,LEU
9330,117199,117201,LEU,THR
9331,117213,117215,THR,GLY
9332,117220,117222,GLY,PRO
9333,117234,117236,PRO,ILE
9334,117253,117255,ILE,GLY
9335,117260,117262,GLY,PRO
9336,117274,117276,PRO,HYP
9337,117289,117291,HYP,GLY
9338,117296,117298,GLY,PRO
9339,117310,117312,PRO,ALA
9340,117320,117322,ALA,GLY
9341,117327,117329,GLY,ALA
9342,117337,117339,ALA,HYP
9343,117352,117354,HYP,GLY
9344,117359,117361,GLY,ASP
9345,117371,117373,ASP,LYS
9346,117393,117395,LYS,GLY
9347,117400,117402,GLY,GLU
9348,117415,117417,GLU,THR
9349,117429,117431,THR,GLY
9350,117436,117438,GLY,PRO
9351,117450,117452,PRO,SER
9352,117461,117463,SER,GLY
9353,117468,117470,GLY,PRO
9354,117482,117484,PRO,ALA
9355,117492,117494,ALA,GLY
9356,117499,117501,GLY,PRO
9357,117513,117515,PRO,THR
9358,117527,117529,THR,GLY
9359,117534,117536,GLY,ALA
9360,117544,117546,ALA,ARG
9361,117568,117570,ARG,GLY
9362,117575,117577,GLY,ALA
9363,117585,117587,ALA,HYP
9364,117600,117602,HYP,GLY
9365,117607,117609,GLY,ASP
9366,117619,117621,ASP,ARG
9367,117643,117645,ARG,GLY
9368,117650,117652,GLY,GLU
9369,117665,117667,GLU,HYP
9370,117680,117682,HYP,GLY
9371,117687,117689,GLY,PRO
9372,117701,117703,PRO,HYP
9373,117716,117718,HYP,GLY
9374,117723,117725,GLY,PRO
9375,117737,117739,PRO,ALA
9376,117772,117774,GLN,MET
9377,117789,117791,MET,SER
9378,117800,117802,SER,DO1
9379,117821,117823,DO1,GLY
9380,117828,117830,GLY,DO2
9381,117849,117851,DO2,ASP
9382,117861,117863,ASP,GLU
9383,117876,117878,GLU,LYS
9384,117898,117900,LYS,SER
9385,117909,117911,SER,ALA
9386,117919,117921,ALA,GLY
9387,117926,117928,GLY,VAL
9388,117942,117944,VAL,SER
9389,117953,117955,SER,VAL
9390,117969,117971,VAL,PRO
9391,117983,117985,PRO,GLY
9392,117990,117992,GLY,PRO
9393,118004,118006,PRO,MET
9394,118021,118023,MET,GLY
9395,118028,118030,GLY,PRO
9396,118042,118044,PRO,SER
9397,118053,118055,SER,GLY
9398,118060,118062,GLY,PRO
9399,118074,118076,PRO,ARG
9400,118098,118100,ARG,GLY
9401,118105,118107,GLY,LEU
9402,118124,118126,LEU,HYP
9403,118139,118141,HYP,GLY
9404,118146,118148,GLY,PRO
9405,118160,118162,PRO,HYP
9406,118175,118177,HYP,GLY
9407,118182,118184,GLY,ALA
9408,118192,118194,ALA,HYP
9409,118207,118209,HYP,GLY
9410,118214,118216,GLY,PRO
9411,118228,118230,PRO,GLN
9412,118245,118247,GLN,GLY
9413,118252,118254,GLY,DO2
9414,118273,118275,DO2,GLN
9415,118290,118292,GLN,GLY
9416,118297,118299,GLY,PRO
9417,118311,118313,PRO,HYP
9418,118326,118328,HYP,GLY
9419,118333,118335,GLY,GLU
9420,118348,118350,GLU,HYP
9421,118363,118365,HYP,GLY
9422,118370,118372,GLY,GLU
9423,118385,118387,GLU,HYP
9424,118400,118402,HYP,GLY
9425,118407,118409,GLY,ALA
9426,118417,118419,ALA,SER
9427,118428,118430,SER,GLY
9428,118435,118437,GLY,PRO
9429,118449,118451,PRO,MET
9430,118466,118468,MET,GLY
9431,118473,118475,GLY,PRO
9432,118487,118489,PRO,ARG
9433,118511,118513,ARG,GLY
9434,118518,118520,GLY,PRO
9435,118532,118534,PRO,PRO
9436,118546,118548,PRO,GLY
9437,118553,118555,GLY,PRO
9438,118567,118569,PRO,HYP
9439,118582,118584,HYP,GLY
9440,118589,118591,GLY,LYS
9441,118611,118613,LYS,ASN
9442,118625,118627,ASN,GLY
9443,118632,118634,GLY,ASP
9444,118644,118646,ASP,ASP
9445,118656,118658,ASP,GLY
9446,118663,118665,GLY,GLU
9447,118678,118680,GLU,ALA
9448,118688,118690,ALA,GLY
9449,118695,118697,GLY,LYS
9450,118717,118719,LYS,PRO
9451,118731,118733,PRO,GLY
9452,118738,118740,GLY,ARG
9453,118762,118764,ARG,HYP
9454,118777,118779,HYP,GLY
9455,118784,118786,GLY,GLU
9456,118799,118801,GLU,ARG
9457,118823,118825,ARG,GLY
9458,118830,118832,GLY,PRO
9459,118844,118846,PRO,HYP
9460,118859,118861,HYP,GLY
9461,118866,118868,GLY,PRO
9462,118880,118882,PRO,GLN
9463,118897,118899,GLN,GLY
9464,118904,118906,GLY,ALA
9465,118914,118916,ALA,ARG
9466,118938,118940,ARG,GLY
9467,118945,118947,GLY,LEU
9468,118964,118966,LEU,HYP
9469,118979,118981,HYP,GLY
9470,118986,118988,GLY,THR
9471,119000,119002,THR,ALA
9472,119010,119012,ALA,GLY
9473,119017,119019,GLY,LEU
9474,119036,119038,LEU,HYP
9475,119051,119053,HYP,GLY
9476,119058,119060,GLY,MET
9477,119075,119077,MET,LYS
9478,119097,119099,LYS,GLY
9479,119104,119106,GLY,HIS
9480,119121,119123,HIS,ARG
9481,119145,119147,ARG,GLY
9482,119152,119154,GLY,DO1
9483,119173,119175,DO1,SER
9484,119184,119186,SER,GLY
9485,119191,119193,GLY,LEU
9486,119210,119212,LEU,ASP
9487,119222,119224,ASP,GLY
9488,119229,119231,GLY,ALA
9489,119239,119241,ALA,LYS
9490,119261,119263,LYS,GLY
9491,119268,119270,GLY,ASP
9492,119280,119282,ASP,THR
9493,119294,119296,THR,GLY
9494,119301,119303,GLY,PRO
9495,119315,119317,PRO,ALA
9496,119325,119327,ALA,GLY
9497,119332,119334,GLY,PRO
9498,119346,119348,PRO,LYS
9499,119368,119370,LYS,GLY
9500,119375,119377,GLY,GLU
9501,119390,119392,GLU,HYP
9502,119405,119407,HYP,GLY
9503,119412,119414,GLY,SER
9504,119423,119425,SER,HYP
9505,119438,119440,HYP,GLY
9506,119445,119447,GLY,GLU
9507,119460,119462,GLU,ASN
9508,119474,119476,ASN,GLY
9509,119481,119483,GLY,ALA
9510,119491,119493,ALA,HYP
9511,119506,119508,HYP,GLY
9512,119513,119515,GLY,GLN
9513,119530,119532,GLN,MET
9514,119547,119549,MET,GLY
9515,119554,119556,GLY,PRO
9516,119568,119570,PRO,ARG
9517,119592,119594,ARG,GLY
9518,119599,119601,GLY,LEU
9519,119618,119620,LEU,HYP
9520,119633,119635,HYP,GLY
9521,119640,119642,GLY,GLU
9522,119655,119657,GLU,ARG
9523,119679,119681,ARG,GLY
9524,119686,119688,GLY,ARG
9525,119710,119712,ARG,HYP
9526,119725,119727,HYP,GLY
9527,119732,119734,GLY,PRO
9528,119746,119748,PRO,PRO
9529,119760,119762,PRO,GLY
9530,119767,119769,GLY,SER
9531,119778,119780,SER,ALA
9532,119788,119790,ALA,GLY
9533,119795,119797,GLY,ALA
9534,119805,119807,ALA,ARG
9535,119829,119831,ARG,GLY
9536,119836,119838,GLY,ASN
9537,119850,119852,ASN,ASP
9538,119862,119864,ASP,GLY
9539,119869,119871,GLY,ALA
9540,119879,119881,ALA,VAL
9541,119895,119897,VAL,GLY
9542,119902,119904,GLY,ALA
9543,119912,119914,ALA,ALA
9544,119922,119924,ALA,GLY
9545,119929,119931,GLY,PRO
9546,119943,119945,PRO,HYP
9547,119958,119960,HYP,GLY
9548,119965,119967,GLY,PRO
9549,119979,119981,PRO,THR
9550,119993,119995,THR,GLY
9551,120000,120002,GLY,PRO
9552,120014,120016,PRO,THR
9553,120028,120030,THR,GLY
9554,120035,120037,GLY,PRO
9555,120049,120051,PRO,HYP
9556,120064,120066,HYP,GLY
9557,120071,120073,GLY,DO2
9558,120117,120119,GLN,DO1
9559,120138,120140,DO1,SER
9560,120149,120151,SER,ASP
9561,120161,120163,ASP,LY2
9562,120170,120172,LY2,GLY
9563,120177,120179,GLY,VAL
9564,120193,120195,VAL,SER
9565,120204,120206,SER,ALA
9566,120214,120216,ALA,GLY
9567,120221,120223,GLY,PRO
9568,120235,120237,PRO,GLY
9569,120242,120244,GLY,PRO
9570,120256,120258,PRO,MET
9571,120273,120275,MET,GLY
9572,120280,120282,GLY,LEU
9573,120299,120301,LEU,MET
9574,120316,120318,MET,GLY
9575,120323,120325,GLY,PRO
9576,120337,120339,PRO,ARG
9577,120361,120363,ARG,GLY
9578,120368,120370,GLY,PRO
9579,120382,120384,PRO,HYP
9580,120397,120399,HYP,GLY
9581,120404,120406,GLY,ALA
9582,120414,120416,ALA,VAL
9583,120430,120432,VAL,GLY
9584,120437,120439,GLY,ALA
9585,120447,120449,ALA,HYP
9586,120462,120464,HYP,GLY
9587,120469,120471,GLY,PRO
9588,120483,120485,PRO,GLN
9589,120500,120502,GLN,GLY
9590,120507,120509,GLY,DO1
9591,120528,120530,DO1,GLN
9592,120545,120547,GLN,GLY
9593,120552,120554,GLY,PRO
9594,120566,120568,PRO,ALA
9595,120576,120578,ALA,GLY
9596,120583,120585,GLY,GLU
9597,120598,120600,GLU,HYP
9598,120613,120615,HYP,GLY
9599,120620,120622,GLY,GLU
9600,120635,120637,GLU,HYP
9601,120650,120652,HYP,GLY
9602,120657,120659,GLY,GLN
9603,120674,120676,GLN,THR
9604,120688,120690,THR,GLY
9605,120695,120697,GLY,PRO
9606,120709,120711,PRO,ALA
9607,120719,120721,ALA,GLY
9608,120726,120728,GLY,SER
9609,120737,120739,SER,ARG
9610,120761,120763,ARG,GLY
9611,120768,120770,GLY,PRO
9612,120782,120784,PRO,ALA
9613,120792,120794,ALA,GLY
9614,120799,120801,GLY,PRO
9615,120813,120815,PRO,HYP
9616,120828,120830,HYP,GLY
9617,120835,120837,GLY,LYS
9618,120857,120859,LYS,ALA
9619,120867,120869,ALA,GLY
9620,120874,120876,GLY,GLU
9621,120889,120891,GLU,ASP
9622,120901,120903,ASP,GLY
9623,120908,120910,GLY,HIS
9624,120925,120927,HIS,HYP
9625,120940,120942,HYP,GLY
9626,120947,120949,GLY,LYS
9627,120969,120971,LYS,PRO
9628,120983,120985,PRO,GLY
9629,120990,120992,GLY,ARG
9630,121014,121016,ARG,HYP
9631,121029,121031,HYP,GLY
9632,121036,121038,GLY,GLU
9633,121051,121053,GLU,ARG
9634,121075,121077,ARG,GLY
9635,121082,121084,GLY,VAL
9636,121098,121100,VAL,VAL
9637,121114,121116,VAL,GLY
9638,121121,121123,GLY,PRO
9639,121135,121137,PRO,GLN
9640,121152,121154,GLN,GLY
9641,121159,121161,GLY,ALA
9642,121169,121171,ALA,ARG
9643,121193,121195,ARG,GLY
9644,121200,121202,GLY,DO2
9645,121221,121223,DO2,HYP
9646,121236,121238,HYP,GLY
9647,121243,121245,GLY,THR
9648,121257,121259,THR,HYP
9649,121272,121274,HYP,GLY
9650,121279,121281,GLY,LEU
9651,121298,121300,LEU,HYP
9652,121313,121315,HYP,GLY
9653,121320,121322,GLY,DO1
9654,121341,121343,DO1,LYX
9655,121361,121372,LYX,GLY
9656,121377,121379,GLY,ILE
9657,121396,121398,ILE,ARG
9658,121420,121422,ARG,GLY
9659,121427,121429,GLY,HIS
9660,121444,121446,HIS,ASN
9661,121458,121460,ASN,GLY
9662,121465,121467,GLY,LEU
9663,121484,121486,LEU,ASP
9664,121496,121498,ASP,GLY
9665,121503,121505,GLY,LEU
9666,121522,121524,LEU,LYS
9667,121544,121546,LYS,GLY
9668,121551,121553,GLY,GLN
9669,121568,121570,GLN,HYP
9670,121583,121585,HYP,GLY
9671,121590,121592,GLY,ALA
9672,121600,121602,ALA,GLN
9673,121617,121619,GLN,GLY
9674,121624,121626,GLY,VAL
9675,121640,121642,VAL,LYS
9676,121662,121664,LYS,GLY
9677,121669,121671,GLY,GLU
9678,121684,121686,GLU,HYP
9679,121699,121701,HYP,GLY
9680,121706,121708,GLY,ALA
9681,121716,121718,ALA,HYP
9682,121731,121733,HYP,GLY
9683,121738,121740,GLY,GLU
9684,121753,121755,GLU,ASN
9685,121767,121769,ASN,GLY
9686,121774,121776,GLY,THR
9687,121788,121790,THR,HYP
9688,121803,121805,HYP,GLY
9689,121810,121812,GLY,GLN
9690,121827,121829,GLN,ALA
9691,121837,121839,ALA,GLY
9692,121844,121846,GLY,ALA
9693,121854,121856,ALA,ARG
9694,121878,121880,ARG,GLY
9695,121885,121887,GLY,LEU
9696,121904,121906,LEU,HYP
9697,121919,121921,HYP,GLY
9698,121926,121928,GLY,GLU
9699,121941,121943,GLU,ARG
9700,121965,121967,ARG,GLY
9701,121972,121974,GLY,ARG
9702,121996,121998,ARG,VAL
9703,122012,122014,VAL,GLY
9704,122019,122021,GLY,ALA
9705,122029,122031,ALA,HYP
9706,122044,122046,HYP,GLY
9707,122051,122053,GLY,PRO
9708,122065,122067,PRO,ALA
9709,122075,122077,ALA,GLY
9710,122082,122084,GLY,ALA
9711,122092,122094,ALA,ARG
9712,122116,122118,ARG,GLY
9713,122123,122125,GLY,SER
9714,122134,122136,SER,ASP
9715,122146,122148,ASP,GLY
9716,122153,122155,GLY,SER
9717,122164,122166,SER,VAL
9718,122180,122182,VAL,GLY
9719,122187,122189,GLY,PRO
9720,122201,122203,PRO,VAL
9721,122217,122219,VAL,GLY
9722,122224,122226,GLY,PRO
9723,122238,122240,PRO,ALA
9724,122248,122250,ALA,GLY
9725,122255,122257,GLY,PRO
9726,122269,122271,PRO,ILE
9727,122288,122290,ILE,GLY
9728,122295,122297,GLY,SER
9729,122306,122308,SER,ALA
9730,122316,122318,ALA,GLY
9731,122323,122325,GLY,PRO
9732,122337,122339,PRO,HYP
9733,122377,122379,GLN,MET
9734,122394,122396,MET,SER
9735,122405,122407,SER,DO1
9736,122426,122428,DO1,GLY
9737,122433,122435,GLY,DO1
9738,122454,122456,DO1,ASP
9739,122466,122468,ASP,GLU
9740,122481,122483,GLU,LY3
9741,122493,122495,LY3,SER
9742,122504,122506,SER,ALA
9743,122514,122516,ALA,GLY
9744,122521,122523,GLY,VAL
9745,122537,122539,VAL,SER
9746,122548,122550,SER,VAL
9747,122564,122566,VAL,PRO
9748,122578,122580,PRO,GLY
9749,122585,122587,GLY,PRO
9750,122599,122601,PRO,MET
9751,122616,122618,MET,GLY
9752,122623,122625,GLY,PRO
9753,122637,122639,PRO,SER
9754,122648,122650,SER,GLY
9755,122655,122657,GLY,PRO
9756,122669,122671,PRO,ARG
9757,122693,122695,ARG,GLY
9758,122700,122702,GLY,LEU
9759,122719,122721,LEU,HYP
9760,122734,122736,HYP,GLY
9761,122741,122743,GLY,PRO
9762,122755,122757,PRO,HYP
9763,122770,122772,HYP,GLY
9764,122777,122779,GLY,ALA
9765,122787,122789,ALA,HYP
9766,122802,122804,HYP,GLY
9767,122809,122811,GLY,PRO
9768,122823,122825,PRO,GLN
9769,122840,122842,GLN,GLY
9770,122847,122849,GLY,DO1
9771,122868,122870,DO1,GLN
9772,122885,122887,GLN,GLY
9773,122892,122894,GLY,PRO
9774,122906,122908,PRO,HYP
9775,122921,122923,HYP,GLY
9776,122928,122930,GLY,GLU
9777,122943,122945,GLU,HYP
9778,122958,122960,HYP,GLY
9779,122965,122967,GLY,GLU
9780,122980,122982,GLU,HYP
9781,122995,122997,HYP,GLY
9782,123002,123004,GLY,ALA
9783,123012,123014,ALA,SER
9784,123023,123025,SER,GLY
9785,123030,123032,GLY,PRO
9786,123044,123046,PRO,MET
9787,123061,123063,MET,GLY
9788,123068,123070,GLY,PRO
9789,123082,123084,PRO,ARG
9790,123106,123108,ARG,GLY
9791,123113,123115,GLY,PRO
9792,123127,123129,PRO,PRO
9793,123141,123143,PRO,GLY
9794,123148,123150,GLY,PRO
9795,123162,123164,PRO,HYP
9796,123177,123179,HYP,GLY
9797,123184,123186,GLY,LYS
9798,123206,123208,LYS,ASN
9799,123220,123222,ASN,GLY
9800,123227,123229,GLY,ASP
9801,123239,123241,ASP,ASP
9802,123251,123253,ASP,GLY
9803,123258,123260,GLY,GLU
9804,123273,123275,GLU,ALA
9805,123283,123285,ALA,GLY
9806,123290,123292,GLY,LYS
9807,123312,123314,LYS,PRO
9808,123326,123328,PRO,GLY
9809,123333,123335,GLY,ARG
9810,123357,123359,ARG,HYP
9811,123372,123374,HYP,GLY
9812,123379,123381,GLY,GLU
9813,123394,123396,GLU,ARG
9814,123418,123420,ARG,GLY
9815,123425,123427,GLY,PRO
9816,123439,123441,PRO,HYP
9817,123454,123456,HYP,GLY
9818,123461,123463,GLY,PRO
9819,123475,123477,PRO,GLN
9820,123492,123494,GLN,GLY
9821,123499,123501,GLY,ALA
9822,123509,123511,ALA,ARG
9823,123533,123535,ARG,GLY
9824,123540,123542,GLY,LEU
9825,123559,123561,LEU,HYP
9826,123574,123576,HYP,GLY
9827,123581,123583,GLY,THR
9828,123595,123597,THR,ALA
9829,123605,123607,ALA,GLY
9830,123612,123614,GLY,LEU
9831,123631,123633,LEU,HYP
9832,123646,123648,HYP,GLY
9833,123653,123655,GLY,MET
9834,123670,123672,MET,LYS
9835,123692,123694,LYS,GLY
9836,123699,123701,GLY,HIS
9837,123716,123718,HIS,ARG
9838,123740,123742,ARG,GLY
9839,123747,123749,GLY,DO1
9840,123768,123770,DO1,SER
9841,123779,123781,SER,GLY
9842,123786,123788,GLY,LEU
9843,123805,123807,LEU,ASP
9844,123817,123819,ASP,GLY
9845,123824,123826,GLY,ALA
9846,123834,123836,ALA,LYS
9847,123856,123858,LYS,GLY
9848,123863,123865,GLY,ASP
9849,123875,123877,ASP,THR
9850,123889,123891,THR,GLY
9851,123896,123898,GLY,PRO
9852,123910,123912,PRO,ALA
9853,123920,123922,ALA,GLY
9854,123927,123929,GLY,PRO
9855,123941,123943,PRO,LYS
9856,123963,123965,LYS,GLY
9857,123970,123972,GLY,GLU
9858,123985,123987,GLU,HYP
9859,124000,124002,HYP,GLY
9860,124007,124009,GLY,SER
9861,124018,124020,SER,HYP
9862,124033,124035,HYP,GLY
9863,124040,124042,GLY,GLU
9864,124055,124057,GLU,ASN
9865,124069,124071,ASN,GLY
9866,124076,124078,GLY,ALA
9867,124086,124088,ALA,HYP
9868,124101,124103,HYP,GLY
9869,124108,124110,GLY,GLN
9870,124125,124127,GLN,MET
9871,124142,124144,MET,GLY
9872,124149,124151,GLY,PRO
9873,124163,124165,PRO,ARG
9874,124187,124189,ARG,GLY
9875,124194,124196,GLY,LEU
9876,124213,124215,LEU,HYP
9877,124228,124230,HYP,GLY
9878,124235,124237,GLY,GLU
9879,124250,124252,GLU,ARG
9880,124274,124276,ARG,GLY
9881,124281,124283,GLY,ARG
9882,124305,124307,ARG,HYP
9883,124320,124322,HYP,GLY
9884,124327,124329,GLY,PRO
9885,124341,124343,PRO,PRO
9886,124355,124357,PRO,GLY
9887,124362,124364,GLY,SER
9888,124373,124375,SER,ALA
9889,124383,124385,ALA,GLY
9890,124390,124392,GLY,ALA
9891,124400,124402,ALA,ARG
9892,124424,124426,ARG,GLY
9893,124431,124433,GLY,ASN
9894,124445,124447,ASN,ASP
9895,124457,124459,ASP,GLY
9896,124464,124466,GLY,ALA
9897,124474,124476,ALA,VAL
9898,124490,124492,VAL,GLY
9899,124497,124499,GLY,ALA
9900,124507,124509,ALA,ALA
9901,124517,124519,ALA,GLY
9902,124524,124526,GLY,PRO
9903,124538,124540,PRO,HYP
9904,124553,124555,HYP,GLY
9905,124560,124562,GLY,PRO
9906,124574,124576,PRO,THR
9907,124588,124590,THR,GLY
9908,124595,124597,GLY,PRO
9909,124609,124611,PRO,THR
9910,124623,124625,THR,GLY
9911,124630,124632,GLY,PRO
9912,124644,124646,PRO,HYP
9913,124692,124694,DO2,HYP
9914,124707,124709,HYP,GLY
9915,124714,124716,GLY,ALA
9916,124724,124726,ALA,ALA
9917,124734,124736,ALA,GLY
9918,124741,124743,GLY,ALA
9919,124751,124753,ALA,LYS
9920,124773,124775,LYS,GLY
9921,124780,124782,GLY,GLU
9922,124795,124797,GLU,ALA
9923,124805,124807,ALA,GLY
9924,124812,124814,GLY,PRO
9925,124826,124828,PRO,GLN
9926,124843,124845,GLN,GLY
9927,124850,124852,GLY,ALA
9928,124860,124862,ALA,ARG
9929,124884,124886,ARG,GLY
9930,124891,124893,GLY,SER
9931,124902,124904,SER,GLU
9932,124917,124919,GLU,GLY
9933,124924,124926,GLY,PRO
9934,124938,124940,PRO,GLN
9935,124955,124957,GLN,GLY
9936,124962,124964,GLY,VAL
9937,124978,124980,VAL,ARG
9938,125002,125004,ARG,GLY
9939,125009,125011,GLY,GLU
9940,125024,125026,GLU,HYP
9941,125039,125041,HYP,GLY
9942,125046,125048,GLY,PRO
9943,125060,125062,PRO,HYP
9944,125075,125077,HYP,GLY
9945,125082,125084,GLY,PRO
9946,125096,125098,PRO,ALA
9947,125106,125108,ALA,GLY
9948,125113,125115,GLY,ALA
9949,125123,125125,ALA,ALA
9950,125133,125135,ALA,GLY
9951,125140,125142,GLY,PRO
9952,125154,125156,PRO,ALA
9953,125164,125166,ALA,GLY
9954,125171,125173,GLY,ASN
9955,125185,125187,ASN,HYP
9956,125200,125202,HYP,GLY
9957,125207,125209,GLY,ALA
9958,125217,125219,ALA,ASP
9959,125229,125231,ASP,GLY
9960,125236,125238,GLY,GLN
9961,125253,125255,GLN,HYP
9962,125268,125270,HYP,GLY
9963,125275,125277,GLY,ALA
9964,125285,125287,ALA,LYS
9965,125307,125309,LYS,GLY
9966,125314,125316,GLY,ALA
9967,125324,125326,ALA,ASN
9968,125338,125340,ASN,GLY
9969,125345,125347,GLY,ALA
9970,125355,125357,ALA,HYP
9971,125370,125372,HYP,GLY
9972,125377,125379,GLY,ILE
9973,125396,125398,ILE,ALA
9974,125406,125408,ALA,GLY
9975,125413,125415,GLY,ALA
9976,125423,125425,ALA,HYP
9977,125438,125440,HYP,GLY
9978,125445,125447,GLY,DO1
9979,125466,125468,DO1,HYP
9980,125481,125483,HYP,GLY
9981,125488,125490,GLY,ALA
9982,125498,125500,ALA,ARG
9983,125522,125524,ARG,GLY
9984,125529,125531,GLY,PRO
9985,125543,125545,PRO,SER
9986,125554,125556,SER,GLY
9987,125561,125563,GLY,PRO
9988,125575,125577,PRO,GLN
9989,125592,125594,GLN,GLY
9990,125599,125601,GLY,PRO
9991,125613,125615,PRO,SER
9992,125624,125626,SER,GLY
9993,125631,125633,GLY,ALA
9994,125641,125643,ALA,HYP
9995,125656,125658,HYP,GLY
9996,125663,125665,GLY,PRO
9997,125677,125679,PRO,LYS
9998,125699,125701,LYS,GLY
9999,125706,125708,GLY,ASN
10000,125720,125722,ASN,SER
10001,125731,125733,SER,GLY
10002,125738,125740,GLY,GLU
10003,125753,125755,GLU,HYP
10004,125768,125770,HYP,GLY
10005,125775,125777,GLY,ALA
10006,125785,125787,ALA,HYP
10007,125800,125802,HYP,GLY
10008,125807,125809,GLY,ASN
10009,125821,125823,ASN,LYS
10010,125843,125845,LYS,GLY
10011,125850,125852,GLY,ASP
10012,125862,125864,ASP,THR
10013,125876,125878,THR,GLY
10014,125883,125885,GLY,ALA
10015,125893,125895,ALA,LYS
10016,125915,125917,LYS,GLY
10017,125922,125924,GLY,GLU
10018,125937,125939,GLU,HYP
10019,125952,125954,HYP,GLY
10020,125959,125961,GLY,PRO
10021,125973,125975,PRO,ALA
10022,125983,125985,ALA,GLY
10023,125990,125992,GLY,VAL
10024,126006,126008,VAL,GLN
10025,126023,126025,GLN,GLY
10026,126030,126032,GLY,PRO
10027,126044,126046,PRO,HYP
10028,126059,126061,HYP,GLY
10029,126066,126068,GLY,PRO
10030,126080,126082,PRO,ALA
10031,126090,126092,ALA,GLY
10032,126097,126099,GLY,GLU
10033,126112,126114,GLU,GLU
10034,126127,126129,GLU,GLY
10035,126134,126136,GLY,LYS
10036,126156,126158,LYS,ARG
10037,126180,126182,ARG,GLY
10038,126187,126189,GLY,ALA
10039,126197,126199,ALA,ARG
10040,126221,126223,ARG,GLY
10041,126228,126230,GLY,GLU
10042,126243,126245,GLU,HYP
10043,126258,126260,HYP,GLY
10044,126265,126267,GLY,PRO
10045,126279,126281,PRO,SER
10046,126290,126292,SER,GLY
10047,126297,126299,GLY,LEU
10048,126316,126318,LEU,HYP
10049,126331,126333,HYP,GLY
10050,126338,126340,GLY,PRO
10051,126352,126354,PRO,PRO
10052,126366,126368,PRO,GLY
10053,126373,126375,GLY,GLU
10054,126388,126390,GLU,ARG
10055,126412,126414,ARG,GLY
10056,126419,126421,GLY,GLY
10057,126426,126428,GLY,HYP
10058,126441,126443,HYP,GLY
10059,126448,126450,GLY,SER
10060,126459,126461,SER,ARG
10061,126483,126485,ARG,GLY
10062,126490,126492,GLY,DO1
10063,126511,126513,DO1,HYP
10064,126526,126528,HYP,GLY
10065,126533,126535,GLY,ALA
10066,126543,126545,ALA,ASP
10067,126555,126557,ASP,GLY
10068,126562,126564,GLY,VAL
10069,126578,126580,VAL,ALA
10070,126588,126590,ALA,GLY
10071,126595,126597,GLY,PRO
10072,126609,126611,PRO,LYS
10073,126631,126633,LYS,GLY
10074,126638,126640,GLY,PRO
10075,126652,126654,PRO,ALA
10076,126662,126664,ALA,GLY
10077,126669,126671,GLY,GLU
10078,126684,126686,GLU,ARG
10079,126708,126710,ARG,GLY
10080,126715,126717,GLY,SER
10081,126726,126728,SER,HYP
10082,126741,126743,HYP,GLY
10083,126748,126750,GLY,PRO
10084,126762,126764,PRO,ALA
10085,126772,126774,ALA,GLY
10086,126779,126781,GLY,PRO
10087,126793,126795,PRO,LYS
10088,126815,126817,LYS,GLY
10089,126822,126824,GLY,SER
10090,126833,126835,SER,HYP
10091,126848,126850,HYP,GLY
10092,126855,126857,GLY,GLU
10093,126870,126872,GLU,ALA
10094,126880,126882,ALA,GLY
10095,126887,126889,GLY,ARG
10096,126911,126913,ARG,HYP
10097,126926,126928,HYP,GLY
10098,126933,126935,GLY,GLU
10099,126948,126950,GLU,ALA
10100,126958,126960,ALA,GLY
10101,126965,126967,GLY,LEU
10102,126984,126986,LEU,HYP
10103,126999,127001,HYP,GLY
10104,127006,127008,GLY,ALA
10105,127016,127018,ALA,LYS
10106,127038,127040,LYS,GLY
10107,127045,127047,GLY,LEU
10108,127064,127066,LEU,THR
10109,127078,127080,THR,GLY
10110,127085,127087,GLY,SER
10111,127096,127098,SER,HYP
10112,127111,127113,HYP,GLY
10113,127118,127120,GLY,SER
10114,127129,127131,SER,HYP
10115,127144,127146,HYP,GLY
10116,127151,127153,GLY,PRO
10117,127165,127167,PRO,ASP
10118,127177,127179,ASP,GLY
10119,127184,127186,GLY,LYS
10120,127206,127208,LYS,THR
10121,127220,127222,THR,GLY
10122,127227,127229,GLY,PRO
10123,127241,127243,PRO,HYP
10124,127256,127258,HYP,GLY
10125,127263,127265,GLY,PRO
10126,127277,127279,PRO,ALA
10127,127287,127289,ALA,GLY
10128,127294,127296,GLY,GLN
10129,127311,127313,GLN,ASP
10130,127323,127325,ASP,GLY
10131,127330,127332,GLY,ARG
10132,127354,127356,ARG,HYP
10133,127369,127371,HYP,GLY
10134,127376,127378,GLY,PRO
10135,127390,127392,PRO,ALA
10136,127400,127402,ALA,GLY
10137,127407,127409,GLY,PRO
10138,127421,127423,PRO,HYP
10139,127436,127438,HYP,GLY
10140,127443,127445,GLY,ALA
10141,127453,127455,ALA,ARG
10142,127477,127479,ARG,GLY
10143,127484,127486,GLY,GLN
10144,127520,127522,GLY,DO2
10145,127541,127543,DO2,HYP
10146,127556,127558,HYP,GLY
10147,127563,127565,GLY,ALA
10148,127573,127575,ALA,HYP
10149,127588,127590,HYP,GLY
10150,127595,127597,GLY,PRO
10151,127609,127611,PRO,LYS
10152,127631,127633,LYS,GLY
10153,127638,127640,GLY,GLU
10154,127653,127655,GLU,LEU
10155,127672,127674,LEU,GLY
10156,127679,127681,GLY,PRO
10157,127693,127695,PRO,VAL
10158,127709,127711,VAL,GLY
10159,127716,127718,GLY,ASN
10160,127730,127732,ASN,HYP
10161,127745,127747,HYP,GLY
10162,127752,127754,GLY,PRO
10163,127766,127768,PRO,ALA
10164,127776,127778,ALA,GLY
10165,127783,127785,GLY,PRO
10166,127797,127799,PRO,ALA
10167,127807,127809,ALA,GLY
10168,127814,127816,GLY,PRO
10169,127828,127830,PRO,ARG
10170,127852,127854,ARG,GLY
10171,127859,127861,GLY,GLU
10172,127874,127876,GLU,ALA
10173,127884,127886,ALA,GLY
10174,127891,127893,GLY,LEU
10175,127910,127912,LEU,HYP
10176,127925,127927,HYP,GLY
10177,127932,127934,GLY,LEU
10178,127951,127953,LEU,SER
10179,127962,127964,SER,GLY
10180,127969,127971,GLY,PRO
10181,127983,127985,PRO,VAL
10182,127999,128001,VAL,GLY
10183,128006,128008,GLY,PRO
10184,128020,128022,PRO,HYP
10185,128035,128037,HYP,GLY
10186,128042,128044,GLY,ASN
10187,128056,128058,ASN,PRO
10188,128070,128072,PRO,GLY
10189,128077,128079,GLY,ALA
10190,128087,128089,ALA,ASN
10191,128101,128103,ASN,GLY
10192,128108,128110,GLY,LEU
10193,128127,128129,LEU,THR
10194,128141,128143,THR,GLY
10195,128148,128150,GLY,ALA
10196,128158,128160,ALA,LYS
10197,128180,128182,LYS,GLY
10198,128187,128189,GLY,ALA
10199,128197,128199,ALA,THR
10200,128211,128213,THR,GLY
10201,128218,128220,GLY,LEU
10202,128237,128239,LEU,HYP
10203,128252,128254,HYP,GLY
10204,128259,128261,GLY,VAL
10205,128275,128277,VAL,ALA
10206,128285,128287,ALA,GLY
10207,128292,128294,GLY,ALA
10208,128302,128304,ALA,HYP
10209,128317,128319,HYP,GLY
10210,128324,128326,GLY,LEU
10211,128343,128345,LEU,HYP
10212,128358,128360,HYP,GLY
10213,128365,128367,GLY,PRO
10214,128379,128381,PRO,ARG
10215,128403,128405,ARG,GLY
10216,128410,128412,GLY,ILE
10217,128429,128431,ILE,HYP
10218,128444,128446,HYP,GLY
10219,128451,128453,GLY,PRO
10220,128465,128467,PRO,VAL
10221,128481,128483,VAL,GLY
10222,128488,128490,GLY,ALA
10223,128498,128500,ALA,ALA
10224,128508,128510,ALA,GLY
10225,128515,128517,GLY,ALA
10226,128525,128527,ALA,THR
10227,128539,128541,THR,GLY
10228,128546,128548,GLY,PRO
10229,128560,128562,PRO,ARG
10230,128584,128586,ARG,GLY
10231,128591,128593,GLY,LEU
10232,128610,128612,LEU,VAL
10233,128626,128628,VAL,GLY
10234,128633,128635,GLY,GLU
10235,128648,128650,GLU,HYP
10236,128663,128665,HYP,GLY
10237,128670,128672,GLY,PRO
10238,128684,128686,PRO,ALA
10239,128694,128696,ALA,GLY
10240,128701,128703,GLY,SER
10241,128712,128714,SER,LYS
10242,128734,128736,LYS,GLY
10243,128741,128743,GLY,GLU
10244,128756,128758,GLU,THR
10245,128770,128772,THR,GLY
10246,128777,128779,GLY,ASN
10247,128791,128793,ASN,LYS
10248,128813,128815,LYS,GLY
10249,128820,128822,GLY,GLU
10250,128835,128837,GLU,HYP
10251,128850,128852,HYP,GLY
10252,128857,128859,GLY,SER
10253,128868,128870,SER,ALA
10254,128878,128880,ALA,GLY
10255,128885,128887,GLY,ALA
10256,128895,128897,ALA,GLN
10257,128912,128914,GLN,GLY
10258,128919,128921,GLY,PRO
10259,128933,128935,PRO,HYP
10260,128948,128950,HYP,GLY
10261,128955,128957,GLY,PRO
10262,128969,128971,PRO,SER
10263,128980,128982,SER,GLY
10264,128987,128989,GLY,GLU
10265,129002,129004,GLU,GLU
10266,129017,129019,GLU,GLY
10267,129024,129026,GLY,LYS
10268,129046,129048,LYS,ARG
10269,129070,129072,ARG,GLY
10270,129077,129079,GLY,SER
10271,129088,129090,SER,PRO
10272,129102,129104,PRO,GLY
10273,129109,129111,GLY,GLU
10274,129124,129126,GLU,PRO
10275,129138,129140,PRO,GLY
10276,129145,129147,GLY,SER
10277,129156,129158,SER,ALA
10278,129166,129168,ALA,GLY
10279,129173,129175,GLY,PRO
10280,129187,129189,PRO,ALA
10281,129197,129199,ALA,GLY
10282,129204,129206,GLY,PRO
10283,129218,129220,PRO,HYP
10284,129233,129235,HYP,GLY
10285,129240,129242,GLY,LEU
10286,129259,129261,LEU,ARG
10287,129283,129285,ARG,GLY
10288,129290,129292,GLY,SER
10289,129301,129303,SER,HYP
10290,129316,129318,HYP,GLY
10291,129323,129325,GLY,SER
10292,129334,129336,SER,ARG
10293,129358,129360,ARG,GLY
10294,129365,129367,GLY,LEU
10295,129384,129386,LEU,HYP
10296,129399,129401,HYP,GLY
10297,129406,129408,GLY,ALA
10298,129416,129418,ALA,ASP
10299,129428,129430,ASP,GLY
10300,129435,129437,GLY,ARG
10301,129459,129461,ARG,ALA
10302,129469,129471,ALA,GLY
10303,129476,129478,GLY,VAL
10304,129492,129494,VAL,MET
10305,129509,129511,MET,GLY
10306,129516,129518,GLY,PRO
10307,129530,129532,PRO,PRO
10308,129544,129546,PRO,GLY
10309,129551,129553,GLY,ASN
10310,129565,129567,ASN,ARG
10311,129589,129591,ARG,GLY
10312,129596,129598,GLY,SER
10313,129607,129609,SER,THR
10314,129621,129623,THR,GLY
10315,129628,129630,GLY,PRO
10316,129642,129644,PRO,ALA
10317,129652,129654,ALA,GLY
10318,129659,129661,GLY,VAL
10319,129675,129677,VAL,ARG
10320,129699,129701,ARG,GLY
10321,129706,129708,GLY,PRO
10322,129720,129722,PRO,ASN
10323,129734,129736,ASN,GLY
10324,129741,129743,GLY,ASP
10325,129753,129755,ASP,ALA
10326,129763,129765,ALA,GLY
10327,129770,129772,GLY,ARG
10328,129794,129796,ARG,HYP
10329,129809,129811,HYP,GLY
10330,129816,129818,GLY,GLU
10331,129831,129833,GLU,HYP
10332,129846,129848,HYP,GLY
10333,129853,129855,GLY,LEU
10334,129872,129874,LEU,MET
10335,129889,129891,MET,GLY
10336,129896,129898,GLY,PRO
10337,129910,129912,PRO,ARG
10338,129934,129936,ARG,GLY
10339,129941,129943,GLY,LEU
10340,129960,129962,LEU,HYP
10341,129975,129977,HYP,GLY
10342,129982,129984,GLY,SER
10343,129993,129995,SER,HYP
10344,130008,130010,HYP,GLY
10345,130015,130017,GLY,ASN
10346,130029,130031,ASN,VAL
10347,130045,130047,VAL,GLY
10348,130052,130054,GLY,PRO
10349,130066,130068,PRO,ALA
10350,130076,130078,ALA,GLY
10351,130083,130085,GLY,LYS
10352,130105,130107,LYS,GLU
10353,130120,130122,GLU,GLY
10354,130127,130129,GLY,PRO
10355,130141,130143,PRO,VAL
10356,130157,130159,VAL,GLY
10357,130164,130166,GLY,LEU
10358,130183,130185,LEU,HYP
10359,130198,130200,HYP,GLY
10360,130205,130207,GLY,ILE
10361,130224,130226,ILE,ASP
10362,130236,130238,ASP,GLY
10363,130243,130245,GLY,ARG
10364,130267,130269,ARG,HYP
10365,130282,130284,HYP,GLY
10366,130289,130291,GLY,PRO
10367,130303,130305,PRO,ILE
10368,130322,130324,ILE,GLY
10369,130329,130331,GLY,PRO
10370,130343,130345,PRO,ALA
10371,130353,130355,ALA,GLY
10372,130360,130362,GLY,PRO
10373,130374,130376,PRO,ARG
10374,130398,130400,ARG,GLY
10375,130424,130426,GLY,DO2
10376,130445,130447,DO2,HYP
10377,130460,130462,HYP,GLY
10378,130467,130469,GLY,ALA
10379,130477,130479,ALA,ALA
10380,130487,130489,ALA,GLY
10381,130494,130496,GLY,ALA
10382,130504,130506,ALA,LYS
10383,130526,130528,LYS,GLY
10384,130533,130535,GLY,GLU
10385,130548,130550,GLU,ALA
10386,130558,130560,ALA,GLY
10387,130565,130567,GLY,PRO
10388,130579,130581,PRO,GLN
10389,130596,130598,GLN,GLY
10390,130603,130605,GLY,ALA
10391,130613,130615,ALA,ARG
10392,130637,130639,ARG,GLY
10393,130644,130646,GLY,SER
10394,130655,130657,SER,GLU
10395,130670,130672,GLU,GLY
10396,130677,130679,GLY,PRO
10397,130691,130693,PRO,GLN
10398,130708,130710,GLN,GLY
10399,130715,130717,GLY,VAL
10400,130731,130733,VAL,ARG
10401,130755,130757,ARG,GLY
10402,130762,130764,GLY,GLU
10403,130777,130779,GLU,HYP
10404,130792,130794,HYP,GLY
10405,130799,130801,GLY,PRO
10406,130813,130815,PRO,HYP
10407,130828,130830,HYP,GLY
10408,130835,130837,GLY,PRO
10409,130849,130851,PRO,ALA
10410,130859,130861,ALA,GLY
10411,130866,130868,GLY,ALA
10412,130876,130878,ALA,ALA
10413,130886,130888,ALA,GLY
10414,130893,130895,GLY,PRO
10415,130907,130909,PRO,ALA
10416,130917,130919,ALA,GLY
10417,130924,130926,GLY,ASN
10418,130938,130940,ASN,HYP
10419,130953,130955,HYP,GLY
10420,130960,130962,GLY,ALA
10421,130970,130972,ALA,ASP
10422,130982,130984,ASP,GLY
10423,130989,130991,GLY,GLN
10424,131006,131008,GLN,HYP
10425,131021,131023,HYP,GLY
10426,131028,131030,GLY,ALA
10427,131038,131040,ALA,LYS
10428,131060,131062,LYS,GLY
10429,131067,131069,GLY,ALA
10430,131077,131079,ALA,ASN
10431,131091,131093,ASN,GLY
10432,131098,131100,GLY,ALA
10433,131108,131110,ALA,HYP
10434,131123,131125,HYP,GLY
10435,131130,131132,GLY,ILE
10436,131149,131151,ILE,ALA
10437,131159,131161,ALA,GLY
10438,131166,131168,GLY,ALA
10439,131176,131178,ALA,HYP
10440,131191,131193,HYP,GLY
10441,131198,131200,GLY,DO2
10442,131219,131221,DO2,HYP
10443,131234,131236,HYP,GLY
10444,131241,131243,GLY,ALA
10445,131251,131253,ALA,ARG
10446,131275,131277,ARG,GLY
10447,131282,131284,GLY,PRO
10448,131296,131298,PRO,SER
10449,131307,131309,SER,GLY
10450,131314,131316,GLY,PRO
10451,131328,131330,PRO,GLN
10452,131345,131347,GLN,GLY
10453,131352,131354,GLY,PRO
10454,131366,131368,PRO,SER
10455,131377,131379,SER,GLY
10456,131384,131386,GLY,ALA
10457,131394,131396,ALA,HYP
10458,131409,131411,HYP,GLY
10459,131416,131418,GLY,PRO
10460,131430,131432,PRO,LYS
10461,131452,131454,LYS,GLY
10462,131459,131461,GLY,ASN
10463,131473,131475,ASN,SER
10464,131484,131486,SER,GLY
10465,131491,131493,GLY,GLU
10466,131506,131508,GLU,HYP
10467,131521,131523,HYP,GLY
10468,131528,131530,GLY,ALA
10469,131538,131540,ALA,HYP
10470,131553,131555,HYP,GLY
10471,131560,131562,GLY,ASN
10472,131574,131576,ASN,LYS
10473,131596,131598,LYS,GLY
10474,131603,131605,GLY,ASP
10475,131615,131617,ASP,THR
10476,131629,131631,THR,GLY
10477,131636,131638,GLY,ALA
10478,131646,131648,ALA,LYS
10479,131668,131670,LYS,GLY
10480,131675,131677,GLY,GLU
10481,131690,131692,GLU,HYP
10482,131705,131707,HYP,GLY
10483,131712,131714,GLY,PRO
10484,131726,131728,PRO,ALA
10485,131736,131738,ALA,GLY
10486,131743,131745,GLY,VAL
10487,131759,131761,VAL,GLN
10488,131776,131778,GLN,GLY
10489,131783,131785,GLY,PRO
10490,131797,131799,PRO,HYP
10491,131812,131814,HYP,GLY
10492,131819,131821,GLY,PRO
10493,131833,131835,PRO,ALA
10494,131843,131845,ALA,GLY
10495,131850,131852,GLY,GLU
10496,131865,131867,GLU,GLU
10497,131880,131882,GLU,GLY
10498,131887,131889,GLY,LYS
10499,131909,131911,LYS,ARG
10500,131933,131935,ARG,GLY
10501,131940,131942,GLY,ALA
10502,131950,131952,ALA,ARG
10503,131974,131976,ARG,GLY
10504,131981,131983,GLY,GLU
10505,131996,131998,GLU,HYP
10506,132011,132013,HYP,GLY
10507,132018,132020,GLY,PRO
10508,132032,132034,PRO,SER
10509,132043,132045,SER,GLY
10510,132050,132052,GLY,LEU
10511,132069,132071,LEU,HYP
10512,132084,132086,HYP,GLY
10513,132091,132093,GLY,PRO
10514,132105,132107,PRO,PRO
10515,132119,132121,PRO,GLY
10516,132126,132128,GLY,GLU
10517,132141,132143,GLU,ARG
10518,132165,132167,ARG,GLY
10519,132172,132174,GLY,GLY
10520,132179,132181,GLY,HYP
10521,132194,132196,HYP,GLY
10522,132201,132203,GLY,SER
10523,132212,132214,SER,ARG
10524,132236,132238,ARG,GLY
10525,132243,132245,GLY,DO2
10526,132264,132266,DO2,HYP
10527,132279,132281,HYP,GLY
10528,132286,132288,GLY,ALA
10529,132296,132298,ALA,ASP
10530,132308,132310,ASP,GLY
10531,132315,132317,GLY,VAL
10532,132331,132333,VAL,ALA
10533,132341,132343,ALA,GLY
10534,132348,132350,GLY,PRO
10535,132362,132364,PRO,LYS
10536,132384,132386,LYS,GLY
10537,132391,132393,GLY,PRO
10538,132405,132407,PRO,ALA
10539,132415,132417,ALA,GLY
10540,132422,132424,GLY,GLU
10541,132437,132439,GLU,ARG
10542,132461,132463,ARG,GLY
10543,132468,132470,GLY,SER
10544,132479,132481,SER,HYP
10545,132494,132496,HYP,GLY
10546,132501,132503,GLY,PRO
10547,132515,132517,PRO,ALA
10548,132525,132527,ALA,GLY
10549,132532,132534,GLY,PRO
10550,132546,132548,PRO,LYS
10551,132568,132570,LYS,GLY
10552,132575,132577,GLY,SER
10553,132586,132588,SER,HYP
10554,132601,132603,HYP,GLY
10555,132608,132610,GLY,GLU
10556,132623,132625,GLU,ALA
10557,132633,132635,ALA,GLY
10558,132640,132642,GLY,ARG
10559,132664,132666,ARG,HYP
10560,132679,132681,HYP,GLY
10561,132686,132688,GLY,GLU
10562,132701,132703,GLU,ALA
10563,132711,132713,ALA,GLY
10564,132718,132720,GLY,LEU
10565,132737,132739,LEU,HYP
10566,132752,132754,HYP,GLY
10567,132759,132761,GLY,ALA
10568,132769,132771,ALA,LYS
10569,132791,132793,LYS,GLY
10570,132798,132800,GLY,LEU
10571,132817,132819,LEU,THR
10572,132831,132833,THR,GLY
10573,132838,132840,GLY,SER
10574,132849,132851,SER,HYP
10575,132864,132866,HYP,GLY
10576,132871,132873,GLY,SER
10577,132882,132884,SER,HYP
10578,132897,132899,HYP,GLY
10579,132904,132906,GLY,PRO
10580,132918,132920,PRO,ASP
10581,132930,132932,ASP,GLY
10582,132937,132939,GLY,LYS
10583,132959,132961,LYS,THR
10584,132973,132975,THR,GLY
10585,132980,132982,GLY,PRO
10586,132994,132996,PRO,HYP
10587,133009,133011,HYP,GLY
10588,133016,133018,GLY,PRO
10589,133030,133032,PRO,ALA
10590,133040,133042,ALA,GLY
10591,133047,133049,GLY,GLN
10592,133064,133066,GLN,ASP
10593,133076,133078,ASP,GLY
10594,133083,133085,GLY,ARG
10595,133107,133109,ARG,HYP
10596,133122,133124,HYP,GLY
10597,133129,133131,GLY,PRO
10598,133143,133145,PRO,ALA
10599,133153,133155,ALA,GLY
10600,133160,133162,GLY,PRO
10601,133174,133176,PRO,HYP
10602,133189,133191,HYP,GLY
10603,133196,133198,GLY,ALA
10604,133206,133208,ALA,ARG
10605,133230,133232,ARG,GLY
10606,133259,133261,ALA,GLY
10607,133266,133268,GLY,PRO
10608,133280,133282,PRO,HYP
10609,133295,133297,HYP,GLY
10610,133302,133304,GLY,ALA
10611,133312,133314,ALA,ASP
10612,133324,133326,ASP,GLY
10613,133331,133333,GLY,GLN
10614,133348,133350,GLN,HYP
10615,133363,133365,HYP,GLY
10616,133370,133372,GLY,ALA
10617,133380,133382,ALA,LYS
10618,133402,133404,LYS,GLY
10619,133409,133411,GLY,GLU
10620,133424,133426,GLU,PRO
10621,133438,133440,PRO,GLY
10622,133445,133447,GLY,ASP
10623,133457,133459,ASP,THR
10624,133471,133473,THR,GLY
10625,133478,133480,GLY,VAL
10626,133494,133496,VAL,LYS
10627,133516,133518,LYS,GLY
10628,133523,133525,GLY,ASP
10629,133535,133537,ASP,ALA
10630,133545,133547,ALA,GLY
10631,133552,133554,GLY,PRO
10632,133566,133568,PRO,HYP
10633,133581,133583,HYP,GLY
10634,133588,133590,GLY,PRO
10635,133602,133604,PRO,ALA
10636,133612,133614,ALA,GLY
10637,133619,133621,GLY,PRO
10638,133633,133635,PRO,ALA
10639,133643,133645,ALA,GLY
10640,133650,133652,GLY,PRO
10641,133664,133666,PRO,HYP
10642,133679,133681,HYP,GLY
10643,133686,133688,GLY,PRO
10644,133700,133702,PRO,ILE
10645,133719,133721,ILE,GLY
10646,133726,133728,GLY,ASN
10647,133740,133742,ASN,VAL
10648,133756,133758,VAL,GLY
10649,133763,133765,GLY,ALA
10650,133773,133775,ALA,HYP
10651,133788,133790,HYP,GLY
10652,133795,133797,GLY,PRO
10653,133809,133811,PRO,LYS
10654,133831,133833,LYS,GLY
10655,133838,133840,GLY,SER
10656,133849,133851,SER,ARG
10657,133873,133875,ARG,GLY
10658,133880,133882,GLY,ALA
10659,133890,133892,ALA,ALA
10660,133900,133902,ALA,GLY
10661,133907,133909,GLY,PRO
10662,133921,133923,PRO,HYP
10663,133936,133938,HYP,GLY
10664,133943,133945,GLY,ALA
10665,133953,133955,ALA,THR
10666,133967,133969,THR,GLY
10667,133974,133976,GLY,DO1
10668,133995,133997,DO1,HYP
10669,134010,134012,HYP,GLY
10670,134017,134019,GLY,ALA
10671,134027,134029,ALA,ALA
10672,134037,134039,ALA,GLY
10673,134044,134046,GLY,ARG
10674,134068,134070,ARG,VAL
10675,134084,134086,VAL,GLY
10676,134091,134093,GLY,PRO
10677,134105,134107,PRO,HYP
10678,134120,134122,HYP,GLY
10679,134127,134129,GLY,PRO
10680,134141,134143,PRO,SER
10681,134152,134154,SER,GLY
10682,134159,134161,GLY,ASN
10683,134173,134175,ASN,ALA
10684,134183,134185,ALA,GLY
10685,134190,134192,GLY,PRO
10686,134204,134206,PRO,HYP
10687,134219,134221,HYP,GLY
10688,134226,134228,GLY,PRO
10689,134240,134242,PRO,HYP
10690,134255,134257,HYP,GLY
10691,134262,134264,GLY,PRO
10692,134276,134278,PRO,VAL
10693,134292,134294,VAL,GLY
10694,134299,134301,GLY,LYS
10695,134321,134323,LYS,GLU
10696,134336,134338,GLU,GLY
10697,134343,134345,GLY,GLY
10698,134350,134352,GLY,LYS
10699,134372,134374,LYS,GLY
10700,134379,134381,GLY,PRO
10701,134393,134395,PRO,ARG
10702,134417,134419,ARG,GLY
10703,134424,134426,GLY,GLU
10704,134439,134441,GLU,THR
10705,134453,134455,THR,GLY
10706,134460,134462,GLY,PRO
10707,134474,134476,PRO,ALA
10708,134484,134486,ALA,GLY
10709,134491,134493,GLY,ARG
10710,134515,134517,ARG,HYP
10711,134530,134532,HYP,GLY
10712,134537,134539,GLY,GLU
10713,134552,134554,GLU,VAL
10714,134568,134570,VAL,GLY
10715,134575,134577,GLY,PRO
10716,134589,134591,PRO,PRO
10717,134603,134605,PRO,GLY
10718,134610,134612,GLY,PRO
10719,134624,134626,PRO,HYP
10720,134639,134641,HYP,GLY
10721,134646,134648,GLY,PRO
10722,134660,134662,PRO,ALA
10723,134670,134672,ALA,GLY
10724,134677,134679,GLY,GLU
10725,134692,134694,GLU,LYS
10726,134714,134716,LYS,GLY
10727,134721,134723,GLY,SER
10728,134732,134734,SER,HYP
10729,134747,134749,HYP,GLY
10730,134754,134756,GLY,ALA
10731,134764,134766,ALA,ASP
10732,134776,134778,ASP,GLY
10733,134783,134785,GLY,PRO
10734,134797,134799,PRO,ALA
10735,134807,134809,ALA,GLY
10736,134814,134816,GLY,SER
10737,134825,134827,SER,HYP
10738,134840,134842,HYP,GLY
10739,134847,134849,GLY,THR
10740,134861,134863,THR,PRO
10741,134875,134877,PRO,GLY
10742,134882,134884,GLY,PRO
10743,134896,134898,PRO,GLN
10744,134913,134915,GLN,GLY
10745,134920,134922,GLY,ILE
10746,134939,134941,ILE,ALA
10747,134949,134951,ALA,GLY
10748,134956,134958,GLY,GLN
10749,134973,134975,GLN,ARG
10750,134997,134999,ARG,GLY
10751,135004,135006,GLY,VAL
10752,135020,135022,VAL,VAL
10753,135036,135038,VAL,GLY
10754,135043,135045,GLY,LEU
10755,135062,135064,LEU,HYP
10756,135077,135079,HYP,GLY
10757,135084,135086,GLY,GLN
10758,135101,135103,GLN,ARG
10759,135125,135127,ARG,GLY
10760,135132,135134,GLY,GLU
10761,135147,135149,GLU,ARG
10762,135171,135173,ARG,GLY
10763,135178,135180,GLY,DO1
10764,135199,135201,DO1,HYP
10765,135214,135216,HYP,GLY
10766,135221,135223,GLY,LEU
10767,135240,135242,LEU,HYP
10768,135255,135257,HYP,GLY
10769,135262,135264,GLY,PRO
10770,135276,135278,PRO,SER
10771,135287,135289,SER,GLY
10772,135294,135296,GLY,GLU
10773,135309,135311,GLU,HYP
10774,135324,135326,HYP,GLY
10775,135331,135333,GLY,LYS
10776,135353,135355,LYS,GLN
10777,135370,135372,GLN,GLY
10778,135377,135379,GLY,PRO
10779,135391,135393,PRO,SER
10780,135402,135404,SER,GLY
10781,135409,135411,GLY,ALA
10782,135419,135421,ALA,SER
10783,135430,135432,SER,GLY
10784,135437,135439,GLY,GLU
10785,135452,135454,GLU,ARG
10786,135476,135478,ARG,GLY
10787,135483,135485,GLY,PRO
10788,135497,135499,PRO,HYP
10789,135512,135514,HYP,GLY
10790,135519,135521,GLY,PRO
10791,135533,135535,PRO,MET
10792,135550,135552,MET,GLY
10793,135557,135559,GLY,PRO
10794,135571,135573,PRO,HYP
10795,135586,135588,HYP,GLY
10796,135593,135595,GLY,LEU
10797,135612,135614,LEU,ALA
10798,135622,135624,ALA,GLY
10799,135629,135631,GLY,PRO
10800,135643,135645,PRO,HYP
10801,135658,135660,HYP,GLY
10802,135665,135667,GLY,GLU
10803,135680,135682,GLU,SER
10804,135691,135693,SER,GLY
10805,135698,135700,GLY,ARG
10806,135722,135724,ARG,GLU
10807,135737,135739,GLU,GLY
10808,135744,135746,GLY,SER
10809,135755,135757,SER,HYP
10810,135770,135772,HYP,GLY
10811,135777,135779,GLY,ALA
10812,135787,135789,ALA,GLU
10813,135802,135804,GLU,GLY
10814,135809,135811,GLY,SER
10815,135820,135822,SER,HYP
10816,135835,135837,HYP,GLY
10817,135842,135844,GLY,ARG
10818,135866,135868,ARG,ASP
10819,135878,135880,ASP,GLY
10820,135885,135887,GLY,ALA
10821,135895,135897,ALA,PRO
10822,135909,135911,PRO,GLY
10823,135916,135918,GLY,ALA
10824,135926,135928,ALA,LYS
10825,135948,135950,LYS,GLY
10826,135955,135957,GLY,ASP
10827,135967,135969,ASP,ARG
10828,135991,135993,ARG,GLY
10829,135998,136000,GLY,GLU
10830,136013,136015,GLU,THR
10831,136027,136029,THR,GLY
10832,136034,136036,GLY,PRO
10833,136048,136050,PRO,ALA
10834,136058,136060,ALA,GLY
10835,136065,136067,GLY,PRO
10836,136079,136081,PRO,HYP
10837,136094,136096,HYP,GLY
10838,136101,136103,GLY,ALA
10839,136111,136113,ALA,HYP
10840,136148,136150,ALA,GLY
10841,136155,136157,GLY,PRO
10842,136169,136171,PRO,ALA
10843,136179,136181,ALA,GLY
10844,136186,136188,GLY,SER
10845,136197,136199,SER,ALA
10846,136207,136209,ALA,GLY
10847,136214,136216,GLY,GLN
10848,136231,136233,GLN,HYP
10849,136246,136248,HYP,GLY
10850,136253,136255,GLY,ALA
10851,136263,136265,ALA,LYS
10852,136285,136287,LYS,GLY
10853,136292,136294,GLY,GLU
10854,136307,136309,GLU,LYS
10855,136329,136331,LYS,GLY
10856,136336,136338,GLY,THR
10857,136350,136352,THR,LYS
10858,136372,136374,LYS,GLY
10859,136379,136381,GLY,PRO
10860,136393,136395,PRO,LYS
10861,136415,136417,LYS,GLY
10862,136422,136424,GLY,GLU
10863,136437,136439,GLU,ASN
10864,136451,136453,ASN,GLY
10865,136458,136460,GLY,ILE
10866,136477,136479,ILE,VAL
10867,136493,136495,VAL,GLY
10868,136500,136502,GLY,PRO
10869,136514,136516,PRO,THR
10870,136528,136530,THR,GLY
10871,136535,136537,GLY,PRO
10872,136549,136551,PRO,VAL
10873,136565,136567,VAL,GLY
10874,136572,136574,GLY,ALA
10875,136582,136584,ALA,ALA
10876,136592,136594,ALA,GLY
10877,136599,136601,GLY,PRO
10878,136613,136615,PRO,SER
10879,136624,136626,SER,GLY
10880,136631,136633,GLY,PRO
10881,136645,136647,PRO,ASN
10882,136659,136661,ASN,GLY
10883,136666,136668,GLY,PRO
10884,136680,136682,PRO,HYP
10885,136695,136697,HYP,GLY
10886,136702,136704,GLY,PRO
10887,136716,136718,PRO,ALA
10888,136726,136728,ALA,GLY
10889,136733,136735,GLY,SER
10890,136744,136746,SER,ARG
10891,136768,136770,ARG,GLY
10892,136775,136777,GLY,ASP
10893,136787,136789,ASP,GLY
10894,136794,136796,GLY,GLY
10895,136801,136803,GLY,PRO
10896,136815,136817,PRO,HYP
10897,136830,136832,HYP,GLY
10898,136837,136839,GLY,MET
10899,136854,136856,MET,THR
10900,136868,136870,THR,GLY
10901,136875,136877,GLY,DO1
10902,136896,136898,DO1,HYP
10903,136911,136913,HYP,GLY
10904,136918,136920,GLY,ALA
10905,136928,136930,ALA,ALA
10906,136938,136940,ALA,GLY
10907,136945,136947,GLY,ARG
10908,136969,136971,ARG,THR
10909,136983,136985,THR,GLY
10910,136990,136992,GLY,PRO
10911,137004,137006,PRO,HYP
10912,137019,137021,HYP,GLY
10913,137026,137028,GLY,PRO
10914,137040,137042,PRO,SER
10915,137051,137053,SER,GLY
10916,137058,137060,GLY,ILE
10917,137077,137079,ILE,THR
10918,137091,137093,THR,GLY
10919,137098,137100,GLY,PRO
10920,137112,137114,PRO,HYP
10921,137127,137129,HYP,GLY
10922,137134,137136,GLY,PRO
10923,137148,137150,PRO,HYP
10924,137163,137165,HYP,GLY
10925,137170,137172,GLY,ALA
10926,137180,137182,ALA,ALA
10927,137190,137192,ALA,GLY
10928,137197,137199,GLY,LYS
10929,137219,137221,LYS,GLU
10930,137234,137236,GLU,GLY
10931,137241,137243,GLY,ILE
10932,137260,137262,ILE,ARG
10933,137284,137286,ARG,GLY
10934,137291,137293,GLY,PRO
10935,137305,137307,PRO,ARG
10936,137329,137331,ARG,GLY
10937,137336,137338,GLY,ASP
10938,137348,137350,ASP,GLN
10939,137365,137367,GLN,GLY
10940,137372,137374,GLY,PRO
10941,137386,137388,PRO,VAL
10942,137402,137404,VAL,GLY
10943,137409,137411,GLY,ARG
10944,137433,137435,ARG,THR
10945,137447,137449,THR,GLY
10946,137454,137456,GLY,GLU
10947,137469,137471,GLU,ILE
10948,137488,137490,ILE,GLY
10949,137495,137497,GLY,ALA
10950,137505,137507,ALA,SER
10951,137516,137518,SER,GLY
10952,137523,137525,GLY,PRO
10953,137537,137539,PRO,HYP
10954,137552,137554,HYP,GLY
10955,137559,137561,GLY,DO1
10956,137580,137582,DO1,ALA
10957,137590,137592,ALA,GLY
10958,137597,137599,GLY,GLU
10959,137612,137614,GLU,LYS
10960,137634,137636,LYS,GLY
10961,137641,137643,GLY,PRO
10962,137655,137657,PRO,SER
10963,137666,137668,SER,GLY
10964,137673,137675,GLY,GLU
10965,137688,137690,GLU,HYP
10966,137703,137705,HYP,GLY
10967,137710,137712,GLY,THR
10968,137724,137726,THR,THR
10969,137738,137740,THR,GLY
10970,137745,137747,GLY,PRO
10971,137759,137761,PRO,HYP
10972,137774,137776,HYP,GLY
10973,137781,137783,GLY,THR
10974,137795,137797,THR,ALA
10975,137805,137807,ALA,GLY
10976,137812,137814,GLY,PRO
10977,137826,137828,PRO,GLN
10978,137843,137845,GLN,GLY
10979,137850,137852,GLY,LEU
10980,137869,137871,LEU,LEU
10981,137888,137890,LEU,GLY
10982,137895,137897,GLY,ALA
10983,137905,137907,ALA,HYP
10984,137920,137922,HYP,GLY
10985,137927,137929,GLY,ILE
10986,137946,137948,ILE,LEU
10987,137965,137967,LEU,GLY
10988,137972,137974,GLY,LEU
10989,137991,137993,LEU,HYP
10990,138006,138008,HYP,GLY
10991,138013,138015,GLY,SER
10992,138024,138026,SER,ARG
10993,138048,138050,ARG,GLY
10994,138055,138057,GLY,GLU
10995,138070,138072,GLU,ARG
10996,138094,138096,ARG,GLY
10997,138101,138103,GLY,GLN
10998,138118,138120,GLN,HYP
10999,138133,138135,HYP,GLY
11000,138140,138142,GLY,ILE
11001,138159,138161,ILE,ALA
11002,138169,138171,ALA,GLY
11003,138176,138178,GLY,ALA
11004,138186,138188,ALA,LEU
11005,138205,138207,LEU,GLY
11006,138212,138214,GLY,GLU
11007,138227,138229,GLU,HYP
11008,138242,138244,HYP,GLY
11009,138249,138251,GLY,PRO
11010,138263,138265,PRO,LEU
11011,138282,138284,LEU,GLY
11012,138289,138291,GLY,ILE
11013,138308,138310,ILE,ALA
11014,138318,138320,ALA,GLY
11015,138325,138327,GLY,PRO
11016,138339,138341,PRO,HYP
11017,138354,138356,HYP,GLY
11018,138361,138363,GLY,ALA
11019,138371,138373,ALA,ARG
11020,138395,138397,ARG,GLY
11021,138402,138404,GLY,PRO
11022,138416,138418,PRO,HYP
11023,138431,138433,HYP,GLY
11024,138438,138440,GLY,ALA
11025,138448,138450,ALA,VAL
11026,138464,138466,VAL,GLY
11027,138471,138473,GLY,SER
11028,138482,138484,SER,HYP
11029,138497,138499,HYP,GLY
11030,138504,138506,GLY,VAL
11031,138520,138522,VAL,ASN
11032,138534,138536,ASN,GLY
11033,138541,138543,GLY,ALA
11034,138551,138553,ALA,HYP
11035,138566,138568,HYP,GLY
11036,138573,138575,GLY,GLU
11037,138588,138590,GLU,ALA
11038,138598,138600,ALA,GLY
11039,138605,138607,GLY,ARG
11040,138629,138631,ARG,ASP
11041,138641,138643,ASP,GLY
11042,138648,138650,GLY,ASN
11043,138662,138664,ASN,HYP
11044,138677,138679,HYP,GLY
11045,138684,138686,GLY,SER
11046,138695,138697,SER,ASP
11047,138707,138709,ASP,GLY
11048,138714,138716,GLY,PRO
11049,138728,138730,PRO,HYP
11050,138743,138745,HYP,GLY
11051,138750,138752,GLY,ARG
11052,138774,138776,ARG,ASP
11053,138786,138788,ASP,GLY
11054,138793,138795,GLY,GLN
11055,138810,138812,GLN,HYP
11056,138825,138827,HYP,GLY
11057,138832,138834,GLY,HIS
11058,138849,138851,HIS,LYS
11059,138871,138873,LYS,GLY
11060,138878,138880,GLY,GLU
11061,138893,138895,GLU,ARG
11062,138917,138919,ARG,GLY
11063,138924,138926,GLY,DO2
11064,138945,138947,DO2,HYP
11065,138960,138962,HYP,GLY
11066,138967,138969,GLY,ASN
11067,138981,138983,ASN,ILE
11068,139000,139002,ILE,GLY
11069,139007,139009,GLY,PRO
11070,139021,139023,PRO,THR
11071,139035,139037,THR,GLY
11072,139042,139044,GLY,ALA
11073,139071,139073,GLY,DO1
11074,139092,139094,DO1,ALA
11075,139102,139104,ALA,GLY
11076,139109,139111,GLY,PRO
11077,139123,139125,PRO,HYP
11078,139138,139140,HYP,GLY
11079,139145,139147,GLY,ALA
11080,139155,139157,ALA,ASP
11081,139167,139169,ASP,GLY
11082,139174,139176,GLY,GLN
11083,139191,139193,GLN,HYP
11084,139206,139208,HYP,GLY
11085,139213,139215,GLY,ALA
11086,139223,139225,ALA,LYS
11087,139245,139247,LYS,GLY
11088,139252,139254,GLY,GLU
11089,139267,139269,GLU,PRO
11090,139281,139283,PRO,GLY
11091,139288,139290,GLY,ASP
11092,139300,139302,ASP,THR
11093,139314,139316,THR,GLY
11094,139321,139323,GLY,VAL
11095,139337,139339,VAL,LYS
11096,139359,139361,LYS,GLY
11097,139366,139368,GLY,ASP
11098,139378,139380,ASP,ALA
11099,139388,139390,ALA,GLY
11100,139395,139397,GLY,PRO
11101,139409,139411,PRO,HYP
11102,139424,139426,HYP,GLY
11103,139431,139433,GLY,PRO
11104,139445,139447,PRO,ALA
11105,139455,139457,ALA,GLY
11106,139462,139464,GLY,PRO
11107,139476,139478,PRO,ALA
11108,139486,139488,ALA,GLY
11109,139493,139495,GLY,PRO
11110,139507,139509,PRO,HYP
11111,139522,139524,HYP,GLY
11112,139529,139531,GLY,PRO
11113,139543,139545,PRO,ILE
11114,139562,139564,ILE,GLY
11115,139569,139571,GLY,ASN
11116,139583,139585,ASN,VAL
11117,139599,139601,VAL,GLY
11118,139606,139608,GLY,ALA
11119,139616,139618,ALA,HYP
11120,139631,139633,HYP,GLY
11121,139638,139640,GLY,PRO
11122,139652,139654,PRO,LYS
11123,139674,139676,LYS,GLY
11124,139681,139683,GLY,SER
11125,139692,139694,SER,ARG
11126,139716,139718,ARG,GLY
11127,139723,139725,GLY,ALA
11128,139733,139735,ALA,ALA
11129,139743,139745,ALA,GLY
11130,139750,139752,GLY,PRO
11131,139764,139766,PRO,HYP
11132,139779,139781,HYP,GLY
11133,139786,139788,GLY,ALA
11134,139796,139798,ALA,THR
11135,139810,139812,THR,GLY
11136,139817,139819,GLY,DO1
11137,139838,139840,DO1,HYP
11138,139853,139855,HYP,GLY
11139,139860,139862,GLY,ALA
11140,139870,139872,ALA,ALA
11141,139880,139882,ALA,GLY
11142,139887,139889,GLY,ARG
11143,139911,139913,ARG,VAL
11144,139927,139929,VAL,GLY
11145,139934,139936,GLY,PRO
11146,139948,139950,PRO,HYP
11147,139963,139965,HYP,GLY
11148,139970,139972,GLY,PRO
11149,139984,139986,PRO,SER
11150,139995,139997,SER,GLY
11151,140002,140004,GLY,ASN
11152,140016,140018,ASN,ALA
11153,140026,140028,ALA,GLY
11154,140033,140035,GLY,PRO
11155,140047,140049,PRO,HYP
11156,140062,140064,HYP,GLY
11157,140069,140071,GLY,PRO
11158,140083,140085,PRO,HYP
11159,140098,140100,HYP,GLY
11160,140105,140107,GLY,PRO
11161,140119,140121,PRO,VAL
11162,140135,140137,VAL,GLY
11163,140142,140144,GLY,LYS
11164,140164,140166,LYS,GLU
11165,140179,140181,GLU,GLY
11166,140186,140188,GLY,GLY
11167,140193,140195,GLY,LYS
11168,140215,140217,LYS,GLY
11169,140222,140224,GLY,PRO
11170,140236,140238,PRO,ARG
11171,140260,140262,ARG,GLY
11172,140267,140269,GLY,GLU
11173,140282,140284,GLU,THR
11174,140296,140298,THR,GLY
11175,140303,140305,GLY,PRO
11176,140317,140319,PRO,ALA
11177,140327,140329,ALA,GLY
11178,140334,140336,GLY,ARG
11179,140358,140360,ARG,HYP
11180,140373,140375,HYP,GLY
11181,140380,140382,GLY,GLU
11182,140395,140397,GLU,VAL
11183,140411,140413,VAL,GLY
11184,140418,140420,GLY,PRO
11185,140432,140434,PRO,PRO
11186,140446,140448,PRO,GLY
11187,140453,140455,GLY,PRO
11188,140467,140469,PRO,HYP
11189,140482,140484,HYP,GLY
11190,140489,140491,GLY,PRO
11191,140503,140505,PRO,ALA
11192,140513,140515,ALA,GLY
11193,140520,140522,GLY,GLU
11194,140535,140537,GLU,LYS
11195,140557,140559,LYS,GLY
11196,140564,140566,GLY,SER
11197,140575,140577,SER,HYP
11198,140590,140592,HYP,GLY
11199,140597,140599,GLY,ALA
11200,140607,140609,ALA,ASP
11201,140619,140621,ASP,GLY
11202,140626,140628,GLY,PRO
11203,140640,140642,PRO,ALA
11204,140650,140652,ALA,GLY
11205,140657,140659,GLY,SER
11206,140668,140670,SER,HYP
11207,140683,140685,HYP,GLY
11208,140690,140692,GLY,THR
11209,140704,140706,THR,PRO
11210,140718,140720,PRO,GLY
11211,140725,140727,GLY,PRO
11212,140739,140741,PRO,GLN
11213,140756,140758,GLN,GLY
11214,140763,140765,GLY,ILE
11215,140782,140784,ILE,ALA
11216,140792,140794,ALA,GLY
11217,140799,140801,GLY,GLN
11218,140816,140818,GLN,ARG
11219,140840,140842,ARG,GLY
11220,140847,140849,GLY,VAL
11221,140863,140865,VAL,VAL
11222,140879,140881,VAL,GLY
11223,140886,140888,GLY,LEU
11224,140905,140907,LEU,HYP
11225,140920,140922,HYP,GLY
11226,140927,140929,GLY,GLN
11227,140944,140946,GLN,ARG
11228,140968,140970,ARG,GLY
11229,140975,140977,GLY,GLU
11230,140990,140992,GLU,ARG
11231,141014,141016,ARG,GLY
11232,141021,141023,GLY,DO2
11233,141042,141044,DO2,HYP
11234,141057,141059,HYP,GLY
11235,141064,141066,GLY,LEU
11236,141083,141085,LEU,HYP
11237,141098,141100,HYP,GLY
11238,141105,141107,GLY,PRO
11239,141119,141121,PRO,SER
11240,141130,141132,SER,GLY
11241,141137,141139,GLY,GLU
11242,141152,141154,GLU,HYP
11243,141167,141169,HYP,GLY
11244,141174,141176,GLY,LYS
11245,141196,141198,LYS,GLN
11246,141213,141215,GLN,GLY
11247,141220,141222,GLY,PRO
11248,141234,141236,PRO,SER
11249,141245,141247,SER,GLY
11250,141252,141254,GLY,ALA
11251,141262,141264,ALA,SER
11252,141273,141275,SER,GLY
11253,141280,141282,GLY,GLU
11254,141295,141297,GLU,ARG
11255,141319,141321,ARG,GLY
11256,141326,141328,GLY,PRO
11257,141340,141342,PRO,HYP
11258,141355,141357,HYP,GLY
11259,141362,141364,GLY,PRO
11260,141376,141378,PRO,MET
11261,141393,141395,MET,GLY
11262,141400,141402,GLY,PRO
11263,141414,141416,PRO,HYP
11264,141429,141431,HYP,GLY
11265,141436,141438,GLY,LEU
11266,141455,141457,LEU,ALA
11267,141465,141467,ALA,GLY
11268,141472,141474,GLY,PRO
11269,141486,141488,PRO,HYP
11270,141501,141503,HYP,GLY
11271,141508,141510,GLY,GLU
11272,141523,141525,GLU,SER
11273,141534,141536,SER,GLY
11274,141541,141543,GLY,ARG
11275,141565,141567,ARG,GLU
11276,141580,141582,GLU,GLY
11277,141587,141589,GLY,SER
11278,141598,141600,SER,HYP
11279,141613,141615,HYP,GLY
11280,141620,141622,GLY,ALA
11281,141630,141632,ALA,GLU
11282,141645,141647,GLU,GLY
11283,141652,141654,GLY,SER
11284,141663,141665,SER,HYP
11285,141678,141680,HYP,GLY
11286,141685,141687,GLY,ARG
11287,141709,141711,ARG,ASP
11288,141721,141723,ASP,GLY
11289,141728,141730,GLY,ALA
11290,141738,141740,ALA,PRO
11291,141752,141754,PRO,GLY
11292,141759,141761,GLY,ALA
11293,141769,141771,ALA,LYS
11294,141791,141793,LYS,GLY
11295,141798,141800,GLY,ASP
11296,141810,141812,ASP,ARG
11297,141834,141836,ARG,GLY
11298,141841,141843,GLY,GLU
11299,141856,141858,GLU,THR
11300,141870,141872,THR,GLY
11301,141877,141879,GLY,PRO
11302,141891,141893,PRO,ALA
11303,141901,141903,ALA,GLY
11304,141908,141910,GLY,PRO
11305,141922,141924,PRO,HYP
11306,141937,141939,HYP,GLY
11307,141966,141968,ALA,GLY
11308,141973,141975,GLY,VAL
11309,141989,141991,VAL,MET
11310,142006,142008,MET,GLY
11311,142013,142015,GLY,DO1
11312,142034,142036,DO1,HYP
11313,142049,142051,HYP,GLY
11314,142056,142058,GLY,PRO
11315,142070,142072,PRO,LYS
11316,142092,142094,LYS,GLY
11317,142099,142101,GLY,THR
11318,142113,142115,THR,ALA
11319,142123,142125,ALA,GLY
11320,142130,142132,GLY,GLU
11321,142145,142147,GLU,HYP
11322,142160,142162,HYP,GLY
11323,142167,142169,GLY,LYS
11324,142189,142191,LYS,ALA
11325,142199,142201,ALA,GLY
11326,142206,142208,GLY,GLU
11327,142221,142223,GLU,ARG
11328,142245,142247,ARG,GLY
11329,142252,142254,GLY,VAL
11330,142268,142270,VAL,HYP
11331,142283,142285,HYP,GLY
11332,142290,142292,GLY,PRO
11333,142304,142306,PRO,HYP
11334,142319,142321,HYP,GLY
11335,142326,142328,GLY,ALA
11336,142336,142338,ALA,VAL
11337,142352,142354,VAL,GLY
11338,142359,142361,GLY,PRO
11339,142373,142375,PRO,ALA
11340,142383,142385,ALA,GLY
11341,142390,142392,GLY,LYS
11342,142412,142414,LYS,ASP
11343,142424,142426,ASP,GLY
11344,142431,142433,GLY,GLU
11345,142446,142448,GLU,ALA
11346,142456,142458,ALA,GLY
11347,142463,142465,GLY,ALA
11348,142473,142475,ALA,GLN
11349,142490,142492,GLN,GLY
11350,142497,142499,GLY,ALA
11351,142507,142509,ALA,HYP
11352,142522,142524,HYP,GLY
11353,142529,142531,GLY,PRO
11354,142543,142545,PRO,ALA
11355,142553,142555,ALA,GLY
11356,142560,142562,GLY,PRO
11357,142574,142576,PRO,ALA
11358,142584,142586,ALA,GLY
11359,142591,142593,GLY,GLU
11360,142606,142608,GLU,ARG
11361,142630,142632,ARG,GLY
11362,142637,142639,GLY,GLU
11363,142652,142654,GLU,GLN
11364,142669,142671,GLN,GLY
11365,142676,142678,GLY,PRO
11366,142690,142692,PRO,ALA
11367,142700,142702,ALA,GLY
11368,142707,142709,GLY,SER
11369,142718,142720,SER,HYP
11370,142733,142735,HYP,GLY
11371,142740,142742,GLY,DO2
11372,142761,142763,DO2,GLN
11373,142778,142780,GLN,GLY
11374,142785,142787,GLY,LEU
11375,142804,142806,LEU,HYP
11376,142819,142821,HYP,GLY
11377,142826,142828,GLY,PRO
11378,142840,142842,PRO,ALA
11379,142850,142852,ALA,GLY
11380,142857,142859,GLY,PRO
11381,142871,142873,PRO,HYP
11382,142886,142888,HYP,GLY
11383,142893,142895,GLY,GLU
11384,142908,142910,GLU,ALA
11385,142918,142920,ALA,GLY
11386,142925,142927,GLY,LYS
11387,142947,142949,LYS,HYP
11388,142962,142964,HYP,GLY
11389,142969,142971,GLY,GLU
11390,142984,142986,GLU,GLN
11391,143001,143003,GLN,GLY
11392,143008,143010,GLY,VAL
11393,143024,143026,VAL,HYP
11394,143039,143041,HYP,GLY
11395,143046,143048,GLY,ASP
11396,143058,143060,ASP,LEU
11397,143077,143079,LEU,GLY
11398,143084,143086,GLY,ALA
11399,143094,143096,ALA,HYP
11400,143109,143111,HYP,GLY
11401,143116,143118,GLY,PRO
11402,143130,143132,PRO,SER
11403,143141,143143,SER,GLY
11404,143148,143150,GLY,ALA
11405,143158,143160,ALA,ARG
11406,143182,143184,ARG,GLY
11407,143189,143191,GLY,GLU
11408,143204,143206,GLU,ARG
11409,143228,143230,ARG,GLY
11410,143235,143237,GLY,DO1
11411,143256,143258,DO1,HYP
11412,143271,143273,HYP,GLY
11413,143278,143280,GLY,GLU
11414,143293,143295,GLU,ARG
11415,143317,143319,ARG,GLY
11416,143324,143326,GLY,VAL
11417,143340,143342,VAL,GLN
11418,143357,143359,GLN,GLY
11419,143364,143366,GLY,PRO
11420,143378,143380,PRO,HYP
11421,143393,143395,HYP,GLY
11422,143400,143402,GLY,PRO
11423,143414,143416,PRO,ALA
11424,143424,143426,ALA,GLY
11425,143431,143433,GLY,PRO
11426,143445,143447,PRO,ARG
11427,143469,143471,ARG,GLY
11428,143476,143478,GLY,ASN
11429,143490,143492,ASN,ASN
11430,143504,143506,ASN,GLY
11431,143511,143513,GLY,ALA
11432,143521,143523,ALA,HYP
11433,143536,143538,HYP,GLY
11434,143543,143545,GLY,ASN
11435,143557,143559,ASN,ASP
11436,143569,143571,ASP,GLY
11437,143576,143578,GLY,ALA
11438,143586,143588,ALA,LYS
11439,143608,143610,LYS,GLY
11440,143615,143617,GLY,ASP
11441,143627,143629,ASP,THR
11442,143641,143643,THR,GLY
11443,143648,143650,GLY,ALA
11444,143658,143660,ALA,HYP
11445,143673,143675,HYP,GLY
11446,143680,143682,GLY,ALA
11447,143690,143692,ALA,HYP
11448,143705,143707,HYP,GLY
11449,143712,143714,GLY,SER
11450,143723,143725,SER,GLN
11451,143740,143742,GLN,GLY
11452,143747,143749,GLY,ALA
11453,143757,143759,ALA,HYP
11454,143772,143774,HYP,GLY
11455,143779,143781,GLY,LEU
11456,143798,143800,LEU,GLN
11457,143815,143817,GLN,GLY
11458,143822,143824,GLY,MET
11459,143839,143841,MET,HYP
11460,143854,143856,HYP,GLY
11461,143861,143863,GLY,GLU
11462,143876,143878,GLU,ARG
11463,143900,143902,ARG,GLY
11464,143907,143909,GLY,ALA
11465,143917,143919,ALA,ALA
11466,143927,143929,ALA,GLY
11467,143934,143936,GLY,LEU
11468,143953,143955,LEU,HYP
11469,143968,143970,HYP,GLY
11470,143975,143977,GLY,PRO
11471,143989,143991,PRO,LYS
11472,144011,144013,LYS,GLY
11473,144018,144020,GLY,ASP
11474,144030,144032,ASP,ARG
11475,144054,144056,ARG,GLY
11476,144061,144063,GLY,ASP
11477,144073,144075,ASP,ALA
11478,144083,144085,ALA,GLY
11479,144090,144092,GLY,PRO
11480,144104,144106,PRO,LYS
11481,144126,144128,LYS,GLY
11482,144133,144135,GLY,ALA
11483,144143,144145,ALA,ASP
11484,144155,144157,ASP,GLY
11485,144162,144164,GLY,SER
11486,144173,144175,SER,HYP
11487,144188,144190,HYP,GLY
11488,144195,144197,GLY,LYS
11489,144217,144219,LYS,ASP
11490,144229,144231,ASP,GLY
11491,144236,144238,GLY,VAL
11492,144252,144254,VAL,ARG
11493,144276,144278,ARG,GLY
11494,144283,144285,GLY,LEU
11495,144302,144304,LEU,THR
11496,144316,144318,THR,GLY
11497,144323,144325,GLY,PRO
11498,144337,144339,PRO,ILE
11499,144356,144358,ILE,GLY
11500,144363,144365,GLY,PRO
11501,144377,144379,PRO,HYP
11502,144392,144394,HYP,GLY
11503,144399,144401,GLY,PRO
11504,144413,144415,PRO,ALA
11505,144423,144425,ALA,GLY
11506,144430,144432,GLY,ALA
11507,144440,144442,ALA,HYP
11508,144455,144457,HYP,GLY
11509,144462,144464,GLY,ASP
11510,144474,144476,ASP,LYS
11511,144496,144498,LYS,GLY
11512,144503,144505,GLY,GLU
11513,144518,144520,GLU,THR
11514,144532,144534,THR,GLY
11515,144539,144541,GLY,PRO
11516,144553,144555,PRO,SER
11517,144564,144566,SER,GLY
11518,144571,144573,GLY,PRO
11519,144585,144587,PRO,ALA
11520,144595,144597,ALA,GLY
11521,144602,144604,GLY,PRO
11522,144616,144618,PRO,THR
11523,144630,144632,THR,GLY
11524,144637,144639,GLY,ALA
11525,144647,144649,ALA,ARG
11526,144671,144673,ARG,GLY
11527,144678,144680,GLY,ALA
11528,144688,144690,ALA,HYP
11529,144703,144705,HYP,GLY
11530,144710,144712,GLY,ASP
11531,144722,144724,ASP,ARG
11532,144746,144748,ARG,GLY
11533,144753,144755,GLY,GLU
11534,144768,144770,GLU,HYP
11535,144783,144785,HYP,GLY
11536,144790,144792,GLY,PRO
11537,144804,144806,PRO,HYP
11538,144819,144821,HYP,GLY
11539,144826,144828,GLY,PRO
11540,144840,144842,PRO,ALA
11541,144850,144852,ALA,GLY
11542,144857,144859,GLY,DO2
11543,144905,144907,GLU,ALA
11544,144915,144917,ALA,GLY
11545,144922,144924,GLY,ASN
11546,144936,144938,ASN,ILE
11547,144955,144957,ILE,GLY
11548,144962,144964,GLY,DO1
11549,144983,144985,DO1,HYP
11550,144998,145000,HYP,GLY
11551,145005,145007,GLY,PRO
11552,145019,145021,PRO,LYS
11553,145041,145043,LYS,GLY
11554,145048,145050,GLY,PRO
11555,145062,145064,PRO,SER
11556,145073,145075,SER,GLY
11557,145080,145082,GLY,ASP
11558,145092,145094,ASP,HYP
11559,145107,145109,HYP,GLY
11560,145114,145116,GLY,LYS
11561,145136,145138,LYS,HYP
11562,145151,145153,HYP,GLY
11563,145158,145160,GLY,GLU
11564,145173,145175,GLU,LYS
11565,145195,145197,LYS,GLY
11566,145202,145204,GLY,HIS
11567,145219,145221,HIS,HYP
11568,145234,145236,HYP,GLY
11569,145241,145243,GLY,LEU
11570,145260,145262,LEU,ALA
11571,145270,145272,ALA,GLY
11572,145277,145279,GLY,ALA
11573,145287,145289,ALA,ARG
11574,145311,145313,ARG,GLY
11575,145318,145320,GLY,ALA
11576,145328,145330,ALA,HYP
11577,145343,145345,HYP,GLY
11578,145350,145352,GLY,PRO
11579,145364,145366,PRO,ASP
11580,145376,145378,ASP,GLY
11581,145383,145385,GLY,ASN
11582,145397,145399,ASN,ASN
11583,145411,145413,ASN,GLY
11584,145418,145420,GLY,ALA
11585,145428,145430,ALA,GLN
11586,145445,145447,GLN,GLY
11587,145452,145454,GLY,PRO
11588,145466,145468,PRO,HYP
11589,145481,145483,HYP,GLY
11590,145488,145490,GLY,PRO
11591,145502,145504,PRO,GLN
11592,145519,145521,GLN,GLY
11593,145526,145528,GLY,VAL
11594,145542,145544,VAL,GLN
11595,145559,145561,GLN,GLY
11596,145566,145568,GLY,GLY
11597,145573,145575,GLY,LYS
11598,145595,145597,LYS,GLY
11599,145602,145604,GLY,GLU
11600,145617,145619,GLU,GLN
11601,145634,145636,GLN,GLY
11602,145641,145643,GLY,PRO
11603,145655,145657,PRO,ALA
11604,145665,145667,ALA,GLY
11605,145672,145674,GLY,PRO
11606,145686,145688,PRO,HYP
11607,145701,145703,HYP,GLY
11608,145708,145710,GLY,DO1
11609,145729,145731,DO1,GLN
11610,145746,145748,GLN,GLY
11611,145753,145755,GLY,LEU
11612,145772,145774,LEU,HYP
11613,145787,145789,HYP,GLY
11614,145794,145796,GLY,PRO
11615,145808,145810,PRO,SER
11616,145819,145821,SER,GLY
11617,145826,145828,GLY,THR
11618,145840,145842,THR,ALA
11619,145850,145852,ALA,GLY
11620,145857,145859,GLY,GLU
11621,145872,145874,GLU,VAL
11622,145888,145890,VAL,GLY
11623,145895,145897,GLY,LYS
11624,145917,145919,LYS,HYP
11625,145932,145934,HYP,GLY
11626,145939,145941,GLY,GLU
11627,145954,145956,GLU,ARG
11628,145978,145980,ARG,GLY
11629,145985,145987,GLY,LEU
11630,146004,146006,LEU,HYP
11631,146019,146021,HYP,GLY
11632,146026,146028,GLY,GLU
11633,146041,146043,GLU,DO1
11634,146062,146064,DO1,GLY
11635,146069,146071,GLY,LEU
11636,146088,146090,LEU,HYP
11637,146103,146105,HYP,GLY
11638,146110,146112,GLY,PRO
11639,146124,146126,PRO,ALA
11640,146134,146136,ALA,GLY
11641,146141,146143,GLY,PRO
11642,146155,146157,PRO,ARG
11643,146179,146181,ARG,GLY
11644,146186,146188,GLY,GLU
11645,146201,146203,GLU,ARG
11646,146225,146227,ARG,GLY
11647,146232,146234,GLY,PRO
11648,146246,146248,PRO,HYP
11649,146261,146263,HYP,GLY
11650,146268,146270,GLY,GLU
11651,146283,146285,GLU,SER
11652,146294,146296,SER,GLY
11653,146301,146303,GLY,ALA
11654,146311,146313,ALA,ALA
11655,146321,146323,ALA,GLY
11656,146328,146330,GLY,PRO
11657,146342,146344,PRO,SER
11658,146353,146355,SER,GLY
11659,146360,146362,GLY,PRO
11660,146374,146376,PRO,ILE
11661,146393,146395,ILE,GLY
11662,146400,146402,GLY,ILE
11663,146419,146421,ILE,ARG
11664,146443,146445,ARG,GLY
11665,146450,146452,GLY,PRO
11666,146464,146466,PRO,SER
11667,146475,146477,SER,GLY
11668,146482,146484,GLY,ALA
11669,146492,146494,ALA,HYP
11670,146507,146509,HYP,GLY
11671,146514,146516,GLY,PRO
11672,146528,146530,PRO,ASP
11673,146540,146542,ASP,GLY
11674,146547,146549,GLY,ASN
11675,146561,146563,ASN,LYS
11676,146583,146585,LYS,GLY
11677,146590,146592,GLY,GLU
11678,146605,146607,GLU,ALA
11679,146615,146617,ALA,GLY
11680,146622,146624,GLY,ALA
11681,146632,146634,ALA,VAL
11682,146648,146650,VAL,GLY
11683,146655,146657,GLY,ALA
11684,146665,146667,ALA,HYP
11685,146680,146682,HYP,GLY
11686,146687,146689,GLY,SER
11687,146698,146700,SER,ALA
11688,146708,146710,ALA,GLY
11689,146715,146717,GLY,ALA
11690,146725,146727,ALA,SER
11691,146736,146738,SER,GLY
11692,146743,146745,GLY,PRO
11693,146757,146759,PRO,GLY
11694,146764,146766,GLY,GLY
11695,146771,146773,GLY,LEU
11696,146790,146792,LEU,HYP
11697,146805,146807,HYP,GLY
11698,146812,146814,GLY,GLU
11699,146827,146829,GLU,ARG
11700,146851,146853,ARG,GLY
11701,146858,146860,GLY,ALA
11702,146868,146870,ALA,ALA
11703,146878,146880,ALA,GLY
11704,146885,146887,GLY,ILE
11705,146904,146906,ILE,HYP
11706,146919,146921,HYP,GLY
11707,146926,146928,GLY,GLY
11708,146933,146935,GLY,LYS
11709,146955,146957,LYS,GLY
11710,146962,146964,GLY,GLU
11711,146977,146979,GLU,LYS
11712,146999,147001,LYS,GLY
11713,147006,147008,GLY,GLU
11714,147021,147023,GLU,THR
11715,147035,147037,THR,GLY
11716,147042,147044,GLY,LEU
11717,147061,147063,LEU,ARG
11718,147085,147087,ARG,GLY
11719,147092,147094,GLY,GLU
11720,147107,147109,GLU,ILE
11721,147126,147128,ILE,GLY
11722,147133,147135,GLY,ASN
11723,147147,147149,ASN,HYP
11724,147162,147164,HYP,GLY
11725,147169,147171,GLY,ARG
11726,147193,147195,ARG,ASP
11727,147205,147207,ASP,GLY
11728,147212,147214,GLY,ALA
11729,147222,147224,ALA,ARG
11730,147246,147248,ARG,GLY
11731,147253,147255,GLY,ALA
11732,147263,147265,ALA,HYP
11733,147278,147280,HYP,GLY
11734,147285,147287,GLY,ALA
11735,147295,147297,ALA,ILE
11736,147314,147316,ILE,GLY
11737,147321,147323,GLY,ALA
11738,147331,147333,ALA,HYP
11739,147346,147348,HYP,GLY
11740,147353,147355,GLY,PRO
11741,147367,147369,PRO,ALA
11742,147377,147379,ALA,GLY
11743,147384,147386,GLY,ALA
11744,147394,147396,ALA,SER
11745,147405,147407,SER,GLY
11746,147412,147414,GLY,ASP
11747,147424,147426,ASP,ARG
11748,147448,147450,ARG,GLY
11749,147455,147457,GLY,GLU
11750,147470,147472,GLU,ALA
11751,147480,147482,ALA,GLY
11752,147487,147489,GLY,ALA
11753,147497,147499,ALA,ALA
11754,147507,147509,ALA,GLY
11755,147514,147516,GLY,PRO
11756,147528,147530,PRO,SER
11757,147539,147541,SER,GLY
11758,147546,147548,GLY,PRO
11759,147560,147562,PRO,ALA
11760,147570,147572,ALA,GLY
11761,147577,147579,GLY,PRO
11762,147591,147593,PRO,ARG
11763,147615,147617,ARG,GLY
11764,147622,147624,GLY,SER
11765,147633,147635,SER,HYP
11766,147648,147650,HYP,GLY
11767,147655,147657,GLY,GLU
11768,147670,147672,GLU,ARG
11769,147694,147696,ARG,GLY
11770,147701,147703,GLY,GLU
11771,147716,147718,GLU,VAL
11772,147732,147734,VAL,GLY
11773,147739,147741,GLY,PRO
11774,147753,147755,PRO,ALA
11775,147763,147765,ALA,GLY
11776,147770,147772,GLY,PRO
11777,147784,147786,PRO,ASN
11778,147798,147800,ASN,GLY
11779,147805,147807,GLY,DO1
11780,147855,147857,GLN,ALA
11781,147865,147867,ALA,GLY
11782,147872,147874,GLY,VAL
11783,147888,147890,VAL,MET
11784,147905,147907,MET,GLY
11785,147912,147914,GLY,DO2
11786,147933,147935,DO2,HYP
11787,147948,147950,HYP,GLY
11788,147955,147957,GLY,PRO
11789,147969,147971,PRO,LYS
11790,147991,147993,LYS,GLY
11791,147998,148000,GLY,THR
11792,148012,148014,THR,ALA
11793,148022,148024,ALA,GLY
11794,148029,148031,GLY,GLU
11795,148044,148046,GLU,HYP
11796,148059,148061,HYP,GLY
11797,148066,148068,GLY,LYS
11798,148088,148090,LYS,ALA
11799,148098,148100,ALA,GLY
11800,148105,148107,GLY,GLU
11801,148120,148122,GLU,ARG
11802,148144,148146,ARG,GLY
11803,148151,148153,GLY,VAL
11804,148167,148169,VAL,HYP
11805,148182,148184,HYP,GLY
11806,148189,148191,GLY,PRO
11807,148203,148205,PRO,HYP
11808,148218,148220,HYP,GLY
11809,148225,148227,GLY,ALA
11810,148235,148237,ALA,VAL
11811,148251,148253,VAL,GLY
11812,148258,148260,GLY,PRO
11813,148272,148274,PRO,ALA
11814,148282,148284,ALA,GLY
11815,148289,148291,GLY,LYS
11816,148311,148313,LYS,ASP
11817,148323,148325,ASP,GLY
11818,148330,148332,GLY,GLU
11819,148345,148347,GLU,ALA
11820,148355,148357,ALA,GLY
11821,148362,148364,GLY,ALA
11822,148372,148374,ALA,GLN
11823,148389,148391,GLN,GLY
11824,148396,148398,GLY,ALA
11825,148406,148408,ALA,HYP
11826,148421,148423,HYP,GLY
11827,148428,148430,GLY,PRO
11828,148442,148444,PRO,ALA
11829,148452,148454,ALA,GLY
11830,148459,148461,GLY,PRO
11831,148473,148475,PRO,ALA
11832,148483,148485,ALA,GLY
11833,148490,148492,GLY,GLU
11834,148505,148507,GLU,ARG
11835,148529,148531,ARG,GLY
11836,148536,148538,GLY,GLU
11837,148551,148553,GLU,GLN
11838,148568,148570,GLN,GLY
11839,148575,148577,GLY,PRO
11840,148589,148591,PRO,ALA
11841,148599,148601,ALA,GLY
11842,148606,148608,GLY,SER
11843,148617,148619,SER,HYP
11844,148632,148634,HYP,GLY
11845,148639,148641,GLY,DO2
11846,148660,148662,DO2,GLN
11847,148677,148679,GLN,GLY
11848,148684,148686,GLY,LEU
11849,148703,148705,LEU,HYP
11850,148718,148720,HYP,GLY
11851,148725,148727,GLY,PRO
11852,148739,148741,PRO,ALA
11853,148749,148751,ALA,GLY
11854,148756,148758,GLY,PRO
11855,148770,148772,PRO,HYP
11856,148785,148787,HYP,GLY
11857,148792,148794,GLY,GLU
11858,148807,148809,GLU,ALA
11859,148817,148819,ALA,GLY
11860,148824,148826,GLY,LYS
11861,148846,148848,LYS,HYP
11862,148861,148863,HYP,GLY
11863,148868,148870,GLY,GLU
11864,148883,148885,GLU,GLN
11865,148900,148902,GLN,GLY
11866,148907,148909,GLY,VAL
11867,148923,148925,VAL,HYP
11868,148938,148940,HYP,GLY
11869,148945,148947,GLY,ASP
11870,148957,148959,ASP,LEU
11871,148976,148978,LEU,GLY
11872,148983,148985,GLY,ALA
11873,148993,148995,ALA,HYP
11874,149008,149010,HYP,GLY
11875,149015,149017,GLY,PRO
11876,149029,149031,PRO,SER
11877,149040,149042,SER,GLY
11878,149047,149049,GLY,ALA
11879,149057,149059,ALA,ARG
11880,149081,149083,ARG,GLY
11881,149088,149090,GLY,GLU
11882,149103,149105,GLU,ARG
11883,149127,149129,ARG,GLY
11884,149134,149136,GLY,DO2
11885,149155,149157,DO2,HYP
11886,149170,149172,HYP,GLY
11887,149177,149179,GLY,GLU
11888,149192,149194,GLU,ARG
11889,149216,149218,ARG,GLY
11890,149223,149225,GLY,VAL
11891,149239,149241,VAL,GLN
11892,149256,149258,GLN,GLY
11893,149263,149265,GLY,PRO
11894,149277,149279,PRO,HYP
11895,149292,149294,HYP,GLY
11896,149299,149301,GLY,PRO
11897,149313,149315,PRO,ALA
11898,149323,149325,ALA,GLY
11899,149330,149332,GLY,PRO
11900,149344,149346,PRO,ARG
11901,149368,149370,ARG,GLY
11902,149375,149377,GLY,ASN
11903,149389,149391,ASN,ASN
11904,149403,149405,ASN,GLY
11905,149410,149412,GLY,ALA
11906,149420,149422,ALA,HYP
11907,149435,149437,HYP,GLY
11908,149442,149444,GLY,ASN
11909,149456,149458,ASN,ASP
11910,149468,149470,ASP,GLY
11911,149475,149477,GLY,ALA
11912,149485,149487,ALA,LYS
11913,149507,149509,LYS,GLY
11914,149514,149516,GLY,ASP
11915,149526,149528,ASP,THR
11916,149540,149542,THR,GLY
11917,149547,149549,GLY,ALA
11918,149557,149559,ALA,HYP
11919,149572,149574,HYP,GLY
11920,149579,149581,GLY,ALA
11921,149589,149591,ALA,HYP
11922,149604,149606,HYP,GLY
11923,149611,149613,GLY,SER
11924,149622,149624,SER,GLN
11925,149639,149641,GLN,GLY
11926,149646,149648,GLY,ALA
11927,149656,149658,ALA,HYP
11928,149671,149673,HYP,GLY
11929,149678,149680,GLY,LEU
11930,149697,149699,LEU,GLN
11931,149714,149716,GLN,GLY
11932,149721,149723,GLY,MET
11933,149738,149740,MET,HYP
11934,149753,149755,HYP,GLY
11935,149760,149762,GLY,GLU
11936,149775,149777,GLU,ARG
11937,149799,149801,ARG,GLY
11938,149806,149808,GLY,ALA
11939,149816,149818,ALA,ALA
11940,149826,149828,ALA,GLY
11941,149833,149835,GLY,LEU
11942,149852,149854,LEU,HYP
11943,149867,149869,HYP,GLY
11944,149874,149876,GLY,PRO
11945,149888,149890,PRO,LYS
11946,149910,149912,LYS,GLY
11947,149917,149919,GLY,ASP
11948,149929,149931,ASP,ARG
11949,149953,149955,ARG,GLY
11950,149960,149962,GLY,ASP
11951,149972,149974,ASP,ALA
11952,149982,149984,ALA,GLY
11953,149989,149991,GLY,PRO
11954,150003,150005,PRO,LYS
11955,150025,150027,LYS,GLY
11956,150032,150034,GLY,ALA
11957,150042,150044,ALA,ASP
11958,150054,150056,ASP,GLY
11959,150061,150063,GLY,SER
11960,150072,150074,SER,HYP
11961,150087,150089,HYP,GLY
11962,150094,150096,GLY,LYS
11963,150116,150118,LYS,ASP
11964,150128,150130,ASP,GLY
11965,150135,150137,GLY,VAL
11966,150151,150153,VAL,ARG
11967,150175,150177,ARG,GLY
11968,150182,150184,GLY,LEU
11969,150201,150203,LEU,THR
11970,150215,150217,THR,GLY
11971,150222,150224,GLY,PRO
11972,150236,150238,PRO,ILE
11973,150255,150257,ILE,GLY
11974,150262,150264,GLY,PRO
11975,150276,150278,PRO,HYP
11976,150291,150293,HYP,GLY
11977,150298,150300,GLY,PRO
11978,150312,150314,PRO,ALA
11979,150322,150324,ALA,GLY
11980,150329,150331,GLY,ALA
11981,150339,150341,ALA,HYP
11982,150354,150356,HYP,GLY
11983,150361,150363,GLY,ASP
11984,150373,150375,ASP,LYS
11985,150395,150397,LYS,GLY
11986,150402,150404,GLY,GLU
11987,150417,150419,GLU,THR
11988,150431,150433,THR,GLY
11989,150438,150440,GLY,PRO
11990,150452,150454,PRO,SER
11991,150463,150465,SER,GLY
11992,150470,150472,GLY,PRO
11993,150484,150486,PRO,ALA
11994,150494,150496,ALA,GLY
11995,150501,150503,GLY,PRO
11996,150515,150517,PRO,THR
11997,150529,150531,THR,GLY
11998,150536,150538,GLY,ALA
11999,150546,150548,ALA,ARG
12000,150570,150572,ARG,GLY
12001,150577,150579,GLY,ALA
12002,150587,150589,ALA,HYP
12003,150602,150604,HYP,GLY
12004,150609,150611,GLY,ASP
12005,150621,150623,ASP,ARG
12006,150645,150647,ARG,GLY
12007,150652,150654,GLY,GLU
12008,150667,150669,GLU,HYP
12009,150682,150684,HYP,GLY
12010,150689,150691,GLY,PRO
12011,150703,150705,PRO,HYP
12012,150718,150720,HYP,GLY
12013,150725,150727,GLY,PRO
12014,150739,150741,PRO,ALA
12015,150774,150776,GLN,MET
12016,150791,150793,MET,SER
12017,150802,150804,SER,DO1
12018,150823,150825,DO1,GLY
12019,150830,150832,GLY,DO1
12020,150851,150853,DO1,ASP
12021,150863,150865,ASP,GLU
12022,150878,150880,GLU,LYS
12023,150900,150902,LYS,SER
12024,150911,150913,SER,ALA
12025,150921,150923,ALA,GLY
12026,150928,150930,GLY,VAL
12027,150944,150946,VAL,SER
12028,150955,150957,SER,VAL
12029,150971,150973,VAL,PRO
12030,150985,150987,PRO,GLY
12031,150992,150994,GLY,PRO
12032,151006,151008,PRO,MET
12033,151023,151025,MET,GLY
12034,151030,151032,GLY,PRO
12035,151044,151046,PRO,SER
12036,151055,151057,SER,GLY
12037,151062,151064,GLY,PRO
12038,151076,151078,PRO,ARG
12039,151100,151102,ARG,GLY
12040,151107,151109,GLY,LEU
12041,151126,151128,LEU,HYP
12042,151141,151143,HYP,GLY
12043,151148,151150,GLY,PRO
12044,151162,151164,PRO,HYP
12045,151177,151179,HYP,GLY
12046,151184,151186,GLY,ALA
12047,151194,151196,ALA,HYP
12048,151209,151211,HYP,GLY
12049,151216,151218,GLY,PRO
12050,151230,151232,PRO,GLN
12051,151247,151249,GLN,GLY
12052,151254,151256,GLY,DO1
12053,151275,151277,DO1,GLN
12054,151292,151294,GLN,GLY
12055,151299,151301,GLY,PRO
12056,151313,151315,PRO,HYP
12057,151328,151330,HYP,GLY
12058,151335,151337,GLY,GLU
12059,151350,151352,GLU,HYP
12060,151365,151367,HYP,GLY
12061,151372,151374,GLY,GLU
12062,151387,151389,GLU,HYP
12063,151402,151404,HYP,GLY
12064,151409,151411,GLY,ALA
12065,151419,151421,ALA,SER
12066,151430,151432,SER,GLY
12067,151437,151439,GLY,PRO
12068,151451,151453,PRO,MET
12069,151468,151470,MET,GLY
12070,151475,151477,GLY,PRO
12071,151489,151491,PRO,ARG
12072,151513,151515,ARG,GLY
12073,151520,151522,GLY,PRO
12074,151534,151536,PRO,PRO
12075,151548,151550,PRO,GLY
12076,151555,151557,GLY,PRO
12077,151569,151571,PRO,HYP
12078,151584,151586,HYP,GLY
12079,151591,151593,GLY,LYS
12080,151613,151615,LYS,ASN
12081,151627,151629,ASN,GLY
12082,151634,151636,GLY,ASP
12083,151646,151648,ASP,ASP
12084,151658,151660,ASP,GLY
12085,151665,151667,GLY,GLU
12086,151680,151682,GLU,ALA
12087,151690,151692,ALA,GLY
12088,151697,151699,GLY,LYS
12089,151719,151721,LYS,PRO
12090,151733,151735,PRO,GLY
12091,151740,151742,GLY,ARG
12092,151764,151766,ARG,HYP
12093,151779,151781,HYP,GLY
12094,151786,151788,GLY,GLU
12095,151801,151803,GLU,ARG
12096,151825,151827,ARG,GLY
12097,151832,151834,GLY,PRO
12098,151846,151848,PRO,HYP
12099,151861,151863,HYP,GLY
12100,151868,151870,GLY,PRO
12101,151882,151884,PRO,GLN
12102,151899,151901,GLN,GLY
12103,151906,151908,GLY,ALA
12104,151916,151918,ALA,ARG
12105,151940,151942,ARG,GLY
12106,151947,151949,GLY,LEU
12107,151966,151968,LEU,HYP
12108,151981,151983,HYP,GLY
12109,151988,151990,GLY,THR
12110,152002,152004,THR,ALA
12111,152012,152014,ALA,GLY
12112,152019,152021,GLY,LEU
12113,152038,152040,LEU,HYP
12114,152053,152055,HYP,GLY
12115,152060,152062,GLY,MET
12116,152077,152079,MET,LYS
12117,152099,152101,LYS,GLY
12118,152106,152108,GLY,HIS
12119,152123,152125,HIS,ARG
12120,152147,152149,ARG,GLY
12121,152154,152156,GLY,DO1
12122,152175,152177,DO1,SER
12123,152186,152188,SER,GLY
12124,152193,152195,GLY,LEU
12125,152212,152214,LEU,ASP
12126,152224,152226,ASP,GLY
12127,152231,152233,GLY,ALA
12128,152241,152243,ALA,LYS
12129,152263,152265,LYS,GLY
12130,152270,152272,GLY,ASP
12131,152282,152284,ASP,THR
12132,152296,152298,THR,GLY
12133,152303,152305,GLY,PRO
12134,152317,152319,PRO,ALA
12135,152327,152329,ALA,GLY
12136,152334,152336,GLY,PRO
12137,152348,152350,PRO,LYS
12138,152370,152372,LYS,GLY
12139,152377,152379,GLY,GLU
12140,152392,152394,GLU,HYP
12141,152407,152409,HYP,GLY
12142,152414,152416,GLY,SER
12143,152425,152427,SER,HYP
12144,152440,152442,HYP,GLY
12145,152447,152449,GLY,GLU
12146,152462,152464,GLU,ASN
12147,152476,152478,ASN,GLY
12148,152483,152485,GLY,ALA
12149,152493,152495,ALA,HYP
12150,152508,152510,HYP,GLY
12151,152515,152517,GLY,GLN
12152,152532,152534,GLN,MET
12153,152549,152551,MET,GLY
12154,152556,152558,GLY,PRO
12155,152570,152572,PRO,ARG
12156,152594,152596,ARG,GLY
12157,152601,152603,GLY,LEU
12158,152620,152622,LEU,HYP
12159,152635,152637,HYP,GLY
12160,152642,152644,GLY,GLU
12161,152657,152659,GLU,ARG
12162,152681,152683,ARG,GLY
12163,152688,152690,GLY,ARG
12164,152712,152714,ARG,HYP
12165,152727,152729,HYP,GLY
12166,152734,152736,GLY,PRO
12167,152748,152750,PRO,PRO
12168,152762,152764,PRO,GLY
12169,152769,152771,GLY,SER
12170,152780,152782,SER,ALA
12171,152790,152792,ALA,GLY
12172,152797,152799,GLY,ALA
12173,152807,152809,ALA,ARG
12174,152831,152833,ARG,GLY
12175,152838,152840,GLY,ASN
12176,152852,152854,ASN,ASP
12177,152864,152866,ASP,GLY
12178,152871,152873,GLY,ALA
12179,152881,152883,ALA,VAL
12180,152897,152899,VAL,GLY
12181,152904,152906,GLY,ALA
12182,152914,152916,ALA,ALA
12183,152924,152926,ALA,GLY
12184,152931,152933,GLY,PRO
12185,152945,152947,PRO,HYP
12186,152960,152962,HYP,GLY
12187,152967,152969,GLY,PRO
12188,152981,152983,PRO,THR
12189,152995,152997,THR,GLY
12190,153002,153004,GLY,PRO
12191,153016,153018,PRO,THR
12192,153030,153032,THR,GLY
12193,153037,153039,GLY,PRO
12194,153051,153053,PRO,HYP
12195,153066,153068,HYP,GLY
12196,153073,153075,GLY,DO2
12197,153119,153121,GLN,DO1
12198,153140,153142,DO1,SER
12199,153151,153153,SER,ASP
12200,153163,153165,ASP,LY2
12201,153172,153174,LY2,GLY
12202,153179,153181,GLY,VAL
12203,153195,153197,VAL,SER
12204,153206,153208,SER,ALA
12205,153216,153218,ALA,GLY
12206,153223,153225,GLY,PRO
12207,153237,153239,PRO,GLY
12208,153244,153246,GLY,PRO
12209,153258,153260,PRO,MET
12210,153275,153277,MET,GLY
12211,153282,153284,GLY,LEU
12212,153301,153303,LEU,MET
12213,153318,153320,MET,GLY
12214,153325,153327,GLY,PRO
12215,153339,153341,PRO,ARG
12216,153363,153365,ARG,GLY
12217,153370,153372,GLY,PRO
12218,153384,153386,PRO,HYP
12219,153399,153401,HYP,GLY
12220,153406,153408,GLY,ALA
12221,153416,153418,ALA,VAL
12222,153432,153434,VAL,GLY
12223,153439,153441,GLY,ALA
12224,153449,153451,ALA,HYP
12225,153464,153466,HYP,GLY
12226,153471,153473,GLY,PRO
12227,153485,153487,PRO,GLN
12228,153502,153504,GLN,GLY
12229,153509,153511,GLY,DO1
12230,153530,153532,DO1,GLN
12231,153547,153549,GLN,GLY
12232,153554,153556,GLY,PRO
12233,153568,153570,PRO,ALA
12234,153578,153580,ALA,GLY
12235,153585,153587,GLY,GLU
12236,153600,153602,GLU,HYP
12237,153615,153617,HYP,GLY
12238,153622,153624,GLY,GLU
12239,153637,153639,GLU,HYP
12240,153652,153654,HYP,GLY
12241,153659,153661,GLY,GLN
12242,153676,153678,GLN,THR
12243,153690,153692,THR,GLY
12244,153697,153699,GLY,PRO
12245,153711,153713,PRO,ALA
12246,153721,153723,ALA,GLY
12247,153728,153730,GLY,SER
12248,153739,153741,SER,ARG
12249,153763,153765,ARG,GLY
12250,153770,153772,GLY,PRO
12251,153784,153786,PRO,ALA
12252,153794,153796,ALA,GLY
12253,153801,153803,GLY,PRO
12254,153815,153817,PRO,HYP
12255,153830,153832,HYP,GLY
12256,153837,153839,GLY,LYS
12257,153859,153861,LYS,ALA
12258,153869,153871,ALA,GLY
12259,153876,153878,GLY,GLU
12260,153891,153893,GLU,ASP
12261,153903,153905,ASP,GLY
12262,153910,153912,GLY,HIS
12263,153927,153929,HIS,HYP
12264,153942,153944,HYP,GLY
12265,153949,153951,GLY,LYS
12266,153971,153973,LYS,PRO
12267,153985,153987,PRO,GLY
12268,153992,153994,GLY,ARG
12269,154016,154018,ARG,HYP
12270,154031,154033,HYP,GLY
12271,154038,154040,GLY,GLU
12272,154053,154055,GLU,ARG
12273,154077,154079,ARG,GLY
12274,154084,154086,GLY,VAL
12275,154100,154102,VAL,VAL
12276,154116,154118,VAL,GLY
12277,154123,154125,GLY,PRO
12278,154137,154139,PRO,GLN
12279,154154,154156,GLN,GLY
12280,154161,154163,GLY,ALA
12281,154171,154173,ALA,ARG
12282,154195,154197,ARG,GLY
12283,154202,154204,GLY,DO2
12284,154223,154225,DO2,HYP
12285,154238,154240,HYP,GLY
12286,154245,154247,GLY,THR
12287,154259,154261,THR,HYP
12288,154274,154276,HYP,GLY
12289,154281,154283,GLY,LEU
12290,154300,154302,LEU,HYP
12291,154315,154317,HYP,GLY
12292,154322,154324,GLY,DO2
12293,154343,154345,DO2,LYX
12294,154363,154374,LYX,GLY
12295,154379,154381,GLY,ILE
12296,154398,154400,ILE,ARG
12297,154422,154424,ARG,GLY
12298,154429,154431,GLY,HIS
12299,154446,154448,HIS,ASN
12300,154460,154462,ASN,GLY
12301,154467,154469,GLY,LEU
12302,154486,154488,LEU,ASP
12303,154498,154500,ASP,GLY
12304,154505,154507,GLY,LEU
12305,154524,154526,LEU,LYS
12306,154546,154548,LYS,GLY
12307,154553,154555,GLY,GLN
12308,154570,154572,GLN,HYP
12309,154585,154587,HYP,GLY
12310,154592,154594,GLY,ALA
12311,154602,154604,ALA,GLN
12312,154619,154621,GLN,GLY
12313,154626,154628,GLY,VAL
12314,154642,154644,VAL,LYS
12315,154664,154666,LYS,GLY
12316,154671,154673,GLY,GLU
12317,154686,154688,GLU,HYP
12318,154701,154703,HYP,GLY
12319,154708,154710,GLY,ALA
12320,154718,154720,ALA,HYP
12321,154733,154735,HYP,GLY
12322,154740,154742,GLY,GLU
12323,154755,154757,GLU,ASN
12324,154769,154771,ASN,GLY
12325,154776,154778,GLY,THR
12326,154790,154792,THR,HYP
12327,154805,154807,HYP,GLY
12328,154812,154814,GLY,GLN
12329,154829,154831,GLN,ALA
12330,154839,154841,ALA,GLY
12331,154846,154848,GLY,ALA
12332,154856,154858,ALA,ARG
12333,154880,154882,ARG,GLY
12334,154887,154889,GLY,LEU
12335,154906,154908,LEU,HYP
12336,154921,154923,HYP,GLY
12337,154928,154930,GLY,GLU
12338,154943,154945,GLU,ARG
12339,154967,154969,ARG,GLY
12340,154974,154976,GLY,ARG
12341,154998,155000,ARG,VAL
12342,155014,155016,VAL,GLY
12343,155021,155023,GLY,ALA
12344,155031,155033,ALA,HYP
12345,155046,155048,HYP,GLY
12346,155053,155055,GLY,PRO
12347,155067,155069,PRO,ALA
12348,155077,155079,ALA,GLY
12349,155084,155086,GLY,ALA
12350,155094,155096,ALA,ARG
12351,155118,155120,ARG,GLY
12352,155125,155127,GLY,SER
12353,155136,155138,SER,ASP
12354,155148,155150,ASP,GLY
12355,155155,155157,GLY,SER
12356,155166,155168,SER,VAL
12357,155182,155184,VAL,GLY
12358,155189,155191,GLY,PRO
12359,155203,155205,PRO,VAL
12360,155219,155221,VAL,GLY
12361,155226,155228,GLY,PRO
12362,155240,155242,PRO,ALA
12363,155250,155252,ALA,GLY
12364,155257,155259,GLY,PRO
12365,155271,155273,PRO,ILE
12366,155290,155292,ILE,GLY
12367,155297,155299,GLY,SER
12368,155308,155310,SER,ALA
12369,155318,155320,ALA,GLY
12370,155325,155327,GLY,PRO
12371,155339,155341,PRO,HYP
12372,155379,155381,GLN,MET
12373,155396,155398,MET,SER
12374,155407,155409,SER,DO2
12375,155428,155430,DO2,GLY
12376,155435,155437,GLY,DO2
12377,155456,155458,DO2,ASP
12378,155468,155470,ASP,GLU
12379,155483,155485,GLU,LY3
12380,155495,155497,LY3,SER
12381,155506,155508,SER,ALA
12382,155516,155518,ALA,GLY
12383,155523,155525,GLY,VAL
12384,155539,155541,VAL,SER
12385,155550,155552,SER,VAL
12386,155566,155568,VAL,PRO
12387,155580,155582,PRO,GLY
12388,155587,155589,GLY,PRO
12389,155601,155603,PRO,MET
12390,155618,155620,MET,GLY
12391,155625,155627,GLY,PRO
12392,155639,155641,PRO,SER
12393,155650,155652,SER,GLY
12394,155657,155659,GLY,PRO
12395,155671,155673,PRO,ARG
12396,155695,155697,ARG,GLY
12397,155702,155704,GLY,LEU
12398,155721,155723,LEU,HYP
12399,155736,155738,HYP,GLY
12400,155743,155745,GLY,PRO
12401,155757,155759,PRO,HYP
12402,155772,155774,HYP,GLY
12403,155779,155781,GLY,ALA
12404,155789,155791,ALA,HYP
12405,155804,155806,HYP,GLY
12406,155811,155813,GLY,PRO
12407,155825,155827,PRO,GLN
12408,155842,155844,GLN,GLY
12409,155849,155851,GLY,DO2
12410,155870,155872,DO2,GLN
12411,155887,155889,GLN,GLY
12412,155894,155896,GLY,PRO
12413,155908,155910,PRO,HYP
12414,155923,155925,HYP,GLY
12415,155930,155932,GLY,GLU
12416,155945,155947,GLU,HYP
12417,155960,155962,HYP,GLY
12418,155967,155969,GLY,GLU
12419,155982,155984,GLU,HYP
12420,155997,155999,HYP,GLY
12421,156004,156006,GLY,ALA
12422,156014,156016,ALA,SER
12423,156025,156027,SER,GLY
12424,156032,156034,GLY,PRO
12425,156046,156048,PRO,MET
12426,156063,156065,MET,GLY
12427,156070,156072,GLY,PRO
12428,156084,156086,PRO,ARG
12429,156108,156110,ARG,GLY
12430,156115,156117,GLY,PRO
12431,156129,156131,PRO,PRO
12432,156143,156145,PRO,GLY
12433,156150,156152,GLY,PRO
12434,156164,156166,PRO,HYP
12435,156179,156181,HYP,GLY
12436,156186,156188,GLY,LYS
12437,156208,156210,LYS,ASN
12438,156222,156224,ASN,GLY
12439,156229,156231,GLY,ASP
12440,156241,156243,ASP,ASP
12441,156253,156255,ASP,GLY
12442,156260,156262,GLY,GLU
12443,156275,156277,GLU,ALA
12444,156285,156287,ALA,GLY
12445,156292,156294,GLY,LYS
12446,156314,156316,LYS,PRO
12447,156328,156330,PRO,GLY
12448,156335,156337,GLY,ARG
12449,156359,156361,ARG,HYP
12450,156374,156376,HYP,GLY
12451,156381,156383,GLY,GLU
12452,156396,156398,GLU,ARG
12453,156420,156422,ARG,GLY
12454,156427,156429,GLY,PRO
12455,156441,156443,PRO,HYP
12456,156456,156458,HYP,GLY
12457,156463,156465,GLY,PRO
12458,156477,156479,PRO,GLN
12459,156494,156496,GLN,GLY
12460,156501,156503,GLY,ALA
12461,156511,156513,ALA,ARG
12462,156535,156537,ARG,GLY
12463,156542,156544,GLY,LEU
12464,156561,156563,LEU,HYP
12465,156576,156578,HYP,GLY
12466,156583,156585,GLY,THR
12467,156597,156599,THR,ALA
12468,156607,156609,ALA,GLY
12469,156614,156616,GLY,LEU
12470,156633,156635,LEU,HYP
12471,156648,156650,HYP,GLY
12472,156655,156657,GLY,MET
12473,156672,156674,MET,LYS
12474,156694,156696,LYS,GLY
12475,156701,156703,GLY,HIS
12476,156718,156720,HIS,ARG
12477,156742,156744,ARG,GLY
12478,156749,156751,GLY,DO1
12479,156770,156772,DO1,SER
12480,156781,156783,SER,GLY
12481,156788,156790,GLY,LEU
12482,156807,156809,LEU,ASP
12483,156819,156821,ASP,GLY
12484,156826,156828,GLY,ALA
12485,156836,156838,ALA,LYS
12486,156858,156860,LYS,GLY
12487,156865,156867,GLY,ASP
12488,156877,156879,ASP,THR
12489,156891,156893,THR,GLY
12490,156898,156900,GLY,PRO
12491,156912,156914,PRO,ALA
12492,156922,156924,ALA,GLY
12493,156929,156931,GLY,PRO
12494,156943,156945,PRO,LYS
12495,156965,156967,LYS,GLY
12496,156972,156974,GLY,GLU
12497,156987,156989,GLU,HYP
12498,157002,157004,HYP,GLY
12499,157009,157011,GLY,SER
12500,157020,157022,SER,HYP
12501,157035,157037,HYP,GLY
12502,157042,157044,GLY,GLU
12503,157057,157059,GLU,ASN
12504,157071,157073,ASN,GLY
12505,157078,157080,GLY,ALA
12506,157088,157090,ALA,HYP
12507,157103,157105,HYP,GLY
12508,157110,157112,GLY,GLN
12509,157127,157129,GLN,MET
12510,157144,157146,MET,GLY
12511,157151,157153,GLY,PRO
12512,157165,157167,PRO,ARG
12513,157189,157191,ARG,GLY
12514,157196,157198,GLY,LEU
12515,157215,157217,LEU,HYP
12516,157230,157232,HYP,GLY
12517,157237,157239,GLY,GLU
12518,157252,157254,GLU,ARG
12519,157276,157278,ARG,GLY
12520,157283,157285,GLY,ARG
12521,157307,157309,ARG,HYP
12522,157322,157324,HYP,GLY
12523,157329,157331,GLY,PRO
12524,157343,157345,PRO,PRO
12525,157357,157359,PRO,GLY
12526,157364,157366,GLY,SER
12527,157375,157377,SER,ALA
12528,157385,157387,ALA,GLY
12529,157392,157394,GLY,ALA
12530,157402,157404,ALA,ARG
12531,157426,157428,ARG,GLY
12532,157433,157435,GLY,ASN
12533,157447,157449,ASN,ASP
12534,157459,157461,ASP,GLY
12535,157466,157468,GLY,ALA
12536,157476,157478,ALA,VAL
12537,157492,157494,VAL,GLY
12538,157499,157501,GLY,ALA
12539,157509,157511,ALA,ALA
12540,157519,157521,ALA,GLY
12541,157526,157528,GLY,PRO
12542,157540,157542,PRO,HYP
12543,157555,157557,HYP,GLY
12544,157562,157564,GLY,PRO
12545,157576,157578,PRO,THR
12546,157590,157592,THR,GLY
12547,157597,157599,GLY,PRO
12548,157611,157613,PRO,THR
12549,157625,157627,THR,GLY
12550,157632,157634,GLY,PRO
12551,157646,157648,PRO,HYP
12552,157694,157696,DO1,HYP
12553,157709,157711,HYP,GLY
12554,157716,157718,GLY,ALA
12555,157726,157728,ALA,ALA
12556,157736,157738,ALA,GLY
12557,157743,157745,GLY,ALA
12558,157753,157755,ALA,LYS
12559,157775,157777,LYS,GLY
12560,157782,157784,GLY,GLU
12561,157797,157799,GLU,ALA
12562,157807,157809,ALA,GLY
12563,157814,157816,GLY,PRO
12564,157828,157830,PRO,GLN
12565,157845,157847,GLN,GLY
12566,157852,157854,GLY,ALA
12567,157862,157864,ALA,ARG
12568,157886,157888,ARG,GLY
12569,157893,157895,GLY,SER
12570,157904,157906,SER,GLU
12571,157919,157921,GLU,GLY
12572,157926,157928,GLY,PRO
12573,157940,157942,PRO,GLN
12574,157957,157959,GLN,GLY
12575,157964,157966,GLY,VAL
12576,157980,157982,VAL,ARG
12577,158004,158006,ARG,GLY
12578,158011,158013,GLY,GLU
12579,158026,158028,GLU,HYP
12580,158041,158043,HYP,GLY
12581,158048,158050,GLY,PRO
12582,158062,158064,PRO,HYP
12583,158077,158079,HYP,GLY
12584,158084,158086,GLY,PRO
12585,158098,158100,PRO,ALA
12586,158108,158110,ALA,GLY
12587,158115,158117,GLY,ALA
12588,158125,158127,ALA,ALA
12589,158135,158137,ALA,GLY
12590,158142,158144,GLY,PRO
12591,158156,158158,PRO,ALA
12592,158166,158168,ALA,GLY
12593,158173,158175,GLY,ASN
12594,158187,158189,ASN,HYP
12595,158202,158204,HYP,GLY
12596,158209,158211,GLY,ALA
12597,158219,158221,ALA,ASP
12598,158231,158233,ASP,GLY
12599,158238,158240,GLY,GLN
12600,158255,158257,GLN,HYP
12601,158270,158272,HYP,GLY
12602,158277,158279,GLY,ALA
12603,158287,158289,ALA,LYS
12604,158309,158311,LYS,GLY
12605,158316,158318,GLY,ALA
12606,158326,158328,ALA,ASN
12607,158340,158342,ASN,GLY
12608,158347,158349,GLY,ALA
12609,158357,158359,ALA,HYP
12610,158372,158374,HYP,GLY
12611,158379,158381,GLY,ILE
12612,158398,158400,ILE,ALA
12613,158408,158410,ALA,GLY
12614,158415,158417,GLY,ALA
12615,158425,158427,ALA,HYP
12616,158440,158442,HYP,GLY
12617,158447,158449,GLY,DO2
12618,158468,158470,DO2,HYP
12619,158483,158485,HYP,GLY
12620,158490,158492,GLY,ALA
12621,158500,158502,ALA,ARG
12622,158524,158526,ARG,GLY
12623,158531,158533,GLY,PRO
12624,158545,158547,PRO,SER
12625,158556,158558,SER,GLY
12626,158563,158565,GLY,PRO
12627,158577,158579,PRO,GLN
12628,158594,158596,GLN,GLY
12629,158601,158603,GLY,PRO
12630,158615,158617,PRO,SER
12631,158626,158628,SER,GLY
12632,158633,158635,GLY,ALA
12633,158643,158645,ALA,HYP
12634,158658,158660,HYP,GLY
12635,158665,158667,GLY,PRO
12636,158679,158681,PRO,LYS
12637,158701,158703,LYS,GLY
12638,158708,158710,GLY,ASN
12639,158722,158724,ASN,SER
12640,158733,158735,SER,GLY
12641,158740,158742,GLY,GLU
12642,158755,158757,GLU,HYP
12643,158770,158772,HYP,GLY
12644,158777,158779,GLY,ALA
12645,158787,158789,ALA,HYP
12646,158802,158804,HYP,GLY
12647,158809,158811,GLY,ASN
12648,158823,158825,ASN,LYS
12649,158845,158847,LYS,GLY
12650,158852,158854,GLY,ASP
12651,158864,158866,ASP,THR
12652,158878,158880,THR,GLY
12653,158885,158887,GLY,ALA
12654,158895,158897,ALA,LYS
12655,158917,158919,LYS,GLY
12656,158924,158926,GLY,GLU
12657,158939,158941,GLU,HYP
12658,158954,158956,HYP,GLY
12659,158961,158963,GLY,PRO
12660,158975,158977,PRO,ALA
12661,158985,158987,ALA,GLY
12662,158992,158994,GLY,VAL
12663,159008,159010,VAL,GLN
12664,159025,159027,GLN,GLY
12665,159032,159034,GLY,PRO
12666,159046,159048,PRO,HYP
12667,159061,159063,HYP,GLY
12668,159068,159070,GLY,PRO
12669,159082,159084,PRO,ALA
12670,159092,159094,ALA,GLY
12671,159099,159101,GLY,GLU
12672,159114,159116,GLU,GLU
12673,159129,159131,GLU,GLY
12674,159136,159138,GLY,LYS
12675,159158,159160,LYS,ARG
12676,159182,159184,ARG,GLY
12677,159189,159191,GLY,ALA
12678,159199,159201,ALA,ARG
12679,159223,159225,ARG,GLY
12680,159230,159232,GLY,GLU
12681,159245,159247,GLU,HYP
12682,159260,159262,HYP,GLY
12683,159267,159269,GLY,PRO
12684,159281,159283,PRO,SER
12685,159292,159294,SER,GLY
12686,159299,159301,GLY,LEU
12687,159318,159320,LEU,HYP
12688,159333,159335,HYP,GLY
12689,159340,159342,GLY,PRO
12690,159354,159356,PRO,PRO
12691,159368,159370,PRO,GLY
12692,159375,159377,GLY,GLU
12693,159390,159392,GLU,ARG
12694,159414,159416,ARG,GLY
12695,159421,159423,GLY,GLY
12696,159428,159430,GLY,HYP
12697,159443,159445,HYP,GLY
12698,159450,159452,GLY,SER
12699,159461,159463,SER,ARG
12700,159485,159487,ARG,GLY
12701,159492,159494,GLY,DO2
12702,159513,159515,DO2,HYP
12703,159528,159530,HYP,GLY
12704,159535,159537,GLY,ALA
12705,159545,159547,ALA,ASP
12706,159557,159559,ASP,GLY
12707,159564,159566,GLY,VAL
12708,159580,159582,VAL,ALA
12709,159590,159592,ALA,GLY
12710,159597,159599,GLY,PRO
12711,159611,159613,PRO,LYS
12712,159633,159635,LYS,GLY
12713,159640,159642,GLY,PRO
12714,159654,159656,PRO,ALA
12715,159664,159666,ALA,GLY
12716,159671,159673,GLY,GLU
12717,159686,159688,GLU,ARG
12718,159710,159712,ARG,GLY
12719,159717,159719,GLY,SER
12720,159728,159730,SER,HYP
12721,159743,159745,HYP,GLY
12722,159750,159752,GLY,PRO
12723,159764,159766,PRO,ALA
12724,159774,159776,ALA,GLY
12725,159781,159783,GLY,PRO
12726,159795,159797,PRO,LYS
12727,159817,159819,LYS,GLY
12728,159824,159826,GLY,SER
12729,159835,159837,SER,HYP
12730,159850,159852,HYP,GLY
12731,159857,159859,GLY,GLU
12732,159872,159874,GLU,ALA
12733,159882,159884,ALA,GLY
12734,159889,159891,GLY,ARG
12735,159913,159915,ARG,HYP
12736,159928,159930,HYP,GLY
12737,159935,159937,GLY,GLU
12738,159950,159952,GLU,ALA
12739,159960,159962,ALA,GLY
12740,159967,159969,GLY,LEU
12741,159986,159988,LEU,HYP
12742,160001,160003,HYP,GLY
12743,160008,160010,GLY,ALA
12744,160018,160020,ALA,LYS
12745,160040,160042,LYS,GLY
12746,160047,160049,GLY,LEU
12747,160066,160068,LEU,THR
12748,160080,160082,THR,GLY
12749,160087,160089,GLY,SER
12750,160098,160100,SER,HYP
12751,160113,160115,HYP,GLY
12752,160120,160122,GLY,SER
12753,160131,160133,SER,HYP
12754,160146,160148,HYP,GLY
12755,160153,160155,GLY,PRO
12756,160167,160169,PRO,ASP
12757,160179,160181,ASP,GLY
12758,160186,160188,GLY,LYS
12759,160208,160210,LYS,THR
12760,160222,160224,THR,GLY
12761,160229,160231,GLY,PRO
12762,160243,160245,PRO,HYP
12763,160258,160260,HYP,GLY
12764,160265,160267,GLY,PRO
12765,160279,160281,PRO,ALA
12766,160289,160291,ALA,GLY
12767,160296,160298,GLY,GLN
12768,160313,160315,GLN,ASP
12769,160325,160327,ASP,GLY
12770,160332,160334,GLY,ARG
12771,160356,160358,ARG,HYP
12772,160371,160373,HYP,GLY
12773,160378,160380,GLY,PRO
12774,160392,160394,PRO,ALA
12775,160402,160404,ALA,GLY
12776,160409,160411,GLY,PRO
12777,160423,160425,PRO,HYP
12778,160438,160440,HYP,GLY
12779,160445,160447,GLY,ALA
12780,160455,160457,ALA,ARG
12781,160479,160481,ARG,GLY
12782,160486,160488,GLY,GLN
12783,160522,160524,GLY,DO1
12784,160543,160545,DO1,HYP
12785,160558,160560,HYP,GLY
12786,160565,160567,GLY,ALA
12787,160575,160577,ALA,HYP
12788,160590,160592,HYP,GLY
12789,160597,160599,GLY,PRO
12790,160611,160613,PRO,LYS
12791,160633,160635,LYS,GLY
12792,160640,160642,GLY,GLU
12793,160655,160657,GLU,LEU
12794,160674,160676,LEU,GLY
12795,160681,160683,GLY,PRO
12796,160695,160697,PRO,VAL
12797,160711,160713,VAL,GLY
12798,160718,160720,GLY,ASN
12799,160732,160734,ASN,HYP
12800,160747,160749,HYP,GLY
12801,160754,160756,GLY,PRO
12802,160768,160770,PRO,ALA
12803,160778,160780,ALA,GLY
12804,160785,160787,GLY,PRO
12805,160799,160801,PRO,ALA
12806,160809,160811,ALA,GLY
12807,160816,160818,GLY,PRO
12808,160830,160832,PRO,ARG
12809,160854,160856,ARG,GLY
12810,160861,160863,GLY,GLU
12811,160876,160878,GLU,ALA
12812,160886,160888,ALA,GLY
12813,160893,160895,GLY,LEU
12814,160912,160914,LEU,HYP
12815,160927,160929,HYP,GLY
12816,160934,160936,GLY,LEU
12817,160953,160955,LEU,SER
12818,160964,160966,SER,GLY
12819,160971,160973,GLY,PRO
12820,160985,160987,PRO,VAL
12821,161001,161003,VAL,GLY
12822,161008,161010,GLY,PRO
12823,161022,161024,PRO,HYP
12824,161037,161039,HYP,GLY
12825,161044,161046,GLY,ASN
12826,161058,161060,ASN,PRO
12827,161072,161074,PRO,GLY
12828,161079,161081,GLY,ALA
12829,161089,161091,ALA,ASN
12830,161103,161105,ASN,GLY
12831,161110,161112,GLY,LEU
12832,161129,161131,LEU,THR
12833,161143,161145,THR,GLY
12834,161150,161152,GLY,ALA
12835,161160,161162,ALA,LYS
12836,161182,161184,LYS,GLY
12837,161189,161191,GLY,ALA
12838,161199,161201,ALA,THR
12839,161213,161215,THR,GLY
12840,161220,161222,GLY,LEU
12841,161239,161241,LEU,HYP
12842,161254,161256,HYP,GLY
12843,161261,161263,GLY,VAL
12844,161277,161279,VAL,ALA
12845,161287,161289,ALA,GLY
12846,161294,161296,GLY,ALA
12847,161304,161306,ALA,HYP
12848,161319,161321,HYP,GLY
12849,161326,161328,GLY,LEU
12850,161345,161347,LEU,HYP
12851,161360,161362,HYP,GLY
12852,161367,161369,GLY,PRO
12853,161381,161383,PRO,ARG
12854,161405,161407,ARG,GLY
12855,161412,161414,GLY,ILE
12856,161431,161433,ILE,HYP
12857,161446,161448,HYP,GLY
12858,161453,161455,GLY,PRO
12859,161467,161469,PRO,VAL
12860,161483,161485,VAL,GLY
12861,161490,161492,GLY,ALA
12862,161500,161502,ALA,ALA
12863,161510,161512,ALA,GLY
12864,161517,161519,GLY,ALA
12865,161527,161529,ALA,THR
12866,161541,161543,THR,GLY
12867,161548,161550,GLY,PRO
12868,161562,161564,PRO,ARG
12869,161586,161588,ARG,GLY
12870,161593,161595,GLY,LEU
12871,161612,161614,LEU,VAL
12872,161628,161630,VAL,GLY
12873,161635,161637,GLY,GLU
12874,161650,161652,GLU,HYP
12875,161665,161667,HYP,GLY
12876,161672,161674,GLY,PRO
12877,161686,161688,PRO,ALA
12878,161696,161698,ALA,GLY
12879,161703,161705,GLY,SER
12880,161714,161716,SER,LYS
12881,161736,161738,LYS,GLY
12882,161743,161745,GLY,GLU
12883,161758,161760,GLU,THR
12884,161772,161774,THR,GLY
12885,161779,161781,GLY,ASN
12886,161793,161795,ASN,LYS
12887,161815,161817,LYS,GLY
12888,161822,161824,GLY,GLU
12889,161837,161839,GLU,HYP
12890,161852,161854,HYP,GLY
12891,161859,161861,GLY,SER
12892,161870,161872,SER,ALA
12893,161880,161882,ALA,GLY
12894,161887,161889,GLY,ALA
12895,161897,161899,ALA,GLN
12896,161914,161916,GLN,GLY
12897,161921,161923,GLY,PRO
12898,161935,161937,PRO,HYP
12899,161950,161952,HYP,GLY
12900,161957,161959,GLY,PRO
12901,161971,161973,PRO,SER
12902,161982,161984,SER,GLY
12903,161989,161991,GLY,GLU
12904,162004,162006,GLU,GLU
12905,162019,162021,GLU,GLY
12906,162026,162028,GLY,LYS
12907,162048,162050,LYS,ARG
12908,162072,162074,ARG,GLY
12909,162079,162081,GLY,SER
12910,162090,162092,SER,PRO
12911,162104,162106,PRO,GLY
12912,162111,162113,GLY,GLU
12913,162126,162128,GLU,PRO
12914,162140,162142,PRO,GLY
12915,162147,162149,GLY,SER
12916,162158,162160,SER,ALA
12917,162168,162170,ALA,GLY
12918,162175,162177,GLY,PRO
12919,162189,162191,PRO,ALA
12920,162199,162201,ALA,GLY
12921,162206,162208,GLY,PRO
12922,162220,162222,PRO,HYP
12923,162235,162237,HYP,GLY
12924,162242,162244,GLY,LEU
12925,162261,162263,LEU,ARG
12926,162285,162287,ARG,GLY
12927,162292,162294,GLY,SER
12928,162303,162305,SER,HYP
12929,162318,162320,HYP,GLY
12930,162325,162327,GLY,SER
12931,162336,162338,SER,ARG
12932,162360,162362,ARG,GLY
12933,162367,162369,GLY,LEU
12934,162386,162388,LEU,HYP
12935,162401,162403,HYP,GLY
12936,162408,162410,GLY,ALA
12937,162418,162420,ALA,ASP
12938,162430,162432,ASP,GLY
12939,162437,162439,GLY,ARG
12940,162461,162463,ARG,ALA
12941,162471,162473,ALA,GLY
12942,162478,162480,GLY,VAL
12943,162494,162496,VAL,MET
12944,162511,162513,MET,GLY
12945,162518,162520,GLY,PRO
12946,162532,162534,PRO,PRO
12947,162546,162548,PRO,GLY
12948,162553,162555,GLY,ASN
12949,162567,162569,ASN,ARG
12950,162591,162593,ARG,GLY
12951,162598,162600,GLY,SER
12952,162609,162611,SER,THR
12953,162623,162625,THR,GLY
12954,162630,162632,GLY,PRO
12955,162644,162646,PRO,ALA
12956,162654,162656,ALA,GLY
12957,162661,162663,GLY,VAL
12958,162677,162679,VAL,ARG
12959,162701,162703,ARG,GLY
12960,162708,162710,GLY,PRO
12961,162722,162724,PRO,ASN
12962,162736,162738,ASN,GLY
12963,162743,162745,GLY,ASP
12964,162755,162757,ASP,ALA
12965,162765,162767,ALA,GLY
12966,162772,162774,GLY,ARG
12967,162796,162798,ARG,HYP
12968,162811,162813,HYP,GLY
12969,162818,162820,GLY,GLU
12970,162833,162835,GLU,HYP
12971,162848,162850,HYP,GLY
12972,162855,162857,GLY,LEU
12973,162874,162876,LEU,MET
12974,162891,162893,MET,GLY
12975,162898,162900,GLY,PRO
12976,162912,162914,PRO,ARG
12977,162936,162938,ARG,GLY
12978,162943,162945,GLY,LEU
12979,162962,162964,LEU,HYP
12980,162977,162979,HYP,GLY
12981,162984,162986,GLY,SER
12982,162995,162997,SER,HYP
12983,163010,163012,HYP,GLY
12984,163017,163019,GLY,ASN
12985,163031,163033,ASN,VAL
12986,163047,163049,VAL,GLY
12987,163054,163056,GLY,PRO
12988,163068,163070,PRO,ALA
12989,163078,163080,ALA,GLY
12990,163085,163087,GLY,LYS
12991,163107,163109,LYS,GLU
12992,163122,163124,GLU,GLY
12993,163129,163131,GLY,PRO
12994,163143,163145,PRO,VAL
12995,163159,163161,VAL,GLY
12996,163166,163168,GLY,LEU
12997,163185,163187,LEU,HYP
12998,163200,163202,HYP,GLY
12999,163207,163209,GLY,ILE
13000,163226,163228,ILE,ASP
13001,163238,163240,ASP,GLY
13002,163245,163247,GLY,ARG
13003,163269,163271,ARG,HYP
13004,163284,163286,HYP,GLY
13005,163291,163293,GLY,PRO
13006,163305,163307,PRO,ILE
13007,163324,163326,ILE,GLY
13008,163331,163333,GLY,PRO
13009,163345,163347,PRO,ALA
13010,163355,163357,ALA,GLY
13011,163362,163364,GLY,PRO
13012,163376,163378,PRO,ARG
13013,163400,163402,ARG,GLY
13014,163426,163428,GLY,DO1
13015,163447,163449,DO1,HYP
13016,163462,163464,HYP,GLY
13017,163469,163471,GLY,ALA
13018,163479,163481,ALA,ALA
13019,163489,163491,ALA,GLY
13020,163496,163498,GLY,ALA
13021,163506,163508,ALA,LYS
13022,163528,163530,LYS,GLY
13023,163535,163537,GLY,GLU
13024,163550,163552,GLU,ALA
13025,163560,163562,ALA,GLY
13026,163567,163569,GLY,PRO
13027,163581,163583,PRO,GLN
13028,163598,163600,GLN,GLY
13029,163605,163607,GLY,ALA
13030,163615,163617,ALA,ARG
13031,163639,163641,ARG,GLY
13032,163646,163648,GLY,SER
13033,163657,163659,SER,GLU
13034,163672,163674,GLU,GLY
13035,163679,163681,GLY,PRO
13036,163693,163695,PRO,GLN
13037,163710,163712,GLN,GLY
13038,163717,163719,GLY,VAL
13039,163733,163735,VAL,ARG
13040,163757,163759,ARG,GLY
13041,163764,163766,GLY,GLU
13042,163779,163781,GLU,HYP
13043,163794,163796,HYP,GLY
13044,163801,163803,GLY,PRO
13045,163815,163817,PRO,HYP
13046,163830,163832,HYP,GLY
13047,163837,163839,GLY,PRO
13048,163851,163853,PRO,ALA
13049,163861,163863,ALA,GLY
13050,163868,163870,GLY,ALA
13051,163878,163880,ALA,ALA
13052,163888,163890,ALA,GLY
13053,163895,163897,GLY,PRO
13054,163909,163911,PRO,ALA
13055,163919,163921,ALA,GLY
13056,163926,163928,GLY,ASN
13057,163940,163942,ASN,HYP
13058,163955,163957,HYP,GLY
13059,163962,163964,GLY,ALA
13060,163972,163974,ALA,ASP
13061,163984,163986,ASP,GLY
13062,163991,163993,GLY,GLN
13063,164008,164010,GLN,HYP
13064,164023,164025,HYP,GLY
13065,164030,164032,GLY,ALA
13066,164040,164042,ALA,LYS
13067,164062,164064,LYS,GLY
13068,164069,164071,GLY,ALA
13069,164079,164081,ALA,ASN
13070,164093,164095,ASN,GLY
13071,164100,164102,GLY,ALA
13072,164110,164112,ALA,HYP
13073,164125,164127,HYP,GLY
13074,164132,164134,GLY,ILE
13075,164151,164153,ILE,ALA
13076,164161,164163,ALA,GLY
13077,164168,164170,GLY,ALA
13078,164178,164180,ALA,HYP
13079,164193,164195,HYP,GLY
13080,164200,164202,GLY,DO1
13081,164221,164223,DO1,HYP
13082,164236,164238,HYP,GLY
13083,164243,164245,GLY,ALA
13084,164253,164255,ALA,ARG
13085,164277,164279,ARG,GLY
13086,164284,164286,GLY,PRO
13087,164298,164300,PRO,SER
13088,164309,164311,SER,GLY
13089,164316,164318,GLY,PRO
13090,164330,164332,PRO,GLN
13091,164347,164349,GLN,GLY
13092,164354,164356,GLY,PRO
13093,164368,164370,PRO,SER
13094,164379,164381,SER,GLY
13095,164386,164388,GLY,ALA
13096,164396,164398,ALA,HYP
13097,164411,164413,HYP,GLY
13098,164418,164420,GLY,PRO
13099,164432,164434,PRO,LYS
13100,164454,164456,LYS,GLY
13101,164461,164463,GLY,ASN
13102,164475,164477,ASN,SER
13103,164486,164488,SER,GLY
13104,164493,164495,GLY,GLU
13105,164508,164510,GLU,HYP
13106,164523,164525,HYP,GLY
13107,164530,164532,GLY,ALA
13108,164540,164542,ALA,HYP
13109,164555,164557,HYP,GLY
13110,164562,164564,GLY,ASN
13111,164576,164578,ASN,LYS
13112,164598,164600,LYS,GLY
13113,164605,164607,GLY,ASP
13114,164617,164619,ASP,THR
13115,164631,164633,THR,GLY
13116,164638,164640,GLY,ALA
13117,164648,164650,ALA,LYS
13118,164670,164672,LYS,GLY
13119,164677,164679,GLY,GLU
13120,164692,164694,GLU,HYP
13121,164707,164709,HYP,GLY
13122,164714,164716,GLY,PRO
13123,164728,164730,PRO,ALA
13124,164738,164740,ALA,GLY
13125,164745,164747,GLY,VAL
13126,164761,164763,VAL,GLN
13127,164778,164780,GLN,GLY
13128,164785,164787,GLY,PRO
13129,164799,164801,PRO,HYP
13130,164814,164816,HYP,GLY
13131,164821,164823,GLY,PRO
13132,164835,164837,PRO,ALA
13133,164845,164847,ALA,GLY
13134,164852,164854,GLY,GLU
13135,164867,164869,GLU,GLU
13136,164882,164884,GLU,GLY
13137,164889,164891,GLY,LYS
13138,164911,164913,LYS,ARG
13139,164935,164937,ARG,GLY
13140,164942,164944,GLY,ALA
13141,164952,164954,ALA,ARG
13142,164976,164978,ARG,GLY
13143,164983,164985,GLY,GLU
13144,164998,165000,GLU,HYP
13145,165013,165015,HYP,GLY
13146,165020,165022,GLY,PRO
13147,165034,165036,PRO,SER
13148,165045,165047,SER,GLY
13149,165052,165054,GLY,LEU
13150,165071,165073,LEU,HYP
13151,165086,165088,HYP,GLY
13152,165093,165095,GLY,PRO
13153,165107,165109,PRO,PRO
13154,165121,165123,PRO,GLY
13155,165128,165130,GLY,GLU
13156,165143,165145,GLU,ARG
13157,165167,165169,ARG,GLY
13158,165174,165176,GLY,GLY
13159,165181,165183,GLY,HYP
13160,165196,165198,HYP,GLY
13161,165203,165205,GLY,SER
13162,165214,165216,SER,ARG
13163,165238,165240,ARG,GLY
13164,165245,165247,GLY,DO2
13165,165266,165268,DO2,HYP
13166,165281,165283,HYP,GLY
13167,165288,165290,GLY,ALA
13168,165298,165300,ALA,ASP
13169,165310,165312,ASP,GLY
13170,165317,165319,GLY,VAL
13171,165333,165335,VAL,ALA
13172,165343,165345,ALA,GLY
13173,165350,165352,GLY,PRO
13174,165364,165366,PRO,LYS
13175,165386,165388,LYS,GLY
13176,165393,165395,GLY,PRO
13177,165407,165409,PRO,ALA
13178,165417,165419,ALA,GLY
13179,165424,165426,GLY,GLU
13180,165439,165441,GLU,ARG
13181,165463,165465,ARG,GLY
13182,165470,165472,GLY,SER
13183,165481,165483,SER,HYP
13184,165496,165498,HYP,GLY
13185,165503,165505,GLY,PRO
13186,165517,165519,PRO,ALA
13187,165527,165529,ALA,GLY
13188,165534,165536,GLY,PRO
13189,165548,165550,PRO,LYS
13190,165570,165572,LYS,GLY
13191,165577,165579,GLY,SER
13192,165588,165590,SER,HYP
13193,165603,165605,HYP,GLY
13194,165610,165612,GLY,GLU
13195,165625,165627,GLU,ALA
13196,165635,165637,ALA,GLY
13197,165642,165644,GLY,ARG
13198,165666,165668,ARG,HYP
13199,165681,165683,HYP,GLY
13200,165688,165690,GLY,GLU
13201,165703,165705,GLU,ALA
13202,165713,165715,ALA,GLY
13203,165720,165722,GLY,LEU
13204,165739,165741,LEU,HYP
13205,165754,165756,HYP,GLY
13206,165761,165763,GLY,ALA
13207,165771,165773,ALA,LYS
13208,165793,165795,LYS,GLY
13209,165800,165802,GLY,LEU
13210,165819,165821,LEU,THR
13211,165833,165835,THR,GLY
13212,165840,165842,GLY,SER
13213,165851,165853,SER,HYP
13214,165866,165868,HYP,GLY
13215,165873,165875,GLY,SER
13216,165884,165886,SER,HYP
13217,165899,165901,HYP,GLY
13218,165906,165908,GLY,PRO
13219,165920,165922,PRO,ASP
13220,165932,165934,ASP,GLY
13221,165939,165941,GLY,LYS
13222,165961,165963,LYS,THR
13223,165975,165977,THR,GLY
13224,165982,165984,GLY,PRO
13225,165996,165998,PRO,HYP
13226,166011,166013,HYP,GLY
13227,166018,166020,GLY,PRO
13228,166032,166034,PRO,ALA
13229,166042,166044,ALA,GLY
13230,166049,166051,GLY,GLN
13231,166066,166068,GLN,ASP
13232,166078,166080,ASP,GLY
13233,166085,166087,GLY,ARG
13234,166109,166111,ARG,HYP
13235,166124,166126,HYP,GLY
13236,166131,166133,GLY,PRO
13237,166145,166147,PRO,ALA
13238,166155,166157,ALA,GLY
13239,166162,166164,GLY,PRO
13240,166176,166178,PRO,HYP
13241,166191,166193,HYP,GLY
13242,166198,166200,GLY,ALA
13243,166208,166210,ALA,ARG
13244,166232,166234,ARG,GLY
13245,166258,166260,GLY,ALA
13246,166268,166270,ALA,HYP
13247,166283,166285,HYP,GLY
13248,166290,166292,GLY,ALA
13249,166300,166302,ALA,PRO
13250,166314,166316,PRO,GLY
13251,166321,166323,GLY,PRO
13252,166335,166337,PRO,VAL
13253,166351,166353,VAL,GLY
13254,166358,166360,GLY,PRO
13255,166372,166374,PRO,ALA
13256,166382,166384,ALA,GLY
13257,166389,166391,GLY,LYS
13258,166411,166413,LYS,ASN
13259,166425,166427,ASN,GLY
13260,166432,166434,GLY,ASP
13261,166444,166446,ASP,ARG
13262,166468,166470,ARG,GLY
13263,166475,166477,GLY,GLU
13264,166490,166492,GLU,THR
13265,166504,166506,THR,GLY
13266,166511,166513,GLY,PRO
13267,166525,166527,PRO,ALA
13268,166535,166537,ALA,GLY
13269,166542,166544,GLY,PRO
13270,166556,166558,PRO,ALA
13271,166566,166568,ALA,GLY
13272,166573,166575,GLY,PRO
13273,166587,166589,PRO,ILE
13274,166606,166608,ILE,GLY
13275,166613,166615,GLY,PRO
13276,166627,166629,PRO,ALA
13277,166637,166639,ALA,GLY
13278,166644,166646,GLY,ALA
13279,166654,166656,ALA,ARG
13280,166678,166680,ARG,GLY
13281,166685,166687,GLY,PRO
13282,166699,166701,PRO,ALA
13283,166709,166711,ALA,GLY
13284,166716,166718,GLY,PRO
13285,166730,166732,PRO,GLN
13286,166747,166749,GLN,GLY
13287,166754,166756,GLY,PRO
13288,166768,166770,PRO,ARG
13289,166792,166794,ARG,GLY
13290,166799,166801,GLY,ASP
13291,166811,166813,ASP,LYS
13292,166833,166835,LYS,GLY
13293,166840,166842,GLY,GLU
13294,166855,166857,GLU,THR
13295,166869,166871,THR,GLY
13296,166876,166878,GLY,GLU
13297,166891,166893,GLU,GLN
13298,166908,166910,GLN,GLY
13299,166915,166917,GLY,ASP
13300,166927,166929,ASP,ARG
13301,166951,166953,ARG,GLY
13302,166958,166960,GLY,ILE
13303,166977,166979,ILE,LYS
13304,166999,167001,LYS,GLY
13305,167006,167008,GLY,HIS
13306,167023,167025,HIS,ARG
13307,167047,167049,ARG,GLY
13308,167054,167056,GLY,DO2
13309,167075,167077,DO2,SER
13310,167086,167088,SER,GLY
13311,167093,167095,GLY,LEU
13312,167112,167114,LEU,GLN
13313,167129,167131,GLN,GLY
13314,167136,167138,GLY,PRO
13315,167150,167152,PRO,HYP
13316,167165,167167,HYP,GLY
13317,167172,167174,GLY,SER
13318,167183,167185,SER,HYP
13319,167198,167200,HYP,GLY
13320,167205,167207,GLY,SER
13321,167216,167218,SER,HYP
13322,167231,167233,HYP,GLY
13323,167238,167240,GLY,GLU
13324,167253,167255,GLU,GLN
13325,167270,167272,GLN,GLY
13326,167277,167279,GLY,PRO
13327,167291,167293,PRO,SER
13328,167302,167304,SER,GLY
13329,167309,167311,GLY,ALA
13330,167319,167321,ALA,SER
13331,167330,167332,SER,GLY
13332,167337,167339,GLY,PRO
13333,167351,167353,PRO,ALA
13334,167361,167363,ALA,GLY
13335,167368,167370,GLY,PRO
13336,167382,167384,PRO,ARG
13337,167406,167408,ARG,GLY
13338,167413,167415,GLY,PRO
13339,167427,167429,PRO,HYP
13340,167442,167444,HYP,GLY
13341,167449,167451,GLY,SER
13342,167460,167462,SER,ALA
13343,167470,167472,ALA,GLY
13344,167477,167479,GLY,SER
13345,167488,167490,SER,PRO
13346,167502,167504,PRO,GLY
13347,167509,167511,GLY,LYS
13348,167531,167533,LYS,ASP
13349,167543,167545,ASP,GLY
13350,167550,167552,GLY,LEU
13351,167569,167571,LEU,ASN
13352,167583,167585,ASN,GLY
13353,167590,167592,GLY,LEU
13354,167609,167611,LEU,HYP
13355,167624,167626,HYP,GLY
13356,167631,167633,GLY,PRO
13357,167645,167647,PRO,ILE
13358,167664,167666,ILE,GLY
13359,167671,167673,GLY,HYP
13360,167686,167688,HYP,PRO
13361,167700,167702,PRO,GLY
13362,167707,167709,GLY,PRO
13363,167721,167723,PRO,ARG
13364,167745,167747,ARG,GLY
13365,167752,167754,GLY,ARG
13366,167776,167778,ARG,THR
13367,167790,167792,THR,GLY
13368,167797,167799,GLY,ASP
13369,167809,167811,ASP,SER
13370,167820,167822,SER,GLY
13371,167827,167829,GLY,PRO
13372,167841,167843,PRO,ALA
13373,167851,167853,ALA,GLY
13374,167858,167860,GLY,PRO
13375,167872,167874,PRO,HYP
13376,167887,167889,HYP,GLY
13377,167894,167896,GLY,PRO
13378,167908,167910,PRO,HYP
13379,167923,167925,HYP,GLY
13380,167930,167932,GLY,PRO
13381,167944,167946,PRO,HYP
13382,167959,167961,HYP,GLY
13383,167966,167968,GLY,PRO
13384,167980,167982,PRO,HYP
13385,167995,167997,HYP,GLY
13386,168002,168004,GLY,PRO
13387,168016,168018,PRO,HYP
13388,168031,168033,HYP,SER
13389,168042,168044,SER,GLY
13390,168049,168051,GLY,GLY
13391,168056,168058,GLY,DO1
13392,168077,168079,DO1,ASP
13393,168089,168091,ASP,DO2
13394,168110,168112,DO2,SER
13395,168121,168123,SER,DO1
13396,168142,168144,DO1,LEU
13397,168161,168163,LEU,PRO
13398,168175,168177,PRO,GLN
13399,168192,168194,GLN,PRO
13400,168206,168208,PRO,PRO
13401,168220,168222,PRO,GLN
13402,168237,168239,GLN,GLU
13403,168252,168254,GLU,LY2
13404,168261,168263,LY2,SER
13405,168272,168274,SER,GLN
13406,168289,168291,GLN,ASP
13407,168301,168303,ASP,GLY
13408,168308,168310,GLY,GLY
13409,168315,168317,GLY,ARG
13410,168339,168341,ARG,DO1
13411,168360,168362,DO1,DO1
13412,168381,168383,DO1,ARG
13413,168405,168407,ARG,ALA
13414,168432,168434,ALA,GLY
13415,168439,168441,GLY,ALA
13416,168449,168451,ALA,HYP
13417,168464,168466,HYP,GLY
13418,168471,168473,GLY,PRO
13419,168485,168487,PRO,HIS
13420,168502,168504,HIS,GLY
13421,168509,168511,GLY,SER
13422,168520,168522,SER,VAL
13423,168536,168538,VAL,GLY
13424,168543,168545,GLY,PRO
13425,168557,168559,PRO,ALA
13426,168567,168569,ALA,GLY
13427,168574,168576,GLY,LYS
13428,168596,168598,LYS,HIS
13429,168613,168615,HIS,GLY
13430,168620,168622,GLY,ASN
13431,168634,168636,ASN,ARG
13432,168658,168660,ARG,GLY
13433,168665,168667,GLY,GLU
13434,168680,168682,GLU,HYP
13435,168695,168697,HYP,GLY
13436,168702,168704,GLY,PRO
13437,168716,168718,PRO,ALA
13438,168726,168728,ALA,GLY
13439,168733,168735,GLY,SER
13440,168744,168746,SER,VAL
13441,168760,168762,VAL,GLY
13442,168767,168769,GLY,PRO
13443,168781,168783,PRO,VAL
13444,168797,168799,VAL,GLY
13445,168804,168806,GLY,ALA
13446,168814,168816,ALA,VAL
13447,168830,168832,VAL,GLY
13448,168837,168839,GLY,PRO
13449,168851,168853,PRO,ARG
13450,168875,168877,ARG,GLY
13451,168882,168884,GLY,PRO
13452,168896,168898,PRO,SER
13453,168907,168909,SER,GLY
13454,168914,168916,GLY,PRO
13455,168928,168930,PRO,GLN
13456,168945,168947,GLN,GLY
13457,168952,168954,GLY,ILE
13458,168971,168973,ILE,ARG
13459,168995,168997,ARG,GLY
13460,169002,169004,GLY,ASP
13461,169014,169016,ASP,LYS
13462,169036,169038,LYS,GLY
13463,169043,169045,GLY,GLU
13464,169058,169060,GLU,HYP
13465,169073,169075,HYP,GLY
13466,169080,169082,GLY,ASP
13467,169092,169094,ASP,LYS
13468,169114,169116,LYS,GLY
13469,169121,169123,GLY,ALA
13470,169131,169133,ALA,ARG
13471,169155,169157,ARG,GLY
13472,169162,169164,GLY,LEU
13473,169181,169183,LEU,HYP
13474,169196,169198,HYP,GLY
13475,169203,169205,GLY,LEU
13476,169222,169224,LEU,LYX
13477,169242,169253,LYX,GLY
13478,169258,169260,GLY,HIS
13479,169275,169277,HIS,ASN
13480,169289,169291,ASN,GLY
13481,169296,169298,GLY,LEU
13482,169315,169317,LEU,GLN
13483,169332,169334,GLN,GLY
13484,169339,169341,GLY,LEU
13485,169358,169360,LEU,HYP
13486,169373,169375,HYP,GLY
13487,169380,169382,GLY,LEU
13488,169399,169401,LEU,ALA
13489,169409,169411,ALA,GLY
13490,169416,169418,GLY,LEU
13491,169435,169437,LEU,HIS
13492,169452,169454,HIS,GLY
13493,169459,169461,GLY,ASP
13494,169471,169473,ASP,GLN
13495,169488,169490,GLN,GLY
13496,169495,169497,GLY,ALA
13497,169505,169507,ALA,HYP
13498,169520,169522,HYP,GLY
13499,169527,169529,GLY,PRO
13500,169541,169543,PRO,VAL
13501,169557,169559,VAL,GLY
13502,169564,169566,GLY,PRO
13503,169578,169580,PRO,ALA
13504,169588,169590,ALA,GLY
13505,169595,169597,GLY,PRO
13506,169609,169611,PRO,ARG
13507,169633,169635,ARG,GLY
13508,169640,169642,GLY,PRO
13509,169654,169656,PRO,ALA
13510,169664,169666,ALA,GLY
13511,169671,169673,GLY,PRO
13512,169685,169687,PRO,SER
13513,169696,169698,SER,GLY
13514,169703,169705,GLY,PRO
13515,169717,169719,PRO,ILE
13516,169736,169738,ILE,GLY
13517,169743,169745,GLY,LYS
13518,169765,169767,LYS,ASP
13519,169777,169779,ASP,GLY
13520,169784,169786,GLY,ARG
13521,169808,169810,ARG,SER
13522,169819,169821,SER,GLY
13523,169826,169828,GLY,HIS
13524,169843,169845,HIS,HYP
13525,169858,169860,HYP,GLY
13526,169865,169867,GLY,PRO
13527,169879,169881,PRO,VAL
13528,169895,169897,VAL,GLY
13529,169902,169904,GLY,PRO
13530,169916,169918,PRO,ALA
13531,169926,169928,ALA,GLY
13532,169933,169935,GLY,VAL
13533,169949,169951,VAL,ARG
13534,169973,169975,ARG,GLY
13535,169980,169982,GLY,SER
13536,169991,169993,SER,GLN
13537,170008,170010,GLN,GLY
13538,170015,170017,GLY,SER
13539,170026,170028,SER,GLN
13540,170043,170045,GLN,GLY
13541,170050,170052,GLY,PRO
13542,170064,170066,PRO,ALA
13543,170074,170076,ALA,GLY
13544,170081,170083,GLY,PRO
13545,170095,170097,PRO,HYP
13546,170110,170112,HYP,GLY
13547,170117,170119,GLY,PRO
13548,170131,170133,PRO,HYP
13549,170146,170148,HYP,GLY
13550,170153,170155,GLY,PRO
13551,170167,170169,PRO,HYP
13552,170182,170184,HYP,GLY
13553,170189,170191,GLY,PRO
13554,170203,170205,PRO,HYP
13555,170218,170220,HYP,GLY
13556,170225,170227,GLY,VAL
13557,170241,170243,VAL,SER
13558,170252,170254,SER,GLY
13559,170259,170261,GLY,GLY
13560,170266,170268,GLY,GLY
13561,170273,170275,GLY,DO2
13562,170294,170296,DO2,ASP
13563,170306,170308,ASP,DO2
13564,170327,170329,DO2,GLY
13565,170334,170336,GLY,DO2
13566,170355,170357,DO2,GLU
13567,170370,170372,GLU,GLY
13568,170377,170379,GLY,GLY
13569,170384,170386,GLY,DO1
13570,170405,170407,DO1,DO1
13571,170426,170428,DO1,ARG
13572,170450,170452,ARG,ALA
13573,170477,170479,ALA,HYP
13574,170492,170494,HYP,GLY
13575,170499,170501,GLY,ALA
13576,170509,170511,ALA,HYP
13577,170524,170526,HYP,GLY
13578,170531,170533,GLY,ALA
13579,170541,170543,ALA,PRO
13580,170555,170557,PRO,GLY
13581,170562,170564,GLY,PRO
13582,170576,170578,PRO,VAL
13583,170592,170594,VAL,GLY
13584,170599,170601,GLY,PRO
13585,170613,170615,PRO,ALA
13586,170623,170625,ALA,GLY
13587,170630,170632,GLY,LYS
13588,170652,170654,LYS,ASN
13589,170666,170668,ASN,GLY
13590,170673,170675,GLY,ASP
13591,170685,170687,ASP,ARG
13592,170709,170711,ARG,GLY
13593,170716,170718,GLY,GLU
13594,170731,170733,GLU,THR
13595,170745,170747,THR,GLY
13596,170752,170754,GLY,PRO
13597,170766,170768,PRO,ALA
13598,170776,170778,ALA,GLY
13599,170783,170785,GLY,PRO
13600,170797,170799,PRO,ALA
13601,170807,170809,ALA,GLY
13602,170814,170816,GLY,PRO
13603,170828,170830,PRO,ILE
13604,170847,170849,ILE,GLY
13605,170854,170856,GLY,PRO
13606,170868,170870,PRO,ALA
13607,170878,170880,ALA,GLY
13608,170885,170887,GLY,ALA
13609,170895,170897,ALA,ARG
13610,170919,170921,ARG,GLY
13611,170926,170928,GLY,PRO
13612,170940,170942,PRO,ALA
13613,170950,170952,ALA,GLY
13614,170957,170959,GLY,PRO
13615,170971,170973,PRO,GLN
13616,170988,170990,GLN,GLY
13617,170995,170997,GLY,PRO
13618,171009,171011,PRO,ARG
13619,171033,171035,ARG,GLY
13620,171040,171042,GLY,ASP
13621,171052,171054,ASP,LYS
13622,171074,171076,LYS,GLY
13623,171081,171083,GLY,GLU
13624,171096,171098,GLU,THR
13625,171110,171112,THR,GLY
13626,171117,171119,GLY,GLU
13627,171132,171134,GLU,GLN
13628,171149,171151,GLN,GLY
13629,171156,171158,GLY,ASP
13630,171168,171170,ASP,ARG
13631,171192,171194,ARG,GLY
13632,171199,171201,GLY,ILE
13633,171218,171220,ILE,LYS
13634,171240,171242,LYS,GLY
13635,171247,171249,GLY,HIS
13636,171264,171266,HIS,ARG
13637,171288,171290,ARG,GLY
13638,171295,171297,GLY,DO1
13639,171316,171318,DO1,SER
13640,171327,171329,SER,GLY
13641,171334,171336,GLY,LEU
13642,171353,171355,LEU,GLN
13643,171370,171372,GLN,GLY
13644,171377,171379,GLY,PRO
13645,171391,171393,PRO,HYP
13646,171406,171408,HYP,GLY
13647,171413,171415,GLY,SER
13648,171424,171426,SER,HYP
13649,171439,171441,HYP,GLY
13650,171446,171448,GLY,SER
13651,171457,171459,SER,HYP
13652,171472,171474,HYP,GLY
13653,171479,171481,GLY,GLU
13654,171494,171496,GLU,GLN
13655,171511,171513,GLN,GLY
13656,171518,171520,GLY,PRO
13657,171532,171534,PRO,SER
13658,171543,171545,SER,GLY
13659,171550,171552,GLY,ALA
13660,171560,171562,ALA,SER
13661,171571,171573,SER,GLY
13662,171578,171580,GLY,PRO
13663,171592,171594,PRO,ALA
13664,171602,171604,ALA,GLY
13665,171609,171611,GLY,PRO
13666,171623,171625,PRO,ARG
13667,171647,171649,ARG,GLY
13668,171654,171656,GLY,PRO
13669,171668,171670,PRO,HYP
13670,171683,171685,HYP,GLY
13671,171690,171692,GLY,SER
13672,171701,171703,SER,ALA
13673,171711,171713,ALA,GLY
13674,171718,171720,GLY,SER
13675,171729,171731,SER,PRO
13676,171743,171745,PRO,GLY
13677,171750,171752,GLY,LYS
13678,171772,171774,LYS,ASP
13679,171784,171786,ASP,GLY
13680,171791,171793,GLY,LEU
13681,171810,171812,LEU,ASN
13682,171824,171826,ASN,GLY
13683,171831,171833,GLY,LEU
13684,171850,171852,LEU,HYP
13685,171865,171867,HYP,GLY
13686,171872,171874,GLY,PRO
13687,171886,171888,PRO,ILE
13688,171905,171907,ILE,GLY
13689,171912,171914,GLY,HYP
13690,171927,171929,HYP,PRO
13691,171941,171943,PRO,GLY
13692,171948,171950,GLY,PRO
13693,171962,171964,PRO,ARG
13694,171986,171988,ARG,GLY
13695,171993,171995,GLY,ARG
13696,172017,172019,ARG,THR
13697,172031,172033,THR,GLY
13698,172038,172040,GLY,ASP
13699,172050,172052,ASP,SER
13700,172061,172063,SER,GLY
13701,172068,172070,GLY,PRO
13702,172082,172084,PRO,ALA
13703,172092,172094,ALA,GLY
13704,172099,172101,GLY,PRO
13705,172113,172115,PRO,HYP
13706,172128,172130,HYP,GLY
13707,172135,172137,GLY,PRO
13708,172149,172151,PRO,HYP
13709,172164,172166,HYP,GLY
13710,172171,172173,GLY,PRO
13711,172185,172187,PRO,HYP
13712,172200,172202,HYP,GLY
13713,172207,172209,GLY,PRO
13714,172221,172223,PRO,HYP
13715,172236,172238,HYP,GLY
13716,172243,172245,GLY,PRO
13717,172257,172259,PRO,HYP
13718,172272,172274,HYP,SER
13719,172283,172285,SER,GLY
13720,172290,172292,GLY,GLY
13721,172297,172299,GLY,DO2
13722,172318,172320,DO2,ASP
13723,172330,172332,ASP,DO1
13724,172351,172353,DO1,SER
13725,172362,172364,SER,DO1
13726,172383,172385,DO1,LEU
13727,172402,172404,LEU,PRO
13728,172416,172418,PRO,GLN
13729,172433,172435,GLN,PRO
13730,172447,172449,PRO,PRO
13731,172461,172463,PRO,GLN
13732,172478,172480,GLN,GLU
13733,172493,172495,GLU,LY3
13734,172505,172507,LY3,SER
13735,172516,172518,SER,GLN
13736,172533,172535,GLN,ASP
13737,172545,172547,ASP,GLY
13738,172552,172554,GLY,GLY
13739,172559,172561,GLY,ARG
13740,172583,172585,ARG,DO2
13741,172604,172606,DO2,DO1
13742,172625,172627,DO1,ARG
13743,172649,172651,ARG,ALA
13744,172676,172678,ALA,GLY
13745,172683,172685,GLY,PRO
13746,172697,172699,PRO,HYP
13747,172712,172714,HYP,GLY
13748,172719,172721,GLY,ALA
13749,172729,172731,ALA,ASP
13750,172741,172743,ASP,GLY
13751,172748,172750,GLY,GLN
13752,172765,172767,GLN,HYP
13753,172780,172782,HYP,GLY
13754,172787,172789,GLY,ALA
13755,172797,172799,ALA,LYS
13756,172819,172821,LYS,GLY
13757,172826,172828,GLY,GLU
13758,172841,172843,GLU,PRO
13759,172855,172857,PRO,GLY
13760,172862,172864,GLY,ASP
13761,172874,172876,ASP,THR
13762,172888,172890,THR,GLY
13763,172895,172897,GLY,VAL
13764,172911,172913,VAL,LYS
13765,172933,172935,LYS,GLY
13766,172940,172942,GLY,ASP
13767,172952,172954,ASP,ALA
13768,172962,172964,ALA,GLY
13769,172969,172971,GLY,PRO
13770,172983,172985,PRO,HYP
13771,172998,173000,HYP,GLY
13772,173005,173007,GLY,PRO
13773,173019,173021,PRO,ALA
13774,173029,173031,ALA,GLY
13775,173036,173038,GLY,PRO
13776,173050,173052,PRO,ALA
13777,173060,173062,ALA,GLY
13778,173067,173069,GLY,PRO
13779,173081,173083,PRO,HYP
13780,173096,173098,HYP,GLY
13781,173103,173105,GLY,PRO
13782,173117,173119,PRO,ILE
13783,173136,173138,ILE,GLY
13784,173143,173145,GLY,ASN
13785,173157,173159,ASN,VAL
13786,173173,173175,VAL,GLY
13787,173180,173182,GLY,ALA
13788,173190,173192,ALA,HYP
13789,173205,173207,HYP,GLY
13790,173212,173214,GLY,PRO
13791,173226,173228,PRO,LYS
13792,173248,173250,LYS,GLY
13793,173255,173257,GLY,SER
13794,173266,173268,SER,ARG
13795,173290,173292,ARG,GLY
13796,173297,173299,GLY,ALA
13797,173307,173309,ALA,ALA
13798,173317,173319,ALA,GLY
13799,173324,173326,GLY,PRO
13800,173338,173340,PRO,HYP
13801,173353,173355,HYP,GLY
13802,173360,173362,GLY,ALA
13803,173370,173372,ALA,THR
13804,173384,173386,THR,GLY
13805,173391,173393,GLY,DO1
13806,173412,173414,DO1,HYP
13807,173427,173429,HYP,GLY
13808,173434,173436,GLY,ALA
13809,173444,173446,ALA,ALA
13810,173454,173456,ALA,GLY
13811,173461,173463,GLY,ARG
13812,173485,173487,ARG,VAL
13813,173501,173503,VAL,GLY
13814,173508,173510,GLY,PRO
13815,173522,173524,PRO,HYP
13816,173537,173539,HYP,GLY
13817,173544,173546,GLY,PRO
13818,173558,173560,PRO,SER
13819,173569,173571,SER,GLY
13820,173576,173578,GLY,ASN
13821,173590,173592,ASN,ALA
13822,173600,173602,ALA,GLY
13823,173607,173609,GLY,PRO
13824,173621,173623,PRO,HYP
13825,173636,173638,HYP,GLY
13826,173643,173645,GLY,PRO
13827,173657,173659,PRO,HYP
13828,173672,173674,HYP,GLY
13829,173679,173681,GLY,PRO
13830,173693,173695,PRO,VAL
13831,173709,173711,VAL,GLY
13832,173716,173718,GLY,LYS
13833,173738,173740,LYS,GLU
13834,173753,173755,GLU,GLY
13835,173760,173762,GLY,GLY
13836,173767,173769,GLY,LYS
13837,173789,173791,LYS,GLY
13838,173796,173798,GLY,PRO
13839,173810,173812,PRO,ARG
13840,173834,173836,ARG,GLY
13841,173841,173843,GLY,GLU
13842,173856,173858,GLU,THR
13843,173870,173872,THR,GLY
13844,173877,173879,GLY,PRO
13845,173891,173893,PRO,ALA
13846,173901,173903,ALA,GLY
13847,173908,173910,GLY,ARG
13848,173932,173934,ARG,HYP
13849,173947,173949,HYP,GLY
13850,173954,173956,GLY,GLU
13851,173969,173971,GLU,VAL
13852,173985,173987,VAL,GLY
13853,173992,173994,GLY,PRO
13854,174006,174008,PRO,PRO
13855,174020,174022,PRO,GLY
13856,174027,174029,GLY,PRO
13857,174041,174043,PRO,HYP
13858,174056,174058,HYP,GLY
13859,174063,174065,GLY,PRO
13860,174077,174079,PRO,ALA
13861,174087,174089,ALA,GLY
13862,174094,174096,GLY,GLU
13863,174109,174111,GLU,LYS
13864,174131,174133,LYS,GLY
13865,174138,174140,GLY,SER
13866,174149,174151,SER,HYP
13867,174164,174166,HYP,GLY
13868,174171,174173,GLY,ALA
13869,174181,174183,ALA,ASP
13870,174193,174195,ASP,GLY
13871,174200,174202,GLY,PRO
13872,174214,174216,PRO,ALA
13873,174224,174226,ALA,GLY
13874,174231,174233,GLY,SER
13875,174242,174244,SER,HYP
13876,174257,174259,HYP,GLY
13877,174264,174266,GLY,THR
13878,174278,174280,THR,PRO
13879,174292,174294,PRO,GLY
13880,174299,174301,GLY,PRO
13881,174313,174315,PRO,GLN
13882,174330,174332,GLN,GLY
13883,174337,174339,GLY,ILE
13884,174356,174358,ILE,ALA
13885,174366,174368,ALA,GLY
13886,174373,174375,GLY,GLN
13887,174390,174392,GLN,ARG
13888,174414,174416,ARG,GLY
13889,174421,174423,GLY,VAL
13890,174437,174439,VAL,VAL
13891,174453,174455,VAL,GLY
13892,174460,174462,GLY,LEU
13893,174479,174481,LEU,HYP
13894,174494,174496,HYP,GLY
13895,174501,174503,GLY,GLN
13896,174518,174520,GLN,ARG
13897,174542,174544,ARG,GLY
13898,174549,174551,GLY,GLU
13899,174564,174566,GLU,ARG
13900,174588,174590,ARG,GLY
13901,174595,174597,GLY,DO1
13902,174616,174618,DO1,HYP
13903,174631,174633,HYP,GLY
13904,174638,174640,GLY,LEU
13905,174657,174659,LEU,HYP
13906,174672,174674,HYP,GLY
13907,174679,174681,GLY,PRO
13908,174693,174695,PRO,SER
13909,174704,174706,SER,GLY
13910,174711,174713,GLY,GLU
13911,174726,174728,GLU,HYP
13912,174741,174743,HYP,GLY
13913,174748,174750,GLY,LYS
13914,174770,174772,LYS,GLN
13915,174787,174789,GLN,GLY
13916,174794,174796,GLY,PRO
13917,174808,174810,PRO,SER
13918,174819,174821,SER,GLY
13919,174826,174828,GLY,ALA
13920,174836,174838,ALA,SER
13921,174847,174849,SER,GLY
13922,174854,174856,GLY,GLU
13923,174869,174871,GLU,ARG
13924,174893,174895,ARG,GLY
13925,174900,174902,GLY,PRO
13926,174914,174916,PRO,HYP
13927,174929,174931,HYP,GLY
13928,174936,174938,GLY,PRO
13929,174950,174952,PRO,MET
13930,174967,174969,MET,GLY
13931,174974,174976,GLY,PRO
13932,174988,174990,PRO,HYP
13933,175003,175005,HYP,GLY
13934,175010,175012,GLY,LEU
13935,175029,175031,LEU,ALA
13936,175039,175041,ALA,GLY
13937,175046,175048,GLY,PRO
13938,175060,175062,PRO,HYP
13939,175075,175077,HYP,GLY
13940,175082,175084,GLY,GLU
13941,175097,175099,GLU,SER
13942,175108,175110,SER,GLY
13943,175115,175117,GLY,ARG
13944,175139,175141,ARG,GLU
13945,175154,175156,GLU,GLY
13946,175161,175163,GLY,SER
13947,175172,175174,SER,HYP
13948,175187,175189,HYP,GLY
13949,175194,175196,GLY,ALA
13950,175204,175206,ALA,GLU
13951,175219,175221,GLU,GLY
13952,175226,175228,GLY,SER
13953,175237,175239,SER,HYP
13954,175252,175254,HYP,GLY
13955,175259,175261,GLY,ARG
13956,175283,175285,ARG,ASP
13957,175295,175297,ASP,GLY
13958,175302,175304,GLY,ALA
13959,175312,175314,ALA,PRO
13960,175326,175328,PRO,GLY
13961,175333,175335,GLY,ALA
13962,175343,175345,ALA,LYS
13963,175365,175367,LYS,GLY
13964,175372,175374,GLY,ASP
13965,175384,175386,ASP,ARG
13966,175408,175410,ARG,GLY
13967,175415,175417,GLY,GLU
13968,175430,175432,GLU,THR
13969,175444,175446,THR,GLY
13970,175451,175453,GLY,PRO
13971,175465,175467,PRO,ALA
13972,175475,175477,ALA,GLY
13973,175482,175484,GLY,PRO
13974,175496,175498,PRO,HYP
13975,175511,175513,HYP,GLY
13976,175518,175520,GLY,ALA
13977,175528,175530,ALA,HYP
13978,175565,175567,ALA,GLY
13979,175572,175574,GLY,PRO
13980,175586,175588,PRO,ALA
13981,175596,175598,ALA,GLY
13982,175603,175605,GLY,SER
13983,175614,175616,SER,ALA
13984,175624,175626,ALA,GLY
13985,175631,175633,GLY,GLN
13986,175648,175650,GLN,HYP
13987,175663,175665,HYP,GLY
13988,175670,175672,GLY,ALA
13989,175680,175682,ALA,LYS
13990,175702,175704,LYS,GLY
13991,175709,175711,GLY,GLU
13992,175724,175726,GLU,LYS
13993,175746,175748,LYS,GLY
13994,175753,175755,GLY,THR
13995,175767,175769,THR,LYS
13996,175789,175791,LYS,GLY
13997,175796,175798,GLY,PRO
13998,175810,175812,PRO,LYS
13999,175832,175834,LYS,GLY
14000,175839,175841,GLY,GLU
14001,175854,175856,GLU,ASN
14002,175868,175870,ASN,GLY
14003,175875,175877,GLY,ILE
14004,175894,175896,ILE,VAL
14005,175910,175912,VAL,GLY
14006,175917,175919,GLY,PRO
14007,175931,175933,PRO,THR
14008,175945,175947,THR,GLY
14009,175952,175954,GLY,PRO
14010,175966,175968,PRO,VAL
14011,175982,175984,VAL,GLY
14012,175989,175991,GLY,ALA
14013,175999,176001,ALA,ALA
14014,176009,176011,ALA,GLY
14015,176016,176018,GLY,PRO
14016,176030,176032,PRO,SER
14017,176041,176043,SER,GLY
14018,176048,176050,GLY,PRO
14019,176062,176064,PRO,ASN
14020,176076,176078,ASN,GLY
14021,176083,176085,GLY,PRO
14022,176097,176099,PRO,HYP
14023,176112,176114,HYP,GLY
14024,176119,176121,GLY,PRO
14025,176133,176135,PRO,ALA
14026,176143,176145,ALA,GLY
14027,176150,176152,GLY,SER
14028,176161,176163,SER,ARG
14029,176185,176187,ARG,GLY
14030,176192,176194,GLY,ASP
14031,176204,176206,ASP,GLY
14032,176211,176213,GLY,GLY
14033,176218,176220,GLY,PRO
14034,176232,176234,PRO,HYP
14035,176247,176249,HYP,GLY
14036,176254,176256,GLY,MET
14037,176271,176273,MET,THR
14038,176285,176287,THR,GLY
14039,176292,176294,GLY,DO2
14040,176313,176315,DO2,HYP
14041,176328,176330,HYP,GLY
14042,176335,176337,GLY,ALA
14043,176345,176347,ALA,ALA
14044,176355,176357,ALA,GLY
14045,176362,176364,GLY,ARG
14046,176386,176388,ARG,THR
14047,176400,176402,THR,GLY
14048,176407,176409,GLY,PRO
14049,176421,176423,PRO,HYP
14050,176436,176438,HYP,GLY
14051,176443,176445,GLY,PRO
14052,176457,176459,PRO,SER
14053,176468,176470,SER,GLY
14054,176475,176477,GLY,ILE
14055,176494,176496,ILE,THR
14056,176508,176510,THR,GLY
14057,176515,176517,GLY,PRO
14058,176529,176531,PRO,HYP
14059,176544,176546,HYP,GLY
14060,176551,176553,GLY,PRO
14061,176565,176567,PRO,HYP
14062,176580,176582,HYP,GLY
14063,176587,176589,GLY,ALA
14064,176597,176599,ALA,ALA
14065,176607,176609,ALA,GLY
14066,176614,176616,GLY,LYS
14067,176636,176638,LYS,GLU
14068,176651,176653,GLU,GLY
14069,176658,176660,GLY,ILE
14070,176677,176679,ILE,ARG
14071,176701,176703,ARG,GLY
14072,176708,176710,GLY,PRO
14073,176722,176724,PRO,ARG
14074,176746,176748,ARG,GLY
14075,176753,176755,GLY,ASP
14076,176765,176767,ASP,GLN
14077,176782,176784,GLN,GLY
14078,176789,176791,GLY,PRO
14079,176803,176805,PRO,VAL
14080,176819,176821,VAL,GLY
14081,176826,176828,GLY,ARG
14082,176850,176852,ARG,THR
14083,176864,176866,THR,GLY
14084,176871,176873,GLY,GLU
14085,176886,176888,GLU,ILE
14086,176905,176907,ILE,GLY
14087,176912,176914,GLY,ALA
14088,176922,176924,ALA,SER
14089,176933,176935,SER,GLY
14090,176940,176942,GLY,PRO
14091,176954,176956,PRO,HYP
14092,176969,176971,HYP,GLY
14093,176976,176978,GLY,DO2
14094,176997,176999,DO2,ALA
14095,177007,177009,ALA,GLY
14096,177014,177016,GLY,GLU
14097,177029,177031,GLU,LYS
14098,177051,177053,LYS,GLY
14099,177058,177060,GLY,PRO
14100,177072,177074,PRO,SER
14101,177083,177085,SER,GLY
14102,177090,177092,GLY,GLU
14103,177105,177107,GLU,HYP
14104,177120,177122,HYP,GLY
14105,177127,177129,GLY,THR
14106,177141,177143,THR,THR
14107,177155,177157,THR,GLY
14108,177162,177164,GLY,PRO
14109,177176,177178,PRO,HYP
14110,177191,177193,HYP,GLY
14111,177198,177200,GLY,THR
14112,177212,177214,THR,ALA
14113,177222,177224,ALA,GLY
14114,177229,177231,GLY,PRO
14115,177243,177245,PRO,GLN
14116,177260,177262,GLN,GLY
14117,177267,177269,GLY,LEU
14118,177286,177288,LEU,LEU
14119,177305,177307,LEU,GLY
14120,177312,177314,GLY,ALA
14121,177322,177324,ALA,HYP
14122,177337,177339,HYP,GLY
14123,177344,177346,GLY,ILE
14124,177363,177365,ILE,LEU
14125,177382,177384,LEU,GLY
14126,177389,177391,GLY,LEU
14127,177408,177410,LEU,HYP
14128,177423,177425,HYP,GLY
14129,177430,177432,GLY,SER
14130,177441,177443,SER,ARG
14131,177465,177467,ARG,GLY
14132,177472,177474,GLY,GLU
14133,177487,177489,GLU,ARG
14134,177511,177513,ARG,GLY
14135,177518,177520,GLY,GLN
14136,177535,177537,GLN,HYP
14137,177550,177552,HYP,GLY
14138,177557,177559,GLY,ILE
14139,177576,177578,ILE,ALA
14140,177586,177588,ALA,GLY
14141,177593,177595,GLY,ALA
14142,177603,177605,ALA,LEU
14143,177622,177624,LEU,GLY
14144,177629,177631,GLY,GLU
14145,177644,177646,GLU,HYP
14146,177659,177661,HYP,GLY
14147,177666,177668,GLY,PRO
14148,177680,177682,PRO,LEU
14149,177699,177701,LEU,GLY
14150,177706,177708,GLY,ILE
14151,177725,177727,ILE,ALA
14152,177735,177737,ALA,GLY
14153,177742,177744,GLY,PRO
14154,177756,177758,PRO,HYP
14155,177771,177773,HYP,GLY
14156,177778,177780,GLY,ALA
14157,177788,177790,ALA,ARG
14158,177812,177814,ARG,GLY
14159,177819,177821,GLY,PRO
14160,177833,177835,PRO,HYP
14161,177848,177850,HYP,GLY
14162,177855,177857,GLY,ALA
14163,177865,177867,ALA,VAL
14164,177881,177883,VAL,GLY
14165,177888,177890,GLY,SER
14166,177899,177901,SER,HYP
14167,177914,177916,HYP,GLY
14168,177921,177923,GLY,VAL
14169,177937,177939,VAL,ASN
14170,177951,177953,ASN,GLY
14171,177958,177960,GLY,ALA
14172,177968,177970,ALA,HYP
14173,177983,177985,HYP,GLY
14174,177990,177992,GLY,GLU
14175,178005,178007,GLU,ALA
14176,178015,178017,ALA,GLY
14177,178022,178024,GLY,ARG
14178,178046,178048,ARG,ASP
14179,178058,178060,ASP,GLY
14180,178065,178067,GLY,ASN
14181,178079,178081,ASN,HYP
14182,178094,178096,HYP,GLY
14183,178101,178103,GLY,SER
14184,178112,178114,SER,ASP
14185,178124,178126,ASP,GLY
14186,178131,178133,GLY,PRO
14187,178145,178147,PRO,HYP
14188,178160,178162,HYP,GLY
14189,178167,178169,GLY,ARG
14190,178191,178193,ARG,ASP
14191,178203,178205,ASP,GLY
14192,178210,178212,GLY,GLN
14193,178227,178229,GLN,HYP
14194,178242,178244,HYP,GLY
14195,178249,178251,GLY,HIS
14196,178266,178268,HIS,LYS
14197,178288,178290,LYS,GLY
14198,178295,178297,GLY,GLU
14199,178310,178312,GLU,ARG
14200,178334,178336,ARG,GLY
14201,178341,178343,GLY,DO2
14202,178362,178364,DO2,HYP
14203,178377,178379,HYP,GLY
14204,178384,178386,GLY,ASN
14205,178398,178400,ASN,ILE
14206,178417,178419,ILE,GLY
14207,178424,178426,GLY,PRO
14208,178438,178440,PRO,THR
14209,178452,178454,THR,GLY
14210,178459,178461,GLY,ALA
14211,178488,178490,GLY,DO1
14212,178509,178511,DO1,ALA
14213,178519,178521,ALA,GLY
14214,178526,178528,GLY,PRO
14215,178540,178542,PRO,HYP
14216,178555,178557,HYP,GLY
14217,178562,178564,GLY,ALA
14218,178572,178574,ALA,ASP
14219,178584,178586,ASP,GLY
14220,178591,178593,GLY,GLN
14221,178608,178610,GLN,HYP
14222,178623,178625,HYP,GLY
14223,178630,178632,GLY,ALA
14224,178640,178642,ALA,LYS
14225,178662,178664,LYS,GLY
14226,178669,178671,GLY,GLU
14227,178684,178686,GLU,PRO
14228,178698,178700,PRO,GLY
14229,178705,178707,GLY,ASP
14230,178717,178719,ASP,THR
14231,178731,178733,THR,GLY
14232,178738,178740,GLY,VAL
14233,178754,178756,VAL,LYS
14234,178776,178778,LYS,GLY
14235,178783,178785,GLY,ASP
14236,178795,178797,ASP,ALA
14237,178805,178807,ALA,GLY
14238,178812,178814,GLY,PRO
14239,178826,178828,PRO,HYP
14240,178841,178843,HYP,GLY
14241,178848,178850,GLY,PRO
14242,178862,178864,PRO,ALA
14243,178872,178874,ALA,GLY
14244,178879,178881,GLY,PRO
14245,178893,178895,PRO,ALA
14246,178903,178905,ALA,GLY
14247,178910,178912,GLY,PRO
14248,178924,178926,PRO,HYP
14249,178939,178941,HYP,GLY
14250,178946,178948,GLY,PRO
14251,178960,178962,PRO,ILE
14252,178979,178981,ILE,GLY
14253,178986,178988,GLY,ASN
14254,179000,179002,ASN,VAL
14255,179016,179018,VAL,GLY
14256,179023,179025,GLY,ALA
14257,179033,179035,ALA,HYP
14258,179048,179050,HYP,GLY
14259,179055,179057,GLY,PRO
14260,179069,179071,PRO,LYS
14261,179091,179093,LYS,GLY
14262,179098,179100,GLY,SER
14263,179109,179111,SER,ARG
14264,179133,179135,ARG,GLY
14265,179140,179142,GLY,ALA
14266,179150,179152,ALA,ALA
14267,179160,179162,ALA,GLY
14268,179167,179169,GLY,PRO
14269,179181,179183,PRO,HYP
14270,179196,179198,HYP,GLY
14271,179203,179205,GLY,ALA
14272,179213,179215,ALA,THR
14273,179227,179229,THR,GLY
14274,179234,179236,GLY,DO1
14275,179255,179257,DO1,HYP
14276,179270,179272,HYP,GLY
14277,179277,179279,GLY,ALA
14278,179287,179289,ALA,ALA
14279,179297,179299,ALA,GLY
14280,179304,179306,GLY,ARG
14281,179328,179330,ARG,VAL
14282,179344,179346,VAL,GLY
14283,179351,179353,GLY,PRO
14284,179365,179367,PRO,HYP
14285,179380,179382,HYP,GLY
14286,179387,179389,GLY,PRO
14287,179401,179403,PRO,SER
14288,179412,179414,SER,GLY
14289,179419,179421,GLY,ASN
14290,179433,179435,ASN,ALA
14291,179443,179445,ALA,GLY
14292,179450,179452,GLY,PRO
14293,179464,179466,PRO,HYP
14294,179479,179481,HYP,GLY
14295,179486,179488,GLY,PRO
14296,179500,179502,PRO,HYP
14297,179515,179517,HYP,GLY
14298,179522,179524,GLY,PRO
14299,179536,179538,PRO,VAL
14300,179552,179554,VAL,GLY
14301,179559,179561,GLY,LYS
14302,179581,179583,LYS,GLU
14303,179596,179598,GLU,GLY
14304,179603,179605,GLY,GLY
14305,179610,179612,GLY,LYS
14306,179632,179634,LYS,GLY
14307,179639,179641,GLY,PRO
14308,179653,179655,PRO,ARG
14309,179677,179679,ARG,GLY
14310,179684,179686,GLY,GLU
14311,179699,179701,GLU,THR
14312,179713,179715,THR,GLY
14313,179720,179722,GLY,PRO
14314,179734,179736,PRO,ALA
14315,179744,179746,ALA,GLY
14316,179751,179753,GLY,ARG
14317,179775,179777,ARG,HYP
14318,179790,179792,HYP,GLY
14319,179797,179799,GLY,GLU
14320,179812,179814,GLU,VAL
14321,179828,179830,VAL,GLY
14322,179835,179837,GLY,PRO
14323,179849,179851,PRO,PRO
14324,179863,179865,PRO,GLY
14325,179870,179872,GLY,PRO
14326,179884,179886,PRO,HYP
14327,179899,179901,HYP,GLY
14328,179906,179908,GLY,PRO
14329,179920,179922,PRO,ALA
14330,179930,179932,ALA,GLY
14331,179937,179939,GLY,GLU
14332,179952,179954,GLU,LYS
14333,179974,179976,LYS,GLY
14334,179981,179983,GLY,SER
14335,179992,179994,SER,HYP
14336,180007,180009,HYP,GLY
14337,180014,180016,GLY,ALA
14338,180024,180026,ALA,ASP
14339,180036,180038,ASP,GLY
14340,180043,180045,GLY,PRO
14341,180057,180059,PRO,ALA
14342,180067,180069,ALA,GLY
14343,180074,180076,GLY,SER
14344,180085,180087,SER,HYP
14345,180100,180102,HYP,GLY
14346,180107,180109,GLY,THR
14347,180121,180123,THR,PRO
14348,180135,180137,PRO,GLY
14349,180142,180144,GLY,PRO
14350,180156,180158,PRO,GLN
14351,180173,180175,GLN,GLY
14352,180180,180182,GLY,ILE
14353,180199,180201,ILE,ALA
14354,180209,180211,ALA,GLY
14355,180216,180218,GLY,GLN
14356,180233,180235,GLN,ARG
14357,180257,180259,ARG,GLY
14358,180264,180266,GLY,VAL
14359,180280,180282,VAL,VAL
14360,180296,180298,VAL,GLY
14361,180303,180305,GLY,LEU
14362,180322,180324,LEU,HYP
14363,180337,180339,HYP,GLY
14364,180344,180346,GLY,GLN
14365,180361,180363,GLN,ARG
14366,180385,180387,ARG,GLY
14367,180392,180394,GLY,GLU
14368,180407,180409,GLU,ARG
14369,180431,180433,ARG,GLY
14370,180438,180440,GLY,DO1
14371,180459,180461,DO1,HYP
14372,180474,180476,HYP,GLY
14373,180481,180483,GLY,LEU
14374,180500,180502,LEU,HYP
14375,180515,180517,HYP,GLY
14376,180522,180524,GLY,PRO
14377,180536,180538,PRO,SER
14378,180547,180549,SER,GLY
14379,180554,180556,GLY,GLU
14380,180569,180571,GLU,HYP
14381,180584,180586,HYP,GLY
14382,180591,180593,GLY,LYS
14383,180613,180615,LYS,GLN
14384,180630,180632,GLN,GLY
14385,180637,180639,GLY,PRO
14386,180651,180653,PRO,SER
14387,180662,180664,SER,GLY
14388,180669,180671,GLY,ALA
14389,180679,180681,ALA,SER
14390,180690,180692,SER,GLY
14391,180697,180699,GLY,GLU
14392,180712,180714,GLU,ARG
14393,180736,180738,ARG,GLY
14394,180743,180745,GLY,PRO
14395,180757,180759,PRO,HYP
14396,180772,180774,HYP,GLY
14397,180779,180781,GLY,PRO
14398,180793,180795,PRO,MET
14399,180810,180812,MET,GLY
14400,180817,180819,GLY,PRO
14401,180831,180833,PRO,HYP
14402,180846,180848,HYP,GLY
14403,180853,180855,GLY,LEU
14404,180872,180874,LEU,ALA
14405,180882,180884,ALA,GLY
14406,180889,180891,GLY,PRO
14407,180903,180905,PRO,HYP
14408,180918,180920,HYP,GLY
14409,180925,180927,GLY,GLU
14410,180940,180942,GLU,SER
14411,180951,180953,SER,GLY
14412,180958,180960,GLY,ARG
14413,180982,180984,ARG,GLU
14414,180997,180999,GLU,GLY
14415,181004,181006,GLY,SER
14416,181015,181017,SER,HYP
14417,181030,181032,HYP,GLY
14418,181037,181039,GLY,ALA
14419,181047,181049,ALA,GLU
14420,181062,181064,GLU,GLY
14421,181069,181071,GLY,SER
14422,181080,181082,SER,HYP
14423,181095,181097,HYP,GLY
14424,181102,181104,GLY,ARG
14425,181126,181128,ARG,ASP
14426,181138,181140,ASP,GLY
14427,181145,181147,GLY,ALA
14428,181155,181157,ALA,PRO
14429,181169,181171,PRO,GLY
14430,181176,181178,GLY,ALA
14431,181186,181188,ALA,LYS
14432,181208,181210,LYS,GLY
14433,181215,181217,GLY,ASP
14434,181227,181229,ASP,ARG
14435,181251,181253,ARG,GLY
14436,181258,181260,GLY,GLU
14437,181273,181275,GLU,THR
14438,181287,181289,THR,GLY
14439,181294,181296,GLY,PRO
14440,181308,181310,PRO,ALA
14441,181318,181320,ALA,GLY
14442,181325,181327,GLY,PRO
14443,181339,181341,PRO,HYP
14444,181354,181356,HYP,GLY
14445,181383,181385,ALA,GLY
14446,181390,181392,GLY,VAL
14447,181406,181408,VAL,MET
14448,181423,181425,MET,GLY
14449,181430,181432,GLY,DO1
14450,181451,181453,DO1,HYP
14451,181466,181468,HYP,GLY
14452,181473,181475,GLY,PRO
14453,181487,181489,PRO,LYS
14454,181509,181511,LYS,GLY
14455,181516,181518,GLY,THR
14456,181530,181532,THR,ALA
14457,181540,181542,ALA,GLY
14458,181547,181549,GLY,GLU
14459,181562,181564,GLU,HYP
14460,181577,181579,HYP,GLY
14461,181584,181586,GLY,LYS
14462,181606,181608,LYS,ALA
14463,181616,181618,ALA,GLY
14464,181623,181625,GLY,GLU
14465,181638,181640,GLU,ARG
14466,181662,181664,ARG,GLY
14467,181669,181671,GLY,VAL
14468,181685,181687,VAL,HYP
14469,181700,181702,HYP,GLY
14470,181707,181709,GLY,PRO
14471,181721,181723,PRO,HYP
14472,181736,181738,HYP,GLY
14473,181743,181745,GLY,ALA
14474,181753,181755,ALA,VAL
14475,181769,181771,VAL,GLY
14476,181776,181778,GLY,PRO
14477,181790,181792,PRO,ALA
14478,181800,181802,ALA,GLY
14479,181807,181809,GLY,LYS
14480,181829,181831,LYS,ASP
14481,181841,181843,ASP,GLY
14482,181848,181850,GLY,GLU
14483,181863,181865,GLU,ALA
14484,181873,181875,ALA,GLY
14485,181880,181882,GLY,ALA
14486,181890,181892,ALA,GLN
14487,181907,181909,GLN,GLY
14488,181914,181916,GLY,ALA
14489,181924,181926,ALA,HYP
14490,181939,181941,HYP,GLY
14491,181946,181948,GLY,PRO
14492,181960,181962,PRO,ALA
14493,181970,181972,ALA,GLY
14494,181977,181979,GLY,PRO
14495,181991,181993,PRO,ALA
14496,182001,182003,ALA,GLY
14497,182008,182010,GLY,GLU
14498,182023,182025,GLU,ARG
14499,182047,182049,ARG,GLY
14500,182054,182056,GLY,GLU
14501,182069,182071,GLU,GLN
14502,182086,182088,GLN,GLY
14503,182093,182095,GLY,PRO
14504,182107,182109,PRO,ALA
14505,182117,182119,ALA,GLY
14506,182124,182126,GLY,SER
14507,182135,182137,SER,HYP
14508,182150,182152,HYP,GLY
14509,182157,182159,GLY,DO1
14510,182178,182180,DO1,GLN
14511,182195,182197,GLN,GLY
14512,182202,182204,GLY,LEU
14513,182221,182223,LEU,HYP
14514,182236,182238,HYP,GLY
14515,182243,182245,GLY,PRO
14516,182257,182259,PRO,ALA
14517,182267,182269,ALA,GLY
14518,182274,182276,GLY,PRO
14519,182288,182290,PRO,HYP
14520,182303,182305,HYP,GLY
14521,182310,182312,GLY,GLU
14522,182325,182327,GLU,ALA
14523,182335,182337,ALA,GLY
14524,182342,182344,GLY,LYS
14525,182364,182366,LYS,HYP
14526,182379,182381,HYP,GLY
14527,182386,182388,GLY,GLU
14528,182401,182403,GLU,GLN
14529,182418,182420,GLN,GLY
14530,182425,182427,GLY,VAL
14531,182441,182443,VAL,HYP
14532,182456,182458,HYP,GLY
14533,182463,182465,GLY,ASP
14534,182475,182477,ASP,LEU
14535,182494,182496,LEU,GLY
14536,182501,182503,GLY,ALA
14537,182511,182513,ALA,HYP
14538,182526,182528,HYP,GLY
14539,182533,182535,GLY,PRO
14540,182547,182549,PRO,SER
14541,182558,182560,SER,GLY
14542,182565,182567,GLY,ALA
14543,182575,182577,ALA,ARG
14544,182599,182601,ARG,GLY
14545,182606,182608,GLY,GLU
14546,182621,182623,GLU,ARG
14547,182645,182647,ARG,GLY
14548,182652,182654,GLY,DO1
14549,182673,182675,DO1,HYP
14550,182688,182690,HYP,GLY
14551,182695,182697,GLY,GLU
14552,182710,182712,GLU,ARG
14553,182734,182736,ARG,GLY
14554,182741,182743,GLY,VAL
14555,182757,182759,VAL,GLN
14556,182774,182776,GLN,GLY
14557,182781,182783,GLY,PRO
14558,182795,182797,PRO,HYP
14559,182810,182812,HYP,GLY
14560,182817,182819,GLY,PRO
14561,182831,182833,PRO,ALA
14562,182841,182843,ALA,GLY
14563,182848,182850,GLY,PRO
14564,182862,182864,PRO,ARG
14565,182886,182888,ARG,GLY
14566,182893,182895,GLY,ASN
14567,182907,182909,ASN,ASN
14568,182921,182923,ASN,GLY
14569,182928,182930,GLY,ALA
14570,182938,182940,ALA,HYP
14571,182953,182955,HYP,GLY
14572,182960,182962,GLY,ASN
14573,182974,182976,ASN,ASP
14574,182986,182988,ASP,GLY
14575,182993,182995,GLY,ALA
14576,183003,183005,ALA,LYS
14577,183025,183027,LYS,GLY
14578,183032,183034,GLY,ASP
14579,183044,183046,ASP,THR
14580,183058,183060,THR,GLY
14581,183065,183067,GLY,ALA
14582,183075,183077,ALA,HYP
14583,183090,183092,HYP,GLY
14584,183097,183099,GLY,ALA
14585,183107,183109,ALA,HYP
14586,183122,183124,HYP,GLY
14587,183129,183131,GLY,SER
14588,183140,183142,SER,GLN
14589,183157,183159,GLN,GLY
14590,183164,183166,GLY,ALA
14591,183174,183176,ALA,HYP
14592,183189,183191,HYP,GLY
14593,183196,183198,GLY,LEU
14594,183215,183217,LEU,GLN
14595,183232,183234,GLN,GLY
14596,183239,183241,GLY,MET
14597,183256,183258,MET,HYP
14598,183271,183273,HYP,GLY
14599,183278,183280,GLY,GLU
14600,183293,183295,GLU,ARG
14601,183317,183319,ARG,GLY
14602,183324,183326,GLY,ALA
14603,183334,183336,ALA,ALA
14604,183344,183346,ALA,GLY
14605,183351,183353,GLY,LEU
14606,183370,183372,LEU,HYP
14607,183385,183387,HYP,GLY
14608,183392,183394,GLY,PRO
14609,183406,183408,PRO,LYS
14610,183428,183430,LYS,GLY
14611,183435,183437,GLY,ASP
14612,183447,183449,ASP,ARG
14613,183471,183473,ARG,GLY
14614,183478,183480,GLY,ASP
14615,183490,183492,ASP,ALA
14616,183500,183502,ALA,GLY
14617,183507,183509,GLY,PRO
14618,183521,183523,PRO,LYS
14619,183543,183545,LYS,GLY
14620,183550,183552,GLY,ALA
14621,183560,183562,ALA,ASP
14622,183572,183574,ASP,GLY
14623,183579,183581,GLY,SER
14624,183590,183592,SER,HYP
14625,183605,183607,HYP,GLY
14626,183612,183614,GLY,LYS
14627,183634,183636,LYS,ASP
14628,183646,183648,ASP,GLY
14629,183653,183655,GLY,VAL
14630,183669,183671,VAL,ARG
14631,183693,183695,ARG,GLY
14632,183700,183702,GLY,LEU
14633,183719,183721,LEU,THR
14634,183733,183735,THR,GLY
14635,183740,183742,GLY,PRO
14636,183754,183756,PRO,ILE
14637,183773,183775,ILE,GLY
14638,183780,183782,GLY,PRO
14639,183794,183796,PRO,HYP
14640,183809,183811,HYP,GLY
14641,183816,183818,GLY,PRO
14642,183830,183832,PRO,ALA
14643,183840,183842,ALA,GLY
14644,183847,183849,GLY,ALA
14645,183857,183859,ALA,HYP
14646,183872,183874,HYP,GLY
14647,183879,183881,GLY,ASP
14648,183891,183893,ASP,LYS
14649,183913,183915,LYS,GLY
14650,183920,183922,GLY,GLU
14651,183935,183937,GLU,THR
14652,183949,183951,THR,GLY
14653,183956,183958,GLY,PRO
14654,183970,183972,PRO,SER
14655,183981,183983,SER,GLY
14656,183988,183990,GLY,PRO
14657,184002,184004,PRO,ALA
14658,184012,184014,ALA,GLY
14659,184019,184021,GLY,PRO
14660,184033,184035,PRO,THR
14661,184047,184049,THR,GLY
14662,184054,184056,GLY,ALA
14663,184064,184066,ALA,ARG
14664,184088,184090,ARG,GLY
14665,184095,184097,GLY,ALA
14666,184105,184107,ALA,HYP
14667,184120,184122,HYP,GLY
14668,184127,184129,GLY,ASP
14669,184139,184141,ASP,ARG
14670,184163,184165,ARG,GLY
14671,184170,184172,GLY,GLU
14672,184185,184187,GLU,HYP
14673,184200,184202,HYP,GLY
14674,184207,184209,GLY,PRO
14675,184221,184223,PRO,HYP
14676,184236,184238,HYP,GLY
14677,184243,184245,GLY,PRO
14678,184257,184259,PRO,ALA
14679,184267,184269,ALA,GLY
14680,184274,184276,GLY,DO1
14681,184322,184324,GLU,ALA
14682,184332,184334,ALA,GLY
14683,184339,184341,GLY,ASN
14684,184353,184355,ASN,ILE
14685,184372,184374,ILE,GLY
14686,184379,184381,GLY,DO2
14687,184400,184402,DO2,HYP
14688,184415,184417,HYP,GLY
14689,184422,184424,GLY,PRO
14690,184436,184438,PRO,LYS
14691,184458,184460,LYS,GLY
14692,184465,184467,GLY,PRO
14693,184479,184481,PRO,SER
14694,184490,184492,SER,GLY
14695,184497,184499,GLY,ASP
14696,184509,184511,ASP,HYP
14697,184524,184526,HYP,GLY
14698,184531,184533,GLY,LYS
14699,184553,184555,LYS,HYP
14700,184568,184570,HYP,GLY
14701,184575,184577,GLY,GLU
14702,184590,184592,GLU,LYS
14703,184612,184614,LYS,GLY
14704,184619,184621,GLY,HIS
14705,184636,184638,HIS,HYP
14706,184651,184653,HYP,GLY
14707,184658,184660,GLY,LEU
14708,184677,184679,LEU,ALA
14709,184687,184689,ALA,GLY
14710,184694,184696,GLY,ALA
14711,184704,184706,ALA,ARG
14712,184728,184730,ARG,GLY
14713,184735,184737,GLY,ALA
14714,184745,184747,ALA,HYP
14715,184760,184762,HYP,GLY
14716,184767,184769,GLY,PRO
14717,184781,184783,PRO,ASP
14718,184793,184795,ASP,GLY
14719,184800,184802,GLY,ASN
14720,184814,184816,ASN,ASN
14721,184828,184830,ASN,GLY
14722,184835,184837,GLY,ALA
14723,184845,184847,ALA,GLN
14724,184862,184864,GLN,GLY
14725,184869,184871,GLY,PRO
14726,184883,184885,PRO,HYP
14727,184898,184900,HYP,GLY
14728,184905,184907,GLY,PRO
14729,184919,184921,PRO,GLN
14730,184936,184938,GLN,GLY
14731,184943,184945,GLY,VAL
14732,184959,184961,VAL,GLN
14733,184976,184978,GLN,GLY
14734,184983,184985,GLY,GLY
14735,184990,184992,GLY,LYS
14736,185012,185014,LYS,GLY
14737,185019,185021,GLY,GLU
14738,185034,185036,GLU,GLN
14739,185051,185053,GLN,GLY
14740,185058,185060,GLY,PRO
14741,185072,185074,PRO,ALA
14742,185082,185084,ALA,GLY
14743,185089,185091,GLY,PRO
14744,185103,185105,PRO,HYP
14745,185118,185120,HYP,GLY
14746,185125,185127,GLY,DO1
14747,185146,185148,DO1,GLN
14748,185163,185165,GLN,GLY
14749,185170,185172,GLY,LEU
14750,185189,185191,LEU,HYP
14751,185204,185206,HYP,GLY
14752,185211,185213,GLY,PRO
14753,185225,185227,PRO,SER
14754,185236,185238,SER,GLY
14755,185243,185245,GLY,THR
14756,185257,185259,THR,ALA
14757,185267,185269,ALA,GLY
14758,185274,185276,GLY,GLU
14759,185289,185291,GLU,VAL
14760,185305,185307,VAL,GLY
14761,185312,185314,GLY,LYS
14762,185334,185336,LYS,HYP
14763,185349,185351,HYP,GLY
14764,185356,185358,GLY,GLU
14765,185371,185373,GLU,ARG
14766,185395,185397,ARG,GLY
14767,185402,185404,GLY,LEU
14768,185421,185423,LEU,HYP
14769,185436,185438,HYP,GLY
14770,185443,185445,GLY,GLU
14771,185458,185460,GLU,DO2
14772,185479,185481,DO2,GLY
14773,185486,185488,GLY,LEU
14774,185505,185507,LEU,HYP
14775,185520,185522,HYP,GLY
14776,185527,185529,GLY,PRO
14777,185541,185543,PRO,ALA
14778,185551,185553,ALA,GLY
14779,185558,185560,GLY,PRO
14780,185572,185574,PRO,ARG
14781,185596,185598,ARG,GLY
14782,185603,185605,GLY,GLU
14783,185618,185620,GLU,ARG
14784,185642,185644,ARG,GLY
14785,185649,185651,GLY,PRO
14786,185663,185665,PRO,HYP
14787,185678,185680,HYP,GLY
14788,185685,185687,GLY,GLU
14789,185700,185702,GLU,SER
14790,185711,185713,SER,GLY
14791,185718,185720,GLY,ALA
14792,185728,185730,ALA,ALA
14793,185738,185740,ALA,GLY
14794,185745,185747,GLY,PRO
14795,185759,185761,PRO,SER
14796,185770,185772,SER,GLY
14797,185777,185779,GLY,PRO
14798,185791,185793,PRO,ILE
14799,185810,185812,ILE,GLY
14800,185817,185819,GLY,ILE
14801,185836,185838,ILE,ARG
14802,185860,185862,ARG,GLY
14803,185867,185869,GLY,PRO
14804,185881,185883,PRO,SER
14805,185892,185894,SER,GLY
14806,185899,185901,GLY,ALA
14807,185909,185911,ALA,HYP
14808,185924,185926,HYP,GLY
14809,185931,185933,GLY,PRO
14810,185945,185947,PRO,ASP
14811,185957,185959,ASP,GLY
14812,185964,185966,GLY,ASN
14813,185978,185980,ASN,LYS
14814,186000,186002,LYS,GLY
14815,186007,186009,GLY,GLU
14816,186022,186024,GLU,ALA
14817,186032,186034,ALA,GLY
14818,186039,186041,GLY,ALA
14819,186049,186051,ALA,VAL
14820,186065,186067,VAL,GLY
14821,186072,186074,GLY,ALA
14822,186082,186084,ALA,HYP
14823,186097,186099,HYP,GLY
14824,186104,186106,GLY,SER
14825,186115,186117,SER,ALA
14826,186125,186127,ALA,GLY
14827,186132,186134,GLY,ALA
14828,186142,186144,ALA,SER
14829,186153,186155,SER,GLY
14830,186160,186162,GLY,PRO
14831,186174,186176,PRO,GLY
14832,186181,186183,GLY,GLY
14833,186188,186190,GLY,LEU
14834,186207,186209,LEU,HYP
14835,186222,186224,HYP,GLY
14836,186229,186231,GLY,GLU
14837,186244,186246,GLU,ARG
14838,186268,186270,ARG,GLY
14839,186275,186277,GLY,ALA
14840,186285,186287,ALA,ALA
14841,186295,186297,ALA,GLY
14842,186302,186304,GLY,ILE
14843,186321,186323,ILE,HYP
14844,186336,186338,HYP,GLY
14845,186343,186345,GLY,GLY
14846,186350,186352,GLY,LYS
14847,186372,186374,LYS,GLY
14848,186379,186381,GLY,GLU
14849,186394,186396,GLU,LYS
14850,186416,186418,LYS,GLY
14851,186423,186425,GLY,GLU
14852,186438,186440,GLU,THR
14853,186452,186454,THR,GLY
14854,186459,186461,GLY,LEU
14855,186478,186480,LEU,ARG
14856,186502,186504,ARG,GLY
14857,186509,186511,GLY,GLU
14858,186524,186526,GLU,ILE
14859,186543,186545,ILE,GLY
14860,186550,186552,GLY,ASN
14861,186564,186566,ASN,HYP
14862,186579,186581,HYP,GLY
14863,186586,186588,GLY,ARG
14864,186610,186612,ARG,ASP
14865,186622,186624,ASP,GLY
14866,186629,186631,GLY,ALA
14867,186639,186641,ALA,ARG
14868,186663,186665,ARG,GLY
14869,186670,186672,GLY,ALA
14870,186680,186682,ALA,HYP
14871,186695,186697,HYP,GLY
14872,186702,186704,GLY,ALA
14873,186712,186714,ALA,ILE
14874,186731,186733,ILE,GLY
14875,186738,186740,GLY,ALA
14876,186748,186750,ALA,HYP
14877,186763,186765,HYP,GLY
14878,186770,186772,GLY,PRO
14879,186784,186786,PRO,ALA
14880,186794,186796,ALA,GLY
14881,186801,186803,GLY,ALA
14882,186811,186813,ALA,SER
14883,186822,186824,SER,GLY
14884,186829,186831,GLY,ASP
14885,186841,186843,ASP,ARG
14886,186865,186867,ARG,GLY
14887,186872,186874,GLY,GLU
14888,186887,186889,GLU,ALA
14889,186897,186899,ALA,GLY
14890,186904,186906,GLY,ALA
14891,186914,186916,ALA,ALA
14892,186924,186926,ALA,GLY
14893,186931,186933,GLY,PRO
14894,186945,186947,PRO,SER
14895,186956,186958,SER,GLY
14896,186963,186965,GLY,PRO
14897,186977,186979,PRO,ALA
14898,186987,186989,ALA,GLY
14899,186994,186996,GLY,PRO
14900,187008,187010,PRO,ARG
14901,187032,187034,ARG,GLY
14902,187039,187041,GLY,SER
14903,187050,187052,SER,HYP
14904,187065,187067,HYP,GLY
14905,187072,187074,GLY,GLU
14906,187087,187089,GLU,ARG
14907,187111,187113,ARG,GLY
14908,187118,187120,GLY,GLU
14909,187133,187135,GLU,VAL
14910,187149,187151,VAL,GLY
14911,187156,187158,GLY,PRO
14912,187170,187172,PRO,ALA
14913,187180,187182,ALA,GLY
14914,187187,187189,GLY,PRO
14915,187201,187203,PRO,ASN
14916,187215,187217,ASN,GLY
14917,187222,187224,GLY,DO2
14918,187272,187274,GLN,ALA
14919,187282,187284,ALA,GLY
14920,187289,187291,GLY,VAL
14921,187305,187307,VAL,MET
14922,187322,187324,MET,GLY
14923,187329,187331,GLY,DO2
14924,187350,187352,DO2,HYP
14925,187365,187367,HYP,GLY
14926,187372,187374,GLY,PRO
14927,187386,187388,PRO,LYS
14928,187408,187410,LYS,GLY
14929,187415,187417,GLY,THR
14930,187429,187431,THR,ALA
14931,187439,187441,ALA,GLY
14932,187446,187448,GLY,GLU
14933,187461,187463,GLU,HYP
14934,187476,187478,HYP,GLY
14935,187483,187485,GLY,LYS
14936,187505,187507,LYS,ALA
14937,187515,187517,ALA,GLY
14938,187522,187524,GLY,GLU
14939,187537,187539,GLU,ARG
14940,187561,187563,ARG,GLY
14941,187568,187570,GLY,VAL
14942,187584,187586,VAL,HYP
14943,187599,187601,HYP,GLY
14944,187606,187608,GLY,PRO
14945,187620,187622,PRO,HYP
14946,187635,187637,HYP,GLY
14947,187642,187644,GLY,ALA
14948,187652,187654,ALA,VAL
14949,187668,187670,VAL,GLY
14950,187675,187677,GLY,PRO
14951,187689,187691,PRO,ALA
14952,187699,187701,ALA,GLY
14953,187706,187708,GLY,LYS
14954,187728,187730,LYS,ASP
14955,187740,187742,ASP,GLY
14956,187747,187749,GLY,GLU
14957,187762,187764,GLU,ALA
14958,187772,187774,ALA,GLY
14959,187779,187781,GLY,ALA
14960,187789,187791,ALA,GLN
14961,187806,187808,GLN,GLY
14962,187813,187815,GLY,ALA
14963,187823,187825,ALA,HYP
14964,187838,187840,HYP,GLY
14965,187845,187847,GLY,PRO
14966,187859,187861,PRO,ALA
14967,187869,187871,ALA,GLY
14968,187876,187878,GLY,PRO
14969,187890,187892,PRO,ALA
14970,187900,187902,ALA,GLY
14971,187907,187909,GLY,GLU
14972,187922,187924,GLU,ARG
14973,187946,187948,ARG,GLY
14974,187953,187955,GLY,GLU
14975,187968,187970,GLU,GLN
14976,187985,187987,GLN,GLY
14977,187992,187994,GLY,PRO
14978,188006,188008,PRO,ALA
14979,188016,188018,ALA,GLY
14980,188023,188025,GLY,SER
14981,188034,188036,SER,HYP
14982,188049,188051,HYP,GLY
14983,188056,188058,GLY,DO2
14984,188077,188079,DO2,GLN
14985,188094,188096,GLN,GLY
14986,188101,188103,GLY,LEU
14987,188120,188122,LEU,HYP
14988,188135,188137,HYP,GLY
14989,188142,188144,GLY,PRO
14990,188156,188158,PRO,ALA
14991,188166,188168,ALA,GLY
14992,188173,188175,GLY,PRO
14993,188187,188189,PRO,HYP
14994,188202,188204,HYP,GLY
14995,188209,188211,GLY,GLU
14996,188224,188226,GLU,ALA
14997,188234,188236,ALA,GLY
14998,188241,188243,GLY,LYS
14999,188263,188265,LYS,HYP
15000,188278,188280,HYP,GLY
15001,188285,188287,GLY,GLU
15002,188300,188302,GLU,GLN
15003,188317,188319,GLN,GLY
15004,188324,188326,GLY,VAL
15005,188340,188342,VAL,HYP
15006,188355,188357,HYP,GLY
15007,188362,188364,GLY,ASP
15008,188374,188376,ASP,LEU
15009,188393,188395,LEU,GLY
15010,188400,188402,GLY,ALA
15011,188410,188412,ALA,HYP
15012,188425,188427,HYP,GLY
15013,188432,188434,GLY,PRO
15014,188446,188448,PRO,SER
15015,188457,188459,SER,GLY
15016,188464,188466,GLY,ALA
15017,188474,188476,ALA,ARG
15018,188498,188500,ARG,GLY
15019,188505,188507,GLY,GLU
15020,188520,188522,GLU,ARG
15021,188544,188546,ARG,GLY
15022,188551,188553,GLY,DO1
15023,188572,188574,DO1,HYP
15024,188587,188589,HYP,GLY
15025,188594,188596,GLY,GLU
15026,188609,188611,GLU,ARG
15027,188633,188635,ARG,GLY
15028,188640,188642,GLY,VAL
15029,188656,188658,VAL,GLN
15030,188673,188675,GLN,GLY
15031,188680,188682,GLY,PRO
15032,188694,188696,PRO,HYP
15033,188709,188711,HYP,GLY
15034,188716,188718,GLY,PRO
15035,188730,188732,PRO,ALA
15036,188740,188742,ALA,GLY
15037,188747,188749,GLY,PRO
15038,188761,188763,PRO,ARG
15039,188785,188787,ARG,GLY
15040,188792,188794,GLY,ASN
15041,188806,188808,ASN,ASN
15042,188820,188822,ASN,GLY
15043,188827,188829,GLY,ALA
15044,188837,188839,ALA,HYP
15045,188852,188854,HYP,GLY
15046,188859,188861,GLY,ASN
15047,188873,188875,ASN,ASP
15048,188885,188887,ASP,GLY
15049,188892,188894,GLY,ALA
15050,188902,188904,ALA,LYS
15051,188924,188926,LYS,GLY
15052,188931,188933,GLY,ASP
15053,188943,188945,ASP,THR
15054,188957,188959,THR,GLY
15055,188964,188966,GLY,ALA
15056,188974,188976,ALA,HYP
15057,188989,188991,HYP,GLY
15058,188996,188998,GLY,ALA
15059,189006,189008,ALA,HYP
15060,189021,189023,HYP,GLY
15061,189028,189030,GLY,SER
15062,189039,189041,SER,GLN
15063,189056,189058,GLN,GLY
15064,189063,189065,GLY,ALA
15065,189073,189075,ALA,HYP
15066,189088,189090,HYP,GLY
15067,189095,189097,GLY,LEU
15068,189114,189116,LEU,GLN
15069,189131,189133,GLN,GLY
15070,189138,189140,GLY,MET
15071,189155,189157,MET,HYP
15072,189170,189172,HYP,GLY
15073,189177,189179,GLY,GLU
15074,189192,189194,GLU,ARG
15075,189216,189218,ARG,GLY
15076,189223,189225,GLY,ALA
15077,189233,189235,ALA,ALA
15078,189243,189245,ALA,GLY
15079,189250,189252,GLY,LEU
15080,189269,189271,LEU,HYP
15081,189284,189286,HYP,GLY
15082,189291,189293,GLY,PRO
15083,189305,189307,PRO,LYS
15084,189327,189329,LYS,GLY
15085,189334,189336,GLY,ASP
15086,189346,189348,ASP,ARG
15087,189370,189372,ARG,GLY
15088,189377,189379,GLY,ASP
15089,189389,189391,ASP,ALA
15090,189399,189401,ALA,GLY
15091,189406,189408,GLY,PRO
15092,189420,189422,PRO,LYS
15093,189442,189444,LYS,GLY
15094,189449,189451,GLY,ALA
15095,189459,189461,ALA,ASP
15096,189471,189473,ASP,GLY
15097,189478,189480,GLY,SER
15098,189489,189491,SER,HYP
15099,189504,189506,HYP,GLY
15100,189511,189513,GLY,LYS
15101,189533,189535,LYS,ASP
15102,189545,189547,ASP,GLY
15103,189552,189554,GLY,VAL
15104,189568,189570,VAL,ARG
15105,189592,189594,ARG,GLY
15106,189599,189601,GLY,LEU
15107,189618,189620,LEU,THR
15108,189632,189634,THR,GLY
15109,189639,189641,GLY,PRO
15110,189653,189655,PRO,ILE
15111,189672,189674,ILE,GLY
15112,189679,189681,GLY,PRO
15113,189693,189695,PRO,HYP
15114,189708,189710,HYP,GLY
15115,189715,189717,GLY,PRO
15116,189729,189731,PRO,ALA
15117,189739,189741,ALA,GLY
15118,189746,189748,GLY,ALA
15119,189756,189758,ALA,HYP
15120,189771,189773,HYP,GLY
15121,189778,189780,GLY,ASP
15122,189790,189792,ASP,LYS
15123,189812,189814,LYS,GLY
15124,189819,189821,GLY,GLU
15125,189834,189836,GLU,THR
15126,189848,189850,THR,GLY
15127,189855,189857,GLY,PRO
15128,189869,189871,PRO,SER
15129,189880,189882,SER,GLY
15130,189887,189889,GLY,PRO
15131,189901,189903,PRO,ALA
15132,189911,189913,ALA,GLY
15133,189918,189920,GLY,PRO
15134,189932,189934,PRO,THR
15135,189946,189948,THR,GLY
15136,189953,189955,GLY,ALA
15137,189963,189965,ALA,ARG
15138,189987,189989,ARG,GLY
15139,189994,189996,GLY,ALA
15140,190004,190006,ALA,HYP
15141,190019,190021,HYP,GLY
15142,190026,190028,GLY,ASP
15143,190038,190040,ASP,ARG
15144,190062,190064,ARG,GLY
15145,190069,190071,GLY,GLU
15146,190084,190086,GLU,HYP
15147,190099,190101,HYP,GLY
15148,190106,190108,GLY,PRO
15149,190120,190122,PRO,HYP
15150,190135,190137,HYP,GLY
15151,190142,190144,GLY,PRO
15152,190156,190158,PRO,ALA
15153,190199,190201,DO2,HYP
15154,190214,190216,HYP,GLY
15155,190221,190223,GLY,ALA
15156,190231,190233,ALA,ALA
15157,190241,190243,ALA,GLY
15158,190248,190250,GLY,ALA
15159,190258,190260,ALA,LYS
15160,190280,190282,LYS,GLY
15161,190287,190289,GLY,GLU
15162,190302,190304,GLU,ALA
15163,190312,190314,ALA,GLY
15164,190319,190321,GLY,PRO
15165,190333,190335,PRO,GLN
15166,190350,190352,GLN,GLY
15167,190357,190359,GLY,ALA
15168,190367,190369,ALA,ARG
15169,190391,190393,ARG,GLY
15170,190398,190400,GLY,SER
15171,190409,190411,SER,GLU
15172,190424,190426,GLU,GLY
15173,190431,190433,GLY,PRO
15174,190445,190447,PRO,GLN
15175,190462,190464,GLN,GLY
15176,190469,190471,GLY,VAL
15177,190485,190487,VAL,ARG
15178,190509,190511,ARG,GLY
15179,190516,190518,GLY,GLU
15180,190531,190533,GLU,HYP
15181,190546,190548,HYP,GLY
15182,190553,190555,GLY,PRO
15183,190567,190569,PRO,HYP
15184,190582,190584,HYP,GLY
15185,190589,190591,GLY,PRO
15186,190603,190605,PRO,ALA
15187,190613,190615,ALA,GLY
15188,190620,190622,GLY,ALA
15189,190630,190632,ALA,ALA
15190,190640,190642,ALA,GLY
15191,190647,190649,GLY,PRO
15192,190661,190663,PRO,ALA
15193,190671,190673,ALA,GLY
15194,190678,190680,GLY,ASN
15195,190692,190694,ASN,HYP
15196,190707,190709,HYP,GLY
15197,190714,190716,GLY,ALA
15198,190724,190726,ALA,ASP
15199,190736,190738,ASP,GLY
15200,190743,190745,GLY,GLN
15201,190760,190762,GLN,HYP
15202,190775,190777,HYP,GLY
15203,190782,190784,GLY,ALA
15204,190792,190794,ALA,LYS
15205,190814,190816,LYS,GLY
15206,190821,190823,GLY,ALA
15207,190831,190833,ALA,ASN
15208,190845,190847,ASN,GLY
15209,190852,190854,GLY,ALA
15210,190862,190864,ALA,HYP
15211,190877,190879,HYP,GLY
15212,190884,190886,GLY,ILE
15213,190903,190905,ILE,ALA
15214,190913,190915,ALA,GLY
15215,190920,190922,GLY,ALA
15216,190930,190932,ALA,HYP
15217,190945,190947,HYP,GLY
15218,190952,190954,GLY,DO2
15219,190973,190975,DO2,HYP
15220,190988,190990,HYP,GLY
15221,190995,190997,GLY,ALA
15222,191005,191007,ALA,ARG
15223,191029,191031,ARG,GLY
15224,191036,191038,GLY,PRO
15225,191050,191052,PRO,SER
15226,191061,191063,SER,GLY
15227,191068,191070,GLY,PRO
15228,191082,191084,PRO,GLN
15229,191099,191101,GLN,GLY
15230,191106,191108,GLY,PRO
15231,191120,191122,PRO,SER
15232,191131,191133,SER,GLY
15233,191138,191140,GLY,ALA
15234,191148,191150,ALA,HYP
15235,191163,191165,HYP,GLY
15236,191170,191172,GLY,PRO
15237,191184,191186,PRO,LYS
15238,191206,191208,LYS,GLY
15239,191213,191215,GLY,ASN
15240,191227,191229,ASN,SER
15241,191238,191240,SER,GLY
15242,191245,191247,GLY,GLU
15243,191260,191262,GLU,HYP
15244,191275,191277,HYP,GLY
15245,191282,191284,GLY,ALA
15246,191292,191294,ALA,HYP
15247,191307,191309,HYP,GLY
15248,191314,191316,GLY,ASN
15249,191328,191330,ASN,LYS
15250,191350,191352,LYS,GLY
15251,191357,191359,GLY,ASP
15252,191369,191371,ASP,THR
15253,191383,191385,THR,GLY
15254,191390,191392,GLY,ALA
15255,191400,191402,ALA,LYS
15256,191422,191424,LYS,GLY
15257,191429,191431,GLY,GLU
15258,191444,191446,GLU,HYP
15259,191459,191461,HYP,GLY
15260,191466,191468,GLY,PRO
15261,191480,191482,PRO,ALA
15262,191490,191492,ALA,GLY
15263,191497,191499,GLY,VAL
15264,191513,191515,VAL,GLN
15265,191530,191532,GLN,GLY
15266,191537,191539,GLY,PRO
15267,191551,191553,PRO,HYP
15268,191566,191568,HYP,GLY
15269,191573,191575,GLY,PRO
15270,191587,191589,PRO,ALA
15271,191597,191599,ALA,GLY
15272,191604,191606,GLY,GLU
15273,191619,191621,GLU,GLU
15274,191634,191636,GLU,GLY
15275,191641,191643,GLY,LYS
15276,191663,191665,LYS,ARG
15277,191687,191689,ARG,GLY
15278,191694,191696,GLY,ALA
15279,191704,191706,ALA,ARG
15280,191728,191730,ARG,GLY
15281,191735,191737,GLY,GLU
15282,191750,191752,GLU,HYP
15283,191765,191767,HYP,GLY
15284,191772,191774,GLY,PRO
15285,191786,191788,PRO,SER
15286,191797,191799,SER,GLY
15287,191804,191806,GLY,LEU
15288,191823,191825,LEU,HYP
15289,191838,191840,HYP,GLY
15290,191845,191847,GLY,PRO
15291,191859,191861,PRO,PRO
15292,191873,191875,PRO,GLY
15293,191880,191882,GLY,GLU
15294,191895,191897,GLU,ARG
15295,191919,191921,ARG,GLY
15296,191926,191928,GLY,GLY
15297,191933,191935,GLY,HYP
15298,191948,191950,HYP,GLY
15299,191955,191957,GLY,SER
15300,191966,191968,SER,ARG
15301,191990,191992,ARG,GLY
15302,191997,191999,GLY,DO2
15303,192018,192020,DO2,HYP
15304,192033,192035,HYP,GLY
15305,192040,192042,GLY,ALA
15306,192050,192052,ALA,ASP
15307,192062,192064,ASP,GLY
15308,192069,192071,GLY,VAL
15309,192085,192087,VAL,ALA
15310,192095,192097,ALA,GLY
15311,192102,192104,GLY,PRO
15312,192116,192118,PRO,LYS
15313,192138,192140,LYS,GLY
15314,192145,192147,GLY,PRO
15315,192159,192161,PRO,ALA
15316,192169,192171,ALA,GLY
15317,192176,192178,GLY,GLU
15318,192191,192193,GLU,ARG
15319,192215,192217,ARG,GLY
15320,192222,192224,GLY,SER
15321,192233,192235,SER,HYP
15322,192248,192250,HYP,GLY
15323,192255,192257,GLY,PRO
15324,192269,192271,PRO,ALA
15325,192279,192281,ALA,GLY
15326,192286,192288,GLY,PRO
15327,192300,192302,PRO,LYS
15328,192322,192324,LYS,GLY
15329,192329,192331,GLY,SER
15330,192340,192342,SER,HYP
15331,192355,192357,HYP,GLY
15332,192362,192364,GLY,GLU
15333,192377,192379,GLU,ALA
15334,192387,192389,ALA,GLY
15335,192394,192396,GLY,ARG
15336,192418,192420,ARG,HYP
15337,192433,192435,HYP,GLY
15338,192440,192442,GLY,GLU
15339,192455,192457,GLU,ALA
15340,192465,192467,ALA,GLY
15341,192472,192474,GLY,LEU
15342,192491,192493,LEU,HYP
15343,192506,192508,HYP,GLY
15344,192513,192515,GLY,ALA
15345,192523,192525,ALA,LYS
15346,192545,192547,LYS,GLY
15347,192552,192554,GLY,LEU
15348,192571,192573,LEU,THR
15349,192585,192587,THR,GLY
15350,192592,192594,GLY,SER
15351,192603,192605,SER,HYP
15352,192618,192620,HYP,GLY
15353,192625,192627,GLY,SER
15354,192636,192638,SER,HYP
15355,192651,192653,HYP,GLY
15356,192658,192660,GLY,PRO
15357,192672,192674,PRO,ASP
15358,192684,192686,ASP,GLY
15359,192691,192693,GLY,LYS
15360,192713,192715,LYS,THR
15361,192727,192729,THR,GLY
15362,192734,192736,GLY,PRO
15363,192748,192750,PRO,HYP
15364,192763,192765,HYP,GLY
15365,192770,192772,GLY,PRO
15366,192784,192786,PRO,ALA
15367,192794,192796,ALA,GLY
15368,192801,192803,GLY,GLN
15369,192818,192820,GLN,ASP
15370,192830,192832,ASP,GLY
15371,192837,192839,GLY,ARG
15372,192861,192863,ARG,HYP
15373,192876,192878,HYP,GLY
15374,192883,192885,GLY,PRO
15375,192897,192899,PRO,ALA
15376,192907,192909,ALA,GLY
15377,192914,192916,GLY,PRO
15378,192928,192930,PRO,HYP
15379,192943,192945,HYP,GLY
15380,192950,192952,GLY,ALA
15381,192960,192962,ALA,ARG
15382,192984,192986,ARG,GLY
15383,192991,192993,GLY,GLN
15384,193027,193029,GLY,DO2
15385,193048,193050,DO2,HYP
15386,193063,193065,HYP,GLY
15387,193070,193072,GLY,ALA
15388,193080,193082,ALA,HYP
15389,193095,193097,HYP,GLY
15390,193102,193104,GLY,PRO
15391,193116,193118,PRO,LYS
15392,193138,193140,LYS,GLY
15393,193145,193147,GLY,GLU
15394,193160,193162,GLU,LEU
15395,193179,193181,LEU,GLY
15396,193186,193188,GLY,PRO
15397,193200,193202,PRO,VAL
15398,193216,193218,VAL,GLY
15399,193223,193225,GLY,ASN
15400,193237,193239,ASN,HYP
15401,193252,193254,HYP,GLY
15402,193259,193261,GLY,PRO
15403,193273,193275,PRO,ALA
15404,193283,193285,ALA,GLY
15405,193290,193292,GLY,PRO
15406,193304,193306,PRO,ALA
15407,193314,193316,ALA,GLY
15408,193321,193323,GLY,PRO
15409,193335,193337,PRO,ARG
15410,193359,193361,ARG,GLY
15411,193366,193368,GLY,GLU
15412,193381,193383,GLU,ALA
15413,193391,193393,ALA,GLY
15414,193398,193400,GLY,LEU
15415,193417,193419,LEU,HYP
15416,193432,193434,HYP,GLY
15417,193439,193441,GLY,LEU
15418,193458,193460,LEU,SER
15419,193469,193471,SER,GLY
15420,193476,193478,GLY,PRO
15421,193490,193492,PRO,VAL
15422,193506,193508,VAL,GLY
15423,193513,193515,GLY,PRO
15424,193527,193529,PRO,HYP
15425,193542,193544,HYP,GLY
15426,193549,193551,GLY,ASN
15427,193563,193565,ASN,PRO
15428,193577,193579,PRO,GLY
15429,193584,193586,GLY,ALA
15430,193594,193596,ALA,ASN
15431,193608,193610,ASN,GLY
15432,193615,193617,GLY,LEU
15433,193634,193636,LEU,THR
15434,193648,193650,THR,GLY
15435,193655,193657,GLY,ALA
15436,193665,193667,ALA,LYS
15437,193687,193689,LYS,GLY
15438,193694,193696,GLY,ALA
15439,193704,193706,ALA,THR
15440,193718,193720,THR,GLY
15441,193725,193727,GLY,LEU
15442,193744,193746,LEU,HYP
15443,193759,193761,HYP,GLY
15444,193766,193768,GLY,VAL
15445,193782,193784,VAL,ALA
15446,193792,193794,ALA,GLY
15447,193799,193801,GLY,ALA
15448,193809,193811,ALA,HYP
15449,193824,193826,HYP,GLY
15450,193831,193833,GLY,LEU
15451,193850,193852,LEU,HYP
15452,193865,193867,HYP,GLY
15453,193872,193874,GLY,PRO
15454,193886,193888,PRO,ARG
15455,193910,193912,ARG,GLY
15456,193917,193919,GLY,ILE
15457,193936,193938,ILE,HYP
15458,193951,193953,HYP,GLY
15459,193958,193960,GLY,PRO
15460,193972,193974,PRO,VAL
15461,193988,193990,VAL,GLY
15462,193995,193997,GLY,ALA
15463,194005,194007,ALA,ALA
15464,194015,194017,ALA,GLY
15465,194022,194024,GLY,ALA
15466,194032,194034,ALA,THR
15467,194046,194048,THR,GLY
15468,194053,194055,GLY,PRO
15469,194067,194069,PRO,ARG
15470,194091,194093,ARG,GLY
15471,194098,194100,GLY,LEU
15472,194117,194119,LEU,VAL
15473,194133,194135,VAL,GLY
15474,194140,194142,GLY,GLU
15475,194155,194157,GLU,HYP
15476,194170,194172,HYP,GLY
15477,194177,194179,GLY,PRO
15478,194191,194193,PRO,ALA
15479,194201,194203,ALA,GLY
15480,194208,194210,GLY,SER
15481,194219,194221,SER,LYS
15482,194241,194243,LYS,GLY
15483,194248,194250,GLY,GLU
15484,194263,194265,GLU,THR
15485,194277,194279,THR,GLY
15486,194284,194286,GLY,ASN
15487,194298,194300,ASN,LYS
15488,194320,194322,LYS,GLY
15489,194327,194329,GLY,GLU
15490,194342,194344,GLU,HYP
15491,194357,194359,HYP,GLY
15492,194364,194366,GLY,SER
15493,194375,194377,SER,ALA
15494,194385,194387,ALA,GLY
15495,194392,194394,GLY,ALA
15496,194402,194404,ALA,GLN
15497,194419,194421,GLN,GLY
15498,194426,194428,GLY,PRO
15499,194440,194442,PRO,HYP
15500,194455,194457,HYP,GLY
15501,194462,194464,GLY,PRO
15502,194476,194478,PRO,SER
15503,194487,194489,SER,GLY
15504,194494,194496,GLY,GLU
15505,194509,194511,GLU,GLU
15506,194524,194526,GLU,GLY
15507,194531,194533,GLY,LYS
15508,194553,194555,LYS,ARG
15509,194577,194579,ARG,GLY
15510,194584,194586,GLY,SER
15511,194595,194597,SER,PRO
15512,194609,194611,PRO,GLY
15513,194616,194618,GLY,GLU
15514,194631,194633,GLU,PRO
15515,194645,194647,PRO,GLY
15516,194652,194654,GLY,SER
15517,194663,194665,SER,ALA
15518,194673,194675,ALA,GLY
15519,194680,194682,GLY,PRO
15520,194694,194696,PRO,ALA
15521,194704,194706,ALA,GLY
15522,194711,194713,GLY,PRO
15523,194725,194727,PRO,HYP
15524,194740,194742,HYP,GLY
15525,194747,194749,GLY,LEU
15526,194766,194768,LEU,ARG
15527,194790,194792,ARG,GLY
15528,194797,194799,GLY,SER
15529,194808,194810,SER,HYP
15530,194823,194825,HYP,GLY
15531,194830,194832,GLY,SER
15532,194841,194843,SER,ARG
15533,194865,194867,ARG,GLY
15534,194872,194874,GLY,LEU
15535,194891,194893,LEU,HYP
15536,194906,194908,HYP,GLY
15537,194913,194915,GLY,ALA
15538,194923,194925,ALA,ASP
15539,194935,194937,ASP,GLY
15540,194942,194944,GLY,ARG
15541,194966,194968,ARG,ALA
15542,194976,194978,ALA,GLY
15543,194983,194985,GLY,VAL
15544,194999,195001,VAL,MET
15545,195016,195018,MET,GLY
15546,195023,195025,GLY,PRO
15547,195037,195039,PRO,PRO
15548,195051,195053,PRO,GLY
15549,195058,195060,GLY,ASN
15550,195072,195074,ASN,ARG
15551,195096,195098,ARG,GLY
15552,195103,195105,GLY,SER
15553,195114,195116,SER,THR
15554,195128,195130,THR,GLY
15555,195135,195137,GLY,PRO
15556,195149,195151,PRO,ALA
15557,195159,195161,ALA,GLY
15558,195166,195168,GLY,VAL
15559,195182,195184,VAL,ARG
15560,195206,195208,ARG,GLY
15561,195213,195215,GLY,PRO
15562,195227,195229,PRO,ASN
15563,195241,195243,ASN,GLY
15564,195248,195250,GLY,ASP
15565,195260,195262,ASP,ALA
15566,195270,195272,ALA,GLY
15567,195277,195279,GLY,ARG
15568,195301,195303,ARG,HYP
15569,195316,195318,HYP,GLY
15570,195323,195325,GLY,GLU
15571,195338,195340,GLU,HYP
15572,195353,195355,HYP,GLY
15573,195360,195362,GLY,LEU
15574,195379,195381,LEU,MET
15575,195396,195398,MET,GLY
15576,195403,195405,GLY,PRO
15577,195417,195419,PRO,ARG
15578,195441,195443,ARG,GLY
15579,195448,195450,GLY,LEU
15580,195467,195469,LEU,HYP
15581,195482,195484,HYP,GLY
15582,195489,195491,GLY,SER
15583,195500,195502,SER,HYP
15584,195515,195517,HYP,GLY
15585,195522,195524,GLY,ASN
15586,195536,195538,ASN,VAL
15587,195552,195554,VAL,GLY
15588,195559,195561,GLY,PRO
15589,195573,195575,PRO,ALA
15590,195583,195585,ALA,GLY
15591,195590,195592,GLY,LYS
15592,195612,195614,LYS,GLU
15593,195627,195629,GLU,GLY
15594,195634,195636,GLY,PRO
15595,195648,195650,PRO,VAL
15596,195664,195666,VAL,GLY
15597,195671,195673,GLY,LEU
15598,195690,195692,LEU,HYP
15599,195705,195707,HYP,GLY
15600,195712,195714,GLY,ILE
15601,195731,195733,ILE,ASP
15602,195743,195745,ASP,GLY
15603,195750,195752,GLY,ARG
15604,195774,195776,ARG,HYP
15605,195789,195791,HYP,GLY
15606,195796,195798,GLY,PRO
15607,195810,195812,PRO,ILE
15608,195829,195831,ILE,GLY
15609,195836,195838,GLY,PRO
15610,195850,195852,PRO,ALA
15611,195860,195862,ALA,GLY
15612,195867,195869,GLY,PRO
15613,195881,195883,PRO,ARG
15614,195905,195907,ARG,GLY
15615,195931,195933,GLY,DO2
15616,195952,195954,DO2,HYP
15617,195967,195969,HYP,GLY
15618,195974,195976,GLY,ALA
15619,195984,195986,ALA,ALA
15620,195994,195996,ALA,GLY
15621,196001,196003,GLY,ALA
15622,196011,196013,ALA,LYS
15623,196033,196035,LYS,GLY
15624,196040,196042,GLY,GLU
15625,196055,196057,GLU,ALA
15626,196065,196067,ALA,GLY
15627,196072,196074,GLY,PRO
15628,196086,196088,PRO,GLN
15629,196103,196105,GLN,GLY
15630,196110,196112,GLY,ALA
15631,196120,196122,ALA,ARG
15632,196144,196146,ARG,GLY
15633,196151,196153,GLY,SER
15634,196162,196164,SER,GLU
15635,196177,196179,GLU,GLY
15636,196184,196186,GLY,PRO
15637,196198,196200,PRO,GLN
15638,196215,196217,GLN,GLY
15639,196222,196224,GLY,VAL
15640,196238,196240,VAL,ARG
15641,196262,196264,ARG,GLY
15642,196269,196271,GLY,GLU
15643,196284,196286,GLU,HYP
15644,196299,196301,HYP,GLY
15645,196306,196308,GLY,PRO
15646,196320,196322,PRO,HYP
15647,196335,196337,HYP,GLY
15648,196342,196344,GLY,PRO
15649,196356,196358,PRO,ALA
15650,196366,196368,ALA,GLY
15651,196373,196375,GLY,ALA
15652,196383,196385,ALA,ALA
15653,196393,196395,ALA,GLY
15654,196400,196402,GLY,PRO
15655,196414,196416,PRO,ALA
15656,196424,196426,ALA,GLY
15657,196431,196433,GLY,ASN
15658,196445,196447,ASN,HYP
15659,196460,196462,HYP,GLY
15660,196467,196469,GLY,ALA
15661,196477,196479,ALA,ASP
15662,196489,196491,ASP,GLY
15663,196496,196498,GLY,GLN
15664,196513,196515,GLN,HYP
15665,196528,196530,HYP,GLY
15666,196535,196537,GLY,ALA
15667,196545,196547,ALA,LYS
15668,196567,196569,LYS,GLY
15669,196574,196576,GLY,ALA
15670,196584,196586,ALA,ASN
15671,196598,196600,ASN,GLY
15672,196605,196607,GLY,ALA
15673,196615,196617,ALA,HYP
15674,196630,196632,HYP,GLY
15675,196637,196639,GLY,ILE
15676,196656,196658,ILE,ALA
15677,196666,196668,ALA,GLY
15678,196673,196675,GLY,ALA
15679,196683,196685,ALA,HYP
15680,196698,196700,HYP,GLY
15681,196705,196707,GLY,DO1
15682,196726,196728,DO1,HYP
15683,196741,196743,HYP,GLY
15684,196748,196750,GLY,ALA
15685,196758,196760,ALA,ARG
15686,196782,196784,ARG,GLY
15687,196789,196791,GLY,PRO
15688,196803,196805,PRO,SER
15689,196814,196816,SER,GLY
15690,196821,196823,GLY,PRO
15691,196835,196837,PRO,GLN
15692,196852,196854,GLN,GLY
15693,196859,196861,GLY,PRO
15694,196873,196875,PRO,SER
15695,196884,196886,SER,GLY
15696,196891,196893,GLY,ALA
15697,196901,196903,ALA,HYP
15698,196916,196918,HYP,GLY
15699,196923,196925,GLY,PRO
15700,196937,196939,PRO,LYS
15701,196959,196961,LYS,GLY
15702,196966,196968,GLY,ASN
15703,196980,196982,ASN,SER
15704,196991,196993,SER,GLY
15705,196998,197000,GLY,GLU
15706,197013,197015,GLU,HYP
15707,197028,197030,HYP,GLY
15708,197035,197037,GLY,ALA
15709,197045,197047,ALA,HYP
15710,197060,197062,HYP,GLY
15711,197067,197069,GLY,ASN
15712,197081,197083,ASN,LYS
15713,197103,197105,LYS,GLY
15714,197110,197112,GLY,ASP
15715,197122,197124,ASP,THR
15716,197136,197138,THR,GLY
15717,197143,197145,GLY,ALA
15718,197153,197155,ALA,LYS
15719,197175,197177,LYS,GLY
15720,197182,197184,GLY,GLU
15721,197197,197199,GLU,HYP
15722,197212,197214,HYP,GLY
15723,197219,197221,GLY,PRO
15724,197233,197235,PRO,ALA
15725,197243,197245,ALA,GLY
15726,197250,197252,GLY,VAL
15727,197266,197268,VAL,GLN
15728,197283,197285,GLN,GLY
15729,197290,197292,GLY,PRO
15730,197304,197306,PRO,HYP
15731,197319,197321,HYP,GLY
15732,197326,197328,GLY,PRO
15733,197340,197342,PRO,ALA
15734,197350,197352,ALA,GLY
15735,197357,197359,GLY,GLU
15736,197372,197374,GLU,GLU
15737,197387,197389,GLU,GLY
15738,197394,197396,GLY,LYS
15739,197416,197418,LYS,ARG
15740,197440,197442,ARG,GLY
15741,197447,197449,GLY,ALA
15742,197457,197459,ALA,ARG
15743,197481,197483,ARG,GLY
15744,197488,197490,GLY,GLU
15745,197503,197505,GLU,HYP
15746,197518,197520,HYP,GLY
15747,197525,197527,GLY,PRO
15748,197539,197541,PRO,SER
15749,197550,197552,SER,GLY
15750,197557,197559,GLY,LEU
15751,197576,197578,LEU,HYP
15752,197591,197593,HYP,GLY
15753,197598,197600,GLY,PRO
15754,197612,197614,PRO,PRO
15755,197626,197628,PRO,GLY
15756,197633,197635,GLY,GLU
15757,197648,197650,GLU,ARG
15758,197672,197674,ARG,GLY
15759,197679,197681,GLY,GLY
15760,197686,197688,GLY,HYP
15761,197701,197703,HYP,GLY
15762,197708,197710,GLY,SER
15763,197719,197721,SER,ARG
15764,197743,197745,ARG,GLY
15765,197750,197752,GLY,DO1
15766,197771,197773,DO1,HYP
15767,197786,197788,HYP,GLY
15768,197793,197795,GLY,ALA
15769,197803,197805,ALA,ASP
15770,197815,197817,ASP,GLY
15771,197822,197824,GLY,VAL
15772,197838,197840,VAL,ALA
15773,197848,197850,ALA,GLY
15774,197855,197857,GLY,PRO
15775,197869,197871,PRO,LYS
15776,197891,197893,LYS,GLY
15777,197898,197900,GLY,PRO
15778,197912,197914,PRO,ALA
15779,197922,197924,ALA,GLY
15780,197929,197931,GLY,GLU
15781,197944,197946,GLU,ARG
15782,197968,197970,ARG,GLY
15783,197975,197977,GLY,SER
15784,197986,197988,SER,HYP
15785,198001,198003,HYP,GLY
15786,198008,198010,GLY,PRO
15787,198022,198024,PRO,ALA
15788,198032,198034,ALA,GLY
15789,198039,198041,GLY,PRO
15790,198053,198055,PRO,LYS
15791,198075,198077,LYS,GLY
15792,198082,198084,GLY,SER
15793,198093,198095,SER,HYP
15794,198108,198110,HYP,GLY
15795,198115,198117,GLY,GLU
15796,198130,198132,GLU,ALA
15797,198140,198142,ALA,GLY
15798,198147,198149,GLY,ARG
15799,198171,198173,ARG,HYP
15800,198186,198188,HYP,GLY
15801,198193,198195,GLY,GLU
15802,198208,198210,GLU,ALA
15803,198218,198220,ALA,GLY
15804,198225,198227,GLY,LEU
15805,198244,198246,LEU,HYP
15806,198259,198261,HYP,GLY
15807,198266,198268,GLY,ALA
15808,198276,198278,ALA,LYS
15809,198298,198300,LYS,GLY
15810,198305,198307,GLY,LEU
15811,198324,198326,LEU,THR
15812,198338,198340,THR,GLY
15813,198345,198347,GLY,SER
15814,198356,198358,SER,HYP
15815,198371,198373,HYP,GLY
15816,198378,198380,GLY,SER
15817,198389,198391,SER,HYP
15818,198404,198406,HYP,GLY
15819,198411,198413,GLY,PRO
15820,198425,198427,PRO,ASP
15821,198437,198439,ASP,GLY
15822,198444,198446,GLY,LYS
15823,198466,198468,LYS,THR
15824,198480,198482,THR,GLY
15825,198487,198489,GLY,PRO
15826,198501,198503,PRO,HYP
15827,198516,198518,HYP,GLY
15828,198523,198525,GLY,PRO
15829,198537,198539,PRO,ALA
15830,198547,198549,ALA,GLY
15831,198554,198556,GLY,GLN
15832,198571,198573,GLN,ASP
15833,198583,198585,ASP,GLY
15834,198590,198592,GLY,ARG
15835,198614,198616,ARG,HYP
15836,198629,198631,HYP,GLY
15837,198636,198638,GLY,PRO
15838,198650,198652,PRO,ALA
15839,198660,198662,ALA,GLY
15840,198667,198669,GLY,PRO
15841,198681,198683,PRO,HYP
15842,198696,198698,HYP,GLY
15843,198703,198705,GLY,ALA
15844,198713,198715,ALA,ARG
15845,198737,198739,ARG,GLY
15846,198763,198765,GLY,ALA
15847,198773,198775,ALA,HYP
15848,198788,198790,HYP,GLY
15849,198795,198797,GLY,ALA
15850,198805,198807,ALA,PRO
15851,198819,198821,PRO,GLY
15852,198826,198828,GLY,PRO
15853,198840,198842,PRO,VAL
15854,198856,198858,VAL,GLY
15855,198863,198865,GLY,PRO
15856,198877,198879,PRO,ALA
15857,198887,198889,ALA,GLY
15858,198894,198896,GLY,LYS
15859,198916,198918,LYS,ASN
15860,198930,198932,ASN,GLY
15861,198937,198939,GLY,ASP
15862,198949,198951,ASP,ARG
15863,198973,198975,ARG,GLY
15864,198980,198982,GLY,GLU
15865,198995,198997,GLU,THR
15866,199009,199011,THR,GLY
15867,199016,199018,GLY,PRO
15868,199030,199032,PRO,ALA
15869,199040,199042,ALA,GLY
15870,199047,199049,GLY,PRO
15871,199061,199063,PRO,ALA
15872,199071,199073,ALA,GLY
15873,199078,199080,GLY,PRO
15874,199092,199094,PRO,ILE
15875,199111,199113,ILE,GLY
15876,199118,199120,GLY,PRO
15877,199132,199134,PRO,ALA
15878,199142,199144,ALA,GLY
15879,199149,199151,GLY,ALA
15880,199159,199161,ALA,ARG
15881,199183,199185,ARG,GLY
15882,199190,199192,GLY,PRO
15883,199204,199206,PRO,ALA
15884,199214,199216,ALA,GLY
15885,199221,199223,GLY,PRO
15886,199235,199237,PRO,GLN
15887,199252,199254,GLN,GLY
15888,199259,199261,GLY,PRO
15889,199273,199275,PRO,ARG
15890,199297,199299,ARG,GLY
15891,199304,199306,GLY,ASP
15892,199316,199318,ASP,LYS
15893,199338,199340,LYS,GLY
15894,199345,199347,GLY,GLU
15895,199360,199362,GLU,THR
15896,199374,199376,THR,GLY
15897,199381,199383,GLY,GLU
15898,199396,199398,GLU,GLN
15899,199413,199415,GLN,GLY
15900,199420,199422,GLY,ASP
15901,199432,199434,ASP,ARG
15902,199456,199458,ARG,GLY
15903,199463,199465,GLY,ILE
15904,199482,199484,ILE,LYS
15905,199504,199506,LYS,GLY
15906,199511,199513,GLY,HIS
15907,199528,199530,HIS,ARG
15908,199552,199554,ARG,GLY
15909,199559,199561,GLY,DO1
15910,199580,199582,DO1,SER
15911,199591,199593,SER,GLY
15912,199598,199600,GLY,LEU
15913,199617,199619,LEU,GLN
15914,199634,199636,GLN,GLY
15915,199641,199643,GLY,PRO
15916,199655,199657,PRO,HYP
15917,199670,199672,HYP,GLY
15918,199677,199679,GLY,SER
15919,199688,199690,SER,HYP
15920,199703,199705,HYP,GLY
15921,199710,199712,GLY,SER
15922,199721,199723,SER,HYP
15923,199736,199738,HYP,GLY
15924,199743,199745,GLY,GLU
15925,199758,199760,GLU,GLN
15926,199775,199777,GLN,GLY
15927,199782,199784,GLY,PRO
15928,199796,199798,PRO,SER
15929,199807,199809,SER,GLY
15930,199814,199816,GLY,ALA
15931,199824,199826,ALA,SER
15932,199835,199837,SER,GLY
15933,199842,199844,GLY,PRO
15934,199856,199858,PRO,ALA
15935,199866,199868,ALA,GLY
15936,199873,199875,GLY,PRO
15937,199887,199889,PRO,ARG
15938,199911,199913,ARG,GLY
15939,199918,199920,GLY,PRO
15940,199932,199934,PRO,HYP
15941,199947,199949,HYP,GLY
15942,199954,199956,GLY,SER
15943,199965,199967,SER,ALA
15944,199975,199977,ALA,GLY
15945,199982,199984,GLY,SER
15946,199993,199995,SER,PRO
15947,200007,200009,PRO,GLY
15948,200014,200016,GLY,LYS
15949,200036,200038,LYS,ASP
15950,200048,200050,ASP,GLY
15951,200055,200057,GLY,LEU
15952,200074,200076,LEU,ASN
15953,200088,200090,ASN,GLY
15954,200095,200097,GLY,LEU
15955,200114,200116,LEU,HYP
15956,200129,200131,HYP,GLY
15957,200136,200138,GLY,PRO
15958,200150,200152,PRO,ILE
15959,200169,200171,ILE,GLY
15960,200176,200178,GLY,HYP
15961,200191,200193,HYP,PRO
15962,200205,200207,PRO,GLY
15963,200212,200214,GLY,PRO
15964,200226,200228,PRO,ARG
15965,200250,200252,ARG,GLY
15966,200257,200259,GLY,ARG
15967,200281,200283,ARG,THR
15968,200295,200297,THR,GLY
15969,200302,200304,GLY,ASP
15970,200314,200316,ASP,SER
15971,200325,200327,SER,GLY
15972,200332,200334,GLY,PRO
15973,200346,200348,PRO,ALA
15974,200356,200358,ALA,GLY
15975,200363,200365,GLY,PRO
15976,200377,200379,PRO,HYP
15977,200392,200394,HYP,GLY
15978,200399,200401,GLY,PRO
15979,200413,200415,PRO,HYP
15980,200428,200430,HYP,GLY
15981,200435,200437,GLY,PRO
15982,200449,200451,PRO,HYP
15983,200464,200466,HYP,GLY
15984,200471,200473,GLY,PRO
15985,200485,200487,PRO,HYP
15986,200500,200502,HYP,GLY
15987,200507,200509,GLY,PRO
15988,200521,200523,PRO,HYP
15989,200536,200538,HYP,SER
15990,200547,200549,SER,GLY
15991,200554,200556,GLY,GLY
15992,200561,200563,GLY,DO2
15993,200582,200584,DO2,ASP
15994,200594,200596,ASP,DO2
15995,200615,200617,DO2,SER
15996,200626,200628,SER,DO2
15997,200647,200649,DO2,LEU
15998,200666,200668,LEU,PRO
15999,200680,200682,PRO,GLN
16000,200697,200699,GLN,PRO
16001,200711,200713,PRO,PRO
16002,200725,200727,PRO,GLN
16003,200742,200744,GLN,GLU
16004,200757,200759,GLU,LY2
16005,200766,200768,LY2,SER
16006,200777,200779,SER,GLN
16007,200794,200796,GLN,ASP
16008,200806,200808,ASP,GLY
16009,200813,200815,GLY,GLY
16010,200820,200822,GLY,ARG
16011,200844,200846,ARG,DO1
16012,200865,200867,DO1,DO2
16013,200886,200888,DO2,ARG
16014,200910,200912,ARG,ALA
16015,200937,200939,ALA,GLY
16016,200944,200946,GLY,ALA
16017,200954,200956,ALA,HYP
16018,200969,200971,HYP,GLY
16019,200976,200978,GLY,PRO
16020,200990,200992,PRO,HIS
16021,201007,201009,HIS,GLY
16022,201014,201016,GLY,SER
16023,201025,201027,SER,VAL
16024,201041,201043,VAL,GLY
16025,201048,201050,GLY,PRO
16026,201062,201064,PRO,ALA
16027,201072,201074,ALA,GLY
16028,201079,201081,GLY,LYS
16029,201101,201103,LYS,HIS
16030,201118,201120,HIS,GLY
16031,201125,201127,GLY,ASN
16032,201139,201141,ASN,ARG
16033,201163,201165,ARG,GLY
16034,201170,201172,GLY,GLU
16035,201185,201187,GLU,HYP
16036,201200,201202,HYP,GLY
16037,201207,201209,GLY,PRO
16038,201221,201223,PRO,ALA
16039,201231,201233,ALA,GLY
16040,201238,201240,GLY,SER
16041,201249,201251,SER,VAL
16042,201265,201267,VAL,GLY
16043,201272,201274,GLY,PRO
16044,201286,201288,PRO,VAL
16045,201302,201304,VAL,GLY
16046,201309,201311,GLY,ALA
16047,201319,201321,ALA,VAL
16048,201335,201337,VAL,GLY
16049,201342,201344,GLY,PRO
16050,201356,201358,PRO,ARG
16051,201380,201382,ARG,GLY
16052,201387,201389,GLY,PRO
16053,201401,201403,PRO,SER
16054,201412,201414,SER,GLY
16055,201419,201421,GLY,PRO
16056,201433,201435,PRO,GLN
16057,201450,201452,GLN,GLY
16058,201457,201459,GLY,ILE
16059,201476,201478,ILE,ARG
16060,201500,201502,ARG,GLY
16061,201507,201509,GLY,ASP
16062,201519,201521,ASP,LYS
16063,201541,201543,LYS,GLY
16064,201548,201550,GLY,GLU
16065,201563,201565,GLU,HYP
16066,201578,201580,HYP,GLY
16067,201585,201587,GLY,ASP
16068,201597,201599,ASP,LYS
16069,201619,201621,LYS,GLY
16070,201626,201628,GLY,ALA
16071,201636,201638,ALA,ARG
16072,201660,201662,ARG,GLY
16073,201667,201669,GLY,LEU
16074,201686,201688,LEU,HYP
16075,201701,201703,HYP,GLY
16076,201708,201710,GLY,LEU
16077,201727,201729,LEU,LYX
16078,201747,201758,LYX,GLY
16079,201763,201765,GLY,HIS
16080,201780,201782,HIS,ASN
16081,201794,201796,ASN,GLY
16082,201801,201803,GLY,LEU
16083,201820,201822,LEU,GLN
16084,201837,201839,GLN,GLY
16085,201844,201846,GLY,LEU
16086,201863,201865,LEU,HYP
16087,201878,201880,HYP,GLY
16088,201885,201887,GLY,LEU
16089,201904,201906,LEU,ALA
16090,201914,201916,ALA,GLY
16091,201921,201923,GLY,LEU
16092,201940,201942,LEU,HIS
16093,201957,201959,HIS,GLY
16094,201964,201966,GLY,ASP
16095,201976,201978,ASP,GLN
16096,201993,201995,GLN,GLY
16097,202000,202002,GLY,ALA
16098,202010,202012,ALA,HYP
16099,202025,202027,HYP,GLY
16100,202032,202034,GLY,PRO
16101,202046,202048,PRO,VAL
16102,202062,202064,VAL,GLY
16103,202069,202071,GLY,PRO
16104,202083,202085,PRO,ALA
16105,202093,202095,ALA,GLY
16106,202100,202102,GLY,PRO
16107,202114,202116,PRO,ARG
16108,202138,202140,ARG,GLY
16109,202145,202147,GLY,PRO
16110,202159,202161,PRO,ALA
16111,202169,202171,ALA,GLY
16112,202176,202178,GLY,PRO
16113,202190,202192,PRO,SER
16114,202201,202203,SER,GLY
16115,202208,202210,GLY,PRO
16116,202222,202224,PRO,ILE
16117,202241,202243,ILE,GLY
16118,202248,202250,GLY,LYS
16119,202270,202272,LYS,ASP
16120,202282,202284,ASP,GLY
16121,202289,202291,GLY,ARG
16122,202313,202315,ARG,SER
16123,202324,202326,SER,GLY
16124,202331,202333,GLY,HIS
16125,202348,202350,HIS,HYP
16126,202363,202365,HYP,GLY
16127,202370,202372,GLY,PRO
16128,202384,202386,PRO,VAL
16129,202400,202402,VAL,GLY
16130,202407,202409,GLY,PRO
16131,202421,202423,PRO,ALA
16132,202431,202433,ALA,GLY
16133,202438,202440,GLY,VAL
16134,202454,202456,VAL,ARG
16135,202478,202480,ARG,GLY
16136,202485,202487,GLY,SER
16137,202496,202498,SER,GLN
16138,202513,202515,GLN,GLY
16139,202520,202522,GLY,SER
16140,202531,202533,SER,GLN
16141,202548,202550,GLN,GLY
16142,202555,202557,GLY,PRO
16143,202569,202571,PRO,ALA
16144,202579,202581,ALA,GLY
16145,202586,202588,GLY,PRO
16146,202600,202602,PRO,HYP
16147,202615,202617,HYP,GLY
16148,202622,202624,GLY,PRO
16149,202636,202638,PRO,HYP
16150,202651,202653,HYP,GLY
16151,202658,202660,GLY,PRO
16152,202672,202674,PRO,HYP
16153,202687,202689,HYP,GLY
16154,202694,202696,GLY,PRO
16155,202708,202710,PRO,HYP
16156,202723,202725,HYP,GLY
16157,202730,202732,GLY,VAL
16158,202746,202748,VAL,SER
16159,202757,202759,SER,GLY
16160,202764,202766,GLY,GLY
16161,202771,202773,GLY,GLY
16162,202778,202780,GLY,DO1
16163,202799,202801,DO1,ASP
16164,202811,202813,ASP,DO1
16165,202832,202834,DO1,GLY
16166,202839,202841,GLY,DO1
16167,202860,202862,DO1,GLU
16168,202875,202877,GLU,GLY
16169,202882,202884,GLY,GLY
16170,202889,202891,GLY,DO1
16171,202910,202912,DO1,DO2
16172,202931,202933,DO2,ARG
16173,202955,202957,ARG,ALA
16174,202982,202984,ALA,HYP
16175,202997,202999,HYP,GLY
16176,203004,203006,GLY,ALA
16177,203014,203016,ALA,HYP
16178,203029,203031,HYP,GLY
16179,203036,203038,GLY,ALA
16180,203046,203048,ALA,PRO
16181,203060,203062,PRO,GLY
16182,203067,203069,GLY,PRO
16183,203081,203083,PRO,VAL
16184,203097,203099,VAL,GLY
16185,203104,203106,GLY,PRO
16186,203118,203120,PRO,ALA
16187,203128,203130,ALA,GLY
16188,203135,203137,GLY,LYS
16189,203157,203159,LYS,ASN
16190,203171,203173,ASN,GLY
16191,203178,203180,GLY,ASP
16192,203190,203192,ASP,ARG
16193,203214,203216,ARG,GLY
16194,203221,203223,GLY,GLU
16195,203236,203238,GLU,THR
16196,203250,203252,THR,GLY
16197,203257,203259,GLY,PRO
16198,203271,203273,PRO,ALA
16199,203281,203283,ALA,GLY
16200,203288,203290,GLY,PRO
16201,203302,203304,PRO,ALA
16202,203312,203314,ALA,GLY
16203,203319,203321,GLY,PRO
16204,203333,203335,PRO,ILE
16205,203352,203354,ILE,GLY
16206,203359,203361,GLY,PRO
16207,203373,203375,PRO,ALA
16208,203383,203385,ALA,GLY
16209,203390,203392,GLY,ALA
16210,203400,203402,ALA,ARG
16211,203424,203426,ARG,GLY
16212,203431,203433,GLY,PRO
16213,203445,203447,PRO,ALA
16214,203455,203457,ALA,GLY
16215,203462,203464,GLY,PRO
16216,203476,203478,PRO,GLN
16217,203493,203495,GLN,GLY
16218,203500,203502,GLY,PRO
16219,203514,203516,PRO,ARG
16220,203538,203540,ARG,GLY
16221,203545,203547,GLY,ASP
16222,203557,203559,ASP,LYS
16223,203579,203581,LYS,GLY
16224,203586,203588,GLY,GLU
16225,203601,203603,GLU,THR
16226,203615,203617,THR,GLY
16227,203622,203624,GLY,GLU
16228,203637,203639,GLU,GLN
16229,203654,203656,GLN,GLY
16230,203661,203663,GLY,ASP
16231,203673,203675,ASP,ARG
16232,203697,203699,ARG,GLY
16233,203704,203706,GLY,ILE
16234,203723,203725,ILE,LYS
16235,203745,203747,LYS,GLY
16236,203752,203754,GLY,HIS
16237,203769,203771,HIS,ARG
16238,203793,203795,ARG,GLY
16239,203800,203802,GLY,DO2
16240,203821,203823,DO2,SER
16241,203832,203834,SER,GLY
16242,203839,203841,GLY,LEU
16243,203858,203860,LEU,GLN
16244,203875,203877,GLN,GLY
16245,203882,203884,GLY,PRO
16246,203896,203898,PRO,HYP
16247,203911,203913,HYP,GLY
16248,203918,203920,GLY,SER
16249,203929,203931,SER,HYP
16250,203944,203946,HYP,GLY
16251,203951,203953,GLY,SER
16252,203962,203964,SER,HYP
16253,203977,203979,HYP,GLY
16254,203984,203986,GLY,GLU
16255,203999,204001,GLU,GLN
16256,204016,204018,GLN,GLY
16257,204023,204025,GLY,PRO
16258,204037,204039,PRO,SER
16259,204048,204050,SER,GLY
16260,204055,204057,GLY,ALA
16261,204065,204067,ALA,SER
16262,204076,204078,SER,GLY
16263,204083,204085,GLY,PRO
16264,204097,204099,PRO,ALA
16265,204107,204109,ALA,GLY
16266,204114,204116,GLY,PRO
16267,204128,204130,PRO,ARG
16268,204152,204154,ARG,GLY
16269,204159,204161,GLY,PRO
16270,204173,204175,PRO,HYP
16271,204188,204190,HYP,GLY
16272,204195,204197,GLY,SER
16273,204206,204208,SER,ALA
16274,204216,204218,ALA,GLY
16275,204223,204225,GLY,SER
16276,204234,204236,SER,PRO
16277,204248,204250,PRO,GLY
16278,204255,204257,GLY,LYS
16279,204277,204279,LYS,ASP
16280,204289,204291,ASP,GLY
16281,204296,204298,GLY,LEU
16282,204315,204317,LEU,ASN
16283,204329,204331,ASN,GLY
16284,204336,204338,GLY,LEU
16285,204355,204357,LEU,HYP
16286,204370,204372,HYP,GLY
16287,204377,204379,GLY,PRO
16288,204391,204393,PRO,ILE
16289,204410,204412,ILE,GLY
16290,204417,204419,GLY,HYP
16291,204432,204434,HYP,PRO
16292,204446,204448,PRO,GLY
16293,204453,204455,GLY,PRO
16294,204467,204469,PRO,ARG
16295,204491,204493,ARG,GLY
16296,204498,204500,GLY,ARG
16297,204522,204524,ARG,THR
16298,204536,204538,THR,GLY
16299,204543,204545,GLY,ASP
16300,204555,204557,ASP,SER
16301,204566,204568,SER,GLY
16302,204573,204575,GLY,PRO
16303,204587,204589,PRO,ALA
16304,204597,204599,ALA,GLY
16305,204604,204606,GLY,PRO
16306,204618,204620,PRO,HYP
16307,204633,204635,HYP,GLY
16308,204640,204642,GLY,PRO
16309,204654,204656,PRO,HYP
16310,204669,204671,HYP,GLY
16311,204676,204678,GLY,PRO
16312,204690,204692,PRO,HYP
16313,204705,204707,HYP,GLY
16314,204712,204714,GLY,PRO
16315,204726,204728,PRO,HYP
16316,204741,204743,HYP,GLY
16317,204748,204750,GLY,PRO
16318,204762,204764,PRO,HYP
16319,204777,204779,HYP,SER
16320,204788,204790,SER,GLY
16321,204795,204797,GLY,GLY
16322,204802,204804,GLY,DO1
16323,204823,204825,DO1,ASP
16324,204835,204837,ASP,DO2
16325,204856,204858,DO2,SER
16326,204867,204869,SER,DO2
16327,204888,204890,DO2,LEU
16328,204907,204909,LEU,PRO
16329,204921,204923,PRO,GLN
16330,204938,204940,GLN,PRO
16331,204952,204954,PRO,PRO
16332,204966,204968,PRO,GLN
16333,204983,204985,GLN,GLU
16334,204998,205000,GLU,LY3
16335,205010,205012,LY3,SER
16336,205021,205023,SER,GLN
16337,205038,205040,GLN,ASP
16338,205050,205052,ASP,GLY
16339,205057,205059,GLY,GLY
16340,205064,205066,GLY,ARG
16341,205088,205090,ARG,DO1
16342,205109,205111,DO1,DO1
16343,205130,205132,DO1,ARG
16344,205154,205156,ARG,ALA
16345,205181,205183,ALA,GLY
16346,205188,205190,GLY,PRO
16347,205202,205204,PRO,HYP
16348,205217,205219,HYP,GLY
16349,205224,205226,GLY,ALA
16350,205234,205236,ALA,ASP
16351,205246,205248,ASP,GLY
16352,205253,205255,GLY,GLN
16353,205270,205272,GLN,HYP
16354,205285,205287,HYP,GLY
16355,205292,205294,GLY,ALA
16356,205302,205304,ALA,LYS
16357,205324,205326,LYS,GLY
16358,205331,205333,GLY,GLU
16359,205346,205348,GLU,PRO
16360,205360,205362,PRO,GLY
16361,205367,205369,GLY,ASP
16362,205379,205381,ASP,THR
16363,205393,205395,THR,GLY
16364,205400,205402,GLY,VAL
16365,205416,205418,VAL,LYS
16366,205438,205440,LYS,GLY
16367,205445,205447,GLY,ASP
16368,205457,205459,ASP,ALA
16369,205467,205469,ALA,GLY
16370,205474,205476,GLY,PRO
16371,205488,205490,PRO,HYP
16372,205503,205505,HYP,GLY
16373,205510,205512,GLY,PRO
16374,205524,205526,PRO,ALA
16375,205534,205536,ALA,GLY
16376,205541,205543,GLY,PRO
16377,205555,205557,PRO,ALA
16378,205565,205567,ALA,GLY
16379,205572,205574,GLY,PRO
16380,205586,205588,PRO,HYP
16381,205601,205603,HYP,GLY
16382,205608,205610,GLY,PRO
16383,205622,205624,PRO,ILE
16384,205641,205643,ILE,GLY
16385,205648,205650,GLY,ASN
16386,205662,205664,ASN,VAL
16387,205678,205680,VAL,GLY
16388,205685,205687,GLY,ALA
16389,205695,205697,ALA,HYP
16390,205710,205712,HYP,GLY
16391,205717,205719,GLY,PRO
16392,205731,205733,PRO,LYS
16393,205753,205755,LYS,GLY
16394,205760,205762,GLY,SER
16395,205771,205773,SER,ARG
16396,205795,205797,ARG,GLY
16397,205802,205804,GLY,ALA
16398,205812,205814,ALA,ALA
16399,205822,205824,ALA,GLY
16400,205829,205831,GLY,PRO
16401,205843,205845,PRO,HYP
16402,205858,205860,HYP,GLY
16403,205865,205867,GLY,ALA
16404,205875,205877,ALA,THR
16405,205889,205891,THR,GLY
16406,205896,205898,GLY,DO1
16407,205917,205919,DO1,HYP
16408,205932,205934,HYP,GLY
16409,205939,205941,GLY,ALA
16410,205949,205951,ALA,ALA
16411,205959,205961,ALA,GLY
16412,205966,205968,GLY,ARG
16413,205990,205992,ARG,VAL
16414,206006,206008,VAL,GLY
16415,206013,206015,GLY,PRO
16416,206027,206029,PRO,HYP
16417,206042,206044,HYP,GLY
16418,206049,206051,GLY,PRO
16419,206063,206065,PRO,SER
16420,206074,206076,SER,GLY
16421,206081,206083,GLY,ASN
16422,206095,206097,ASN,ALA
16423,206105,206107,ALA,GLY
16424,206112,206114,GLY,PRO
16425,206126,206128,PRO,HYP
16426,206141,206143,HYP,GLY
16427,206148,206150,GLY,PRO
16428,206162,206164,PRO,HYP
16429,206177,206179,HYP,GLY
16430,206184,206186,GLY,PRO
16431,206198,206200,PRO,VAL
16432,206214,206216,VAL,GLY
16433,206221,206223,GLY,LYS
16434,206243,206245,LYS,GLU
16435,206258,206260,GLU,GLY
16436,206265,206267,GLY,GLY
16437,206272,206274,GLY,LYS
16438,206294,206296,LYS,GLY
16439,206301,206303,GLY,PRO
16440,206315,206317,PRO,ARG
16441,206339,206341,ARG,GLY
16442,206346,206348,GLY,GLU
16443,206361,206363,GLU,THR
16444,206375,206377,THR,GLY
16445,206382,206384,GLY,PRO
16446,206396,206398,PRO,ALA
16447,206406,206408,ALA,GLY
16448,206413,206415,GLY,ARG
16449,206437,206439,ARG,HYP
16450,206452,206454,HYP,GLY
16451,206459,206461,GLY,GLU
16452,206474,206476,GLU,VAL
16453,206490,206492,VAL,GLY
16454,206497,206499,GLY,PRO
16455,206511,206513,PRO,PRO
16456,206525,206527,PRO,GLY
16457,206532,206534,GLY,PRO
16458,206546,206548,PRO,HYP
16459,206561,206563,HYP,GLY
16460,206568,206570,GLY,PRO
16461,206582,206584,PRO,ALA
16462,206592,206594,ALA,GLY
16463,206599,206601,GLY,GLU
16464,206614,206616,GLU,LYS
16465,206636,206638,LYS,GLY
16466,206643,206645,GLY,SER
16467,206654,206656,SER,HYP
16468,206669,206671,HYP,GLY
16469,206676,206678,GLY,ALA
16470,206686,206688,ALA,ASP
16471,206698,206700,ASP,GLY
16472,206705,206707,GLY,PRO
16473,206719,206721,PRO,ALA
16474,206729,206731,ALA,GLY
16475,206736,206738,GLY,SER
16476,206747,206749,SER,HYP
16477,206762,206764,HYP,GLY
16478,206769,206771,GLY,THR
16479,206783,206785,THR,PRO
16480,206797,206799,PRO,GLY
16481,206804,206806,GLY,PRO
16482,206818,206820,PRO,GLN
16483,206835,206837,GLN,GLY
16484,206842,206844,GLY,ILE
16485,206861,206863,ILE,ALA
16486,206871,206873,ALA,GLY
16487,206878,206880,GLY,GLN
16488,206895,206897,GLN,ARG
16489,206919,206921,ARG,GLY
16490,206926,206928,GLY,VAL
16491,206942,206944,VAL,VAL
16492,206958,206960,VAL,GLY
16493,206965,206967,GLY,LEU
16494,206984,206986,LEU,HYP
16495,206999,207001,HYP,GLY
16496,207006,207008,GLY,GLN
16497,207023,207025,GLN,ARG
16498,207047,207049,ARG,GLY
16499,207054,207056,GLY,GLU
16500,207069,207071,GLU,ARG
16501,207093,207095,ARG,GLY
16502,207100,207102,GLY,DO2
16503,207121,207123,DO2,HYP
16504,207136,207138,HYP,GLY
16505,207143,207145,GLY,LEU
16506,207162,207164,LEU,HYP
16507,207177,207179,HYP,GLY
16508,207184,207186,GLY,PRO
16509,207198,207200,PRO,SER
16510,207209,207211,SER,GLY
16511,207216,207218,GLY,GLU
16512,207231,207233,GLU,HYP
16513,207246,207248,HYP,GLY
16514,207253,207255,GLY,LYS
16515,207275,207277,LYS,GLN
16516,207292,207294,GLN,GLY
16517,207299,207301,GLY,PRO
16518,207313,207315,PRO,SER
16519,207324,207326,SER,GLY
16520,207331,207333,GLY,ALA
16521,207341,207343,ALA,SER
16522,207352,207354,SER,GLY
16523,207359,207361,GLY,GLU
16524,207374,207376,GLU,ARG
16525,207398,207400,ARG,GLY
16526,207405,207407,GLY,PRO
16527,207419,207421,PRO,HYP
16528,207434,207436,HYP,GLY
16529,207441,207443,GLY,PRO
16530,207455,207457,PRO,MET
16531,207472,207474,MET,GLY
16532,207479,207481,GLY,PRO
16533,207493,207495,PRO,HYP
16534,207508,207510,HYP,GLY
16535,207515,207517,GLY,LEU
16536,207534,207536,LEU,ALA
16537,207544,207546,ALA,GLY
16538,207551,207553,GLY,PRO
16539,207565,207567,PRO,HYP
16540,207580,207582,HYP,GLY
16541,207587,207589,GLY,GLU
16542,207602,207604,GLU,SER
16543,207613,207615,SER,GLY
16544,207620,207622,GLY,ARG
16545,207644,207646,ARG,GLU
16546,207659,207661,GLU,GLY
16547,207666,207668,GLY,SER
16548,207677,207679,SER,HYP
16549,207692,207694,HYP,GLY
16550,207699,207701,GLY,ALA
16551,207709,207711,ALA,GLU
16552,207724,207726,GLU,GLY
16553,207731,207733,GLY,SER
16554,207742,207744,SER,HYP
16555,207757,207759,HYP,GLY
16556,207764,207766,GLY,ARG
16557,207788,207790,ARG,ASP
16558,207800,207802,ASP,GLY
16559,207807,207809,GLY,ALA
16560,207817,207819,ALA,PRO
16561,207831,207833,PRO,GLY
16562,207838,207840,GLY,ALA
16563,207848,207850,ALA,LYS
16564,207870,207872,LYS,GLY
16565,207877,207879,GLY,ASP
16566,207889,207891,ASP,ARG
16567,207913,207915,ARG,GLY
16568,207920,207922,GLY,GLU
16569,207935,207937,GLU,THR
16570,207949,207951,THR,GLY
16571,207956,207958,GLY,PRO
16572,207970,207972,PRO,ALA
16573,207980,207982,ALA,GLY
16574,207987,207989,GLY,PRO
16575,208001,208003,PRO,HYP
16576,208016,208018,HYP,GLY
16577,208023,208025,GLY,ALA
16578,208033,208035,ALA,HYP
16579,208070,208072,ALA,GLY
16580,208077,208079,GLY,PRO
16581,208091,208093,PRO,ALA
16582,208101,208103,ALA,GLY
16583,208108,208110,GLY,SER
16584,208119,208121,SER,ALA
16585,208129,208131,ALA,GLY
16586,208136,208138,GLY,GLN
16587,208153,208155,GLN,HYP
16588,208168,208170,HYP,GLY
16589,208175,208177,GLY,ALA
16590,208185,208187,ALA,LYS
16591,208207,208209,LYS,GLY
16592,208214,208216,GLY,GLU
16593,208229,208231,GLU,LYS
16594,208251,208253,LYS,GLY
16595,208258,208260,GLY,THR
16596,208272,208274,THR,LYS
16597,208294,208296,LYS,GLY
16598,208301,208303,GLY,PRO
16599,208315,208317,PRO,LYS
16600,208337,208339,LYS,GLY
16601,208344,208346,GLY,GLU
16602,208359,208361,GLU,ASN
16603,208373,208375,ASN,GLY
16604,208380,208382,GLY,ILE
16605,208399,208401,ILE,VAL
16606,208415,208417,VAL,GLY
16607,208422,208424,GLY,PRO
16608,208436,208438,PRO,THR
16609,208450,208452,THR,GLY
16610,208457,208459,GLY,PRO
16611,208471,208473,PRO,VAL
16612,208487,208489,VAL,GLY
16613,208494,208496,GLY,ALA
16614,208504,208506,ALA,ALA
16615,208514,208516,ALA,GLY
16616,208521,208523,GLY,PRO
16617,208535,208537,PRO,SER
16618,208546,208548,SER,GLY
16619,208553,208555,GLY,PRO
16620,208567,208569,PRO,ASN
16621,208581,208583,ASN,GLY
16622,208588,208590,GLY,PRO
16623,208602,208604,PRO,HYP
16624,208617,208619,HYP,GLY
16625,208624,208626,GLY,PRO
16626,208638,208640,PRO,ALA
16627,208648,208650,ALA,GLY
16628,208655,208657,GLY,SER
16629,208666,208668,SER,ARG
16630,208690,208692,ARG,GLY
16631,208697,208699,GLY,ASP
16632,208709,208711,ASP,GLY
16633,208716,208718,GLY,GLY
16634,208723,208725,GLY,PRO
16635,208737,208739,PRO,HYP
16636,208752,208754,HYP,GLY
16637,208759,208761,GLY,MET
16638,208776,208778,MET,THR
16639,208790,208792,THR,GLY
16640,208797,208799,GLY,DO1
16641,208818,208820,DO1,HYP
16642,208833,208835,HYP,GLY
16643,208840,208842,GLY,ALA
16644,208850,208852,ALA,ALA
16645,208860,208862,ALA,GLY
16646,208867,208869,GLY,ARG
16647,208891,208893,ARG,THR
16648,208905,208907,THR,GLY
16649,208912,208914,GLY,PRO
16650,208926,208928,PRO,HYP
16651,208941,208943,HYP,GLY
16652,208948,208950,GLY,PRO
16653,208962,208964,PRO,SER
16654,208973,208975,SER,GLY
16655,208980,208982,GLY,ILE
16656,208999,209001,ILE,THR
16657,209013,209015,THR,GLY
16658,209020,209022,GLY,PRO
16659,209034,209036,PRO,HYP
16660,209049,209051,HYP,GLY
16661,209056,209058,GLY,PRO
16662,209070,209072,PRO,HYP
16663,209085,209087,HYP,GLY
16664,209092,209094,GLY,ALA
16665,209102,209104,ALA,ALA
16666,209112,209114,ALA,GLY
16667,209119,209121,GLY,LYS
16668,209141,209143,LYS,GLU
16669,209156,209158,GLU,GLY
16670,209163,209165,GLY,ILE
16671,209182,209184,ILE,ARG
16672,209206,209208,ARG,GLY
16673,209213,209215,GLY,PRO
16674,209227,209229,PRO,ARG
16675,209251,209253,ARG,GLY
16676,209258,209260,GLY,ASP
16677,209270,209272,ASP,GLN
16678,209287,209289,GLN,GLY
16679,209294,209296,GLY,PRO
16680,209308,209310,PRO,VAL
16681,209324,209326,VAL,GLY
16682,209331,209333,GLY,ARG
16683,209355,209357,ARG,THR
16684,209369,209371,THR,GLY
16685,209376,209378,GLY,GLU
16686,209391,209393,GLU,ILE
16687,209410,209412,ILE,GLY
16688,209417,209419,GLY,ALA
16689,209427,209429,ALA,SER
16690,209438,209440,SER,GLY
16691,209445,209447,GLY,PRO
16692,209459,209461,PRO,HYP
16693,209474,209476,HYP,GLY
16694,209481,209483,GLY,DO2
16695,209502,209504,DO2,ALA
16696,209512,209514,ALA,GLY
16697,209519,209521,GLY,GLU
16698,209534,209536,GLU,LYS
16699,209556,209558,LYS,GLY
16700,209563,209565,GLY,PRO
16701,209577,209579,PRO,SER
16702,209588,209590,SER,GLY
16703,209595,209597,GLY,GLU
16704,209610,209612,GLU,HYP
16705,209625,209627,HYP,GLY
16706,209632,209634,GLY,THR
16707,209646,209648,THR,THR
16708,209660,209662,THR,GLY
16709,209667,209669,GLY,PRO
16710,209681,209683,PRO,HYP
16711,209696,209698,HYP,GLY
16712,209703,209705,GLY,THR
16713,209717,209719,THR,ALA
16714,209727,209729,ALA,GLY
16715,209734,209736,GLY,PRO
16716,209748,209750,PRO,GLN
16717,209765,209767,GLN,GLY
16718,209772,209774,GLY,LEU
16719,209791,209793,LEU,LEU
16720,209810,209812,LEU,GLY
16721,209817,209819,GLY,ALA
16722,209827,209829,ALA,HYP
16723,209842,209844,HYP,GLY
16724,209849,209851,GLY,ILE
16725,209868,209870,ILE,LEU
16726,209887,209889,LEU,GLY
16727,209894,209896,GLY,LEU
16728,209913,209915,LEU,HYP
16729,209928,209930,HYP,GLY
16730,209935,209937,GLY,SER
16731,209946,209948,SER,ARG
16732,209970,209972,ARG,GLY
16733,209977,209979,GLY,GLU
16734,209992,209994,GLU,ARG
16735,210016,210018,ARG,GLY
16736,210023,210025,GLY,GLN
16737,210040,210042,GLN,HYP
16738,210055,210057,HYP,GLY
16739,210062,210064,GLY,ILE
16740,210081,210083,ILE,ALA
16741,210091,210093,ALA,GLY
16742,210098,210100,GLY,ALA
16743,210108,210110,ALA,LEU
16744,210127,210129,LEU,GLY
16745,210134,210136,GLY,GLU
16746,210149,210151,GLU,HYP
16747,210164,210166,HYP,GLY
16748,210171,210173,GLY,PRO
16749,210185,210187,PRO,LEU
16750,210204,210206,LEU,GLY
16751,210211,210213,GLY,ILE
16752,210230,210232,ILE,ALA
16753,210240,210242,ALA,GLY
16754,210247,210249,GLY,PRO
16755,210261,210263,PRO,HYP
16756,210276,210278,HYP,GLY
16757,210283,210285,GLY,ALA
16758,210293,210295,ALA,ARG
16759,210317,210319,ARG,GLY
16760,210324,210326,GLY,PRO
16761,210338,210340,PRO,HYP
16762,210353,210355,HYP,GLY
16763,210360,210362,GLY,ALA
16764,210370,210372,ALA,VAL
16765,210386,210388,VAL,GLY
16766,210393,210395,GLY,SER
16767,210404,210406,SER,HYP
16768,210419,210421,HYP,GLY
16769,210426,210428,GLY,VAL
16770,210442,210444,VAL,ASN
16771,210456,210458,ASN,GLY
16772,210463,210465,GLY,ALA
16773,210473,210475,ALA,HYP
16774,210488,210490,HYP,GLY
16775,210495,210497,GLY,GLU
16776,210510,210512,GLU,ALA
16777,210520,210522,ALA,GLY
16778,210527,210529,GLY,ARG
16779,210551,210553,ARG,ASP
16780,210563,210565,ASP,GLY
16781,210570,210572,GLY,ASN
16782,210584,210586,ASN,HYP
16783,210599,210601,HYP,GLY
16784,210606,210608,GLY,SER
16785,210617,210619,SER,ASP
16786,210629,210631,ASP,GLY
16787,210636,210638,GLY,PRO
16788,210650,210652,PRO,HYP
16789,210665,210667,HYP,GLY
16790,210672,210674,GLY,ARG
16791,210696,210698,ARG,ASP
16792,210708,210710,ASP,GLY
16793,210715,210717,GLY,GLN
16794,210732,210734,GLN,HYP
16795,210747,210749,HYP,GLY
16796,210754,210756,GLY,HIS
16797,210771,210773,HIS,LYS
16798,210793,210795,LYS,GLY
16799,210800,210802,GLY,GLU
16800,210815,210817,GLU,ARG
16801,210839,210841,ARG,GLY
16802,210846,210848,GLY,DO1
16803,210867,210869,DO1,HYP
16804,210882,210884,HYP,GLY
16805,210889,210891,GLY,ASN
16806,210903,210905,ASN,ILE
16807,210922,210924,ILE,GLY
16808,210929,210931,GLY,PRO
16809,210943,210945,PRO,THR
16810,210957,210959,THR,GLY
16811,210964,210966,GLY,ALA
16812,210993,210995,GLY,DO2
16813,211014,211016,DO2,ALA
16814,211024,211026,ALA,GLY
16815,211031,211033,GLY,PRO
16816,211045,211047,PRO,HYP
16817,211060,211062,HYP,GLY
16818,211067,211069,GLY,ALA
16819,211077,211079,ALA,ASP
16820,211089,211091,ASP,GLY
16821,211096,211098,GLY,GLN
16822,211113,211115,GLN,HYP
16823,211128,211130,HYP,GLY
16824,211135,211137,GLY,ALA
16825,211145,211147,ALA,LYS
16826,211167,211169,LYS,GLY
16827,211174,211176,GLY,GLU
16828,211189,211191,GLU,PRO
16829,211203,211205,PRO,GLY
16830,211210,211212,GLY,ASP
16831,211222,211224,ASP,THR
16832,211236,211238,THR,GLY
16833,211243,211245,GLY,VAL
16834,211259,211261,VAL,LYS
16835,211281,211283,LYS,GLY
16836,211288,211290,GLY,ASP
16837,211300,211302,ASP,ALA
16838,211310,211312,ALA,GLY
16839,211317,211319,GLY,PRO
16840,211331,211333,PRO,HYP
16841,211346,211348,HYP,GLY
16842,211353,211355,GLY,PRO
16843,211367,211369,PRO,ALA
16844,211377,211379,ALA,GLY
16845,211384,211386,GLY,PRO
16846,211398,211400,PRO,ALA
16847,211408,211410,ALA,GLY
16848,211415,211417,GLY,PRO
16849,211429,211431,PRO,HYP
16850,211444,211446,HYP,GLY
16851,211451,211453,GLY,PRO
16852,211465,211467,PRO,ILE
16853,211484,211486,ILE,GLY
16854,211491,211493,GLY,ASN
16855,211505,211507,ASN,VAL
16856,211521,211523,VAL,GLY
16857,211528,211530,GLY,ALA
16858,211538,211540,ALA,HYP
16859,211553,211555,HYP,GLY
16860,211560,211562,GLY,PRO
16861,211574,211576,PRO,LYS
16862,211596,211598,LYS,GLY
16863,211603,211605,GLY,SER
16864,211614,211616,SER,ARG
16865,211638,211640,ARG,GLY
16866,211645,211647,GLY,ALA
16867,211655,211657,ALA,ALA
16868,211665,211667,ALA,GLY
16869,211672,211674,GLY,PRO
16870,211686,211688,PRO,HYP
16871,211701,211703,HYP,GLY
16872,211708,211710,GLY,ALA
16873,211718,211720,ALA,THR
16874,211732,211734,THR,GLY
16875,211739,211741,GLY,DO1
16876,211760,211762,DO1,HYP
16877,211775,211777,HYP,GLY
16878,211782,211784,GLY,ALA
16879,211792,211794,ALA,ALA
16880,211802,211804,ALA,GLY
16881,211809,211811,GLY,ARG
16882,211833,211835,ARG,VAL
16883,211849,211851,VAL,GLY
16884,211856,211858,GLY,PRO
16885,211870,211872,PRO,HYP
16886,211885,211887,HYP,GLY
16887,211892,211894,GLY,PRO
16888,211906,211908,PRO,SER
16889,211917,211919,SER,GLY
16890,211924,211926,GLY,ASN
16891,211938,211940,ASN,ALA
16892,211948,211950,ALA,GLY
16893,211955,211957,GLY,PRO
16894,211969,211971,PRO,HYP
16895,211984,211986,HYP,GLY
16896,211991,211993,GLY,PRO
16897,212005,212007,PRO,HYP
16898,212020,212022,HYP,GLY
16899,212027,212029,GLY,PRO
16900,212041,212043,PRO,VAL
16901,212057,212059,VAL,GLY
16902,212064,212066,GLY,LYS
16903,212086,212088,LYS,GLU
16904,212101,212103,GLU,GLY
16905,212108,212110,GLY,GLY
16906,212115,212117,GLY,LYS
16907,212137,212139,LYS,GLY
16908,212144,212146,GLY,PRO
16909,212158,212160,PRO,ARG
16910,212182,212184,ARG,GLY
16911,212189,212191,GLY,GLU
16912,212204,212206,GLU,THR
16913,212218,212220,THR,GLY
16914,212225,212227,GLY,PRO
16915,212239,212241,PRO,ALA
16916,212249,212251,ALA,GLY
16917,212256,212258,GLY,ARG
16918,212280,212282,ARG,HYP
16919,212295,212297,HYP,GLY
16920,212302,212304,GLY,GLU
16921,212317,212319,GLU,VAL
16922,212333,212335,VAL,GLY
16923,212340,212342,GLY,PRO
16924,212354,212356,PRO,PRO
16925,212368,212370,PRO,GLY
16926,212375,212377,GLY,PRO
16927,212389,212391,PRO,HYP
16928,212404,212406,HYP,GLY
16929,212411,212413,GLY,PRO
16930,212425,212427,PRO,ALA
16931,212435,212437,ALA,GLY
16932,212442,212444,GLY,GLU
16933,212457,212459,GLU,LYS
16934,212479,212481,LYS,GLY
16935,212486,212488,GLY,SER
16936,212497,212499,SER,HYP
16937,212512,212514,HYP,GLY
16938,212519,212521,GLY,ALA
16939,212529,212531,ALA,ASP
16940,212541,212543,ASP,GLY
16941,212548,212550,GLY,PRO
16942,212562,212564,PRO,ALA
16943,212572,212574,ALA,GLY
16944,212579,212581,GLY,SER
16945,212590,212592,SER,HYP
16946,212605,212607,HYP,GLY
16947,212612,212614,GLY,THR
16948,212626,212628,THR,PRO
16949,212640,212642,PRO,GLY
16950,212647,212649,GLY,PRO
16951,212661,212663,PRO,GLN
16952,212678,212680,GLN,GLY
16953,212685,212687,GLY,ILE
16954,212704,212706,ILE,ALA
16955,212714,212716,ALA,GLY
16956,212721,212723,GLY,GLN
16957,212738,212740,GLN,ARG
16958,212762,212764,ARG,GLY
16959,212769,212771,GLY,VAL
16960,212785,212787,VAL,VAL
16961,212801,212803,VAL,GLY
16962,212808,212810,GLY,LEU
16963,212827,212829,LEU,HYP
16964,212842,212844,HYP,GLY
16965,212849,212851,GLY,GLN
16966,212866,212868,GLN,ARG
16967,212890,212892,ARG,GLY
16968,212897,212899,GLY,GLU
16969,212912,212914,GLU,ARG
16970,212936,212938,ARG,GLY
16971,212943,212945,GLY,DO2
16972,212964,212966,DO2,HYP
16973,212979,212981,HYP,GLY
16974,212986,212988,GLY,LEU
16975,213005,213007,LEU,HYP
16976,213020,213022,HYP,GLY
16977,213027,213029,GLY,PRO
16978,213041,213043,PRO,SER
16979,213052,213054,SER,GLY
16980,213059,213061,GLY,GLU
16981,213074,213076,GLU,HYP
16982,213089,213091,HYP,GLY
16983,213096,213098,GLY,LYS
16984,213118,213120,LYS,GLN
16985,213135,213137,GLN,GLY
16986,213142,213144,GLY,PRO
16987,213156,213158,PRO,SER
16988,213167,213169,SER,GLY
16989,213174,213176,GLY,ALA
16990,213184,213186,ALA,SER
16991,213195,213197,SER,GLY
16992,213202,213204,GLY,GLU
16993,213217,213219,GLU,ARG
16994,213241,213243,ARG,GLY
16995,213248,213250,GLY,PRO
16996,213262,213264,PRO,HYP
16997,213277,213279,HYP,GLY
16998,213284,213286,GLY,PRO
16999,213298,213300,PRO,MET
17000,213315,213317,MET,GLY
17001,213322,213324,GLY,PRO
17002,213336,213338,PRO,HYP
17003,213351,213353,HYP,GLY
17004,213358,213360,GLY,LEU
17005,213377,213379,LEU,ALA
17006,213387,213389,ALA,GLY
17007,213394,213396,GLY,PRO
17008,213408,213410,PRO,HYP
17009,213423,213425,HYP,GLY
17010,213430,213432,GLY,GLU
17011,213445,213447,GLU,SER
17012,213456,213458,SER,GLY
17013,213463,213465,GLY,ARG
17014,213487,213489,ARG,GLU
17015,213502,213504,GLU,GLY
17016,213509,213511,GLY,SER
17017,213520,213522,SER,HYP
17018,213535,213537,HYP,GLY
17019,213542,213544,GLY,ALA
17020,213552,213554,ALA,GLU
17021,213567,213569,GLU,GLY
17022,213574,213576,GLY,SER
17023,213585,213587,SER,HYP
17024,213600,213602,HYP,GLY
17025,213607,213609,GLY,ARG
17026,213631,213633,ARG,ASP
17027,213643,213645,ASP,GLY
17028,213650,213652,GLY,ALA
17029,213660,213662,ALA,PRO
17030,213674,213676,PRO,GLY
17031,213681,213683,GLY,ALA
17032,213691,213693,ALA,LYS
17033,213713,213715,LYS,GLY
17034,213720,213722,GLY,ASP
17035,213732,213734,ASP,ARG
17036,213756,213758,ARG,GLY
17037,213763,213765,GLY,GLU
17038,213778,213780,GLU,THR
17039,213792,213794,THR,GLY
17040,213799,213801,GLY,PRO
17041,213813,213815,PRO,ALA
17042,213823,213825,ALA,GLY
17043,213830,213832,GLY,PRO
17044,213844,213846,PRO,HYP
17045,213859,213861,HYP,GLY
17046,213888,213890,ALA,GLY
17047,213895,213897,GLY,VAL
17048,213911,213913,VAL,MET
17049,213928,213930,MET,GLY
17050,213935,213937,GLY,DO1
17051,213956,213958,DO1,HYP
17052,213971,213973,HYP,GLY
17053,213978,213980,GLY,PRO
17054,213992,213994,PRO,LYS
17055,214014,214016,LYS,GLY
17056,214021,214023,GLY,THR
17057,214035,214037,THR,ALA
17058,214045,214047,ALA,GLY
17059,214052,214054,GLY,GLU
17060,214067,214069,GLU,HYP
17061,214082,214084,HYP,GLY
17062,214089,214091,GLY,LYS
17063,214111,214113,LYS,ALA
17064,214121,214123,ALA,GLY
17065,214128,214130,GLY,GLU
17066,214143,214145,GLU,ARG
17067,214167,214169,ARG,GLY
17068,214174,214176,GLY,VAL
17069,214190,214192,VAL,HYP
17070,214205,214207,HYP,GLY
17071,214212,214214,GLY,PRO
17072,214226,214228,PRO,HYP
17073,214241,214243,HYP,GLY
17074,214248,214250,GLY,ALA
17075,214258,214260,ALA,VAL
17076,214274,214276,VAL,GLY
17077,214281,214283,GLY,PRO
17078,214295,214297,PRO,ALA
17079,214305,214307,ALA,GLY
17080,214312,214314,GLY,LYS
17081,214334,214336,LYS,ASP
17082,214346,214348,ASP,GLY
17083,214353,214355,GLY,GLU
17084,214368,214370,GLU,ALA
17085,214378,214380,ALA,GLY
17086,214385,214387,GLY,ALA
17087,214395,214397,ALA,GLN
17088,214412,214414,GLN,GLY
17089,214419,214421,GLY,ALA
17090,214429,214431,ALA,HYP
17091,214444,214446,HYP,GLY
17092,214451,214453,GLY,PRO
17093,214465,214467,PRO,ALA
17094,214475,214477,ALA,GLY
17095,214482,214484,GLY,PRO
17096,214496,214498,PRO,ALA
17097,214506,214508,ALA,GLY
17098,214513,214515,GLY,GLU
17099,214528,214530,GLU,ARG
17100,214552,214554,ARG,GLY
17101,214559,214561,GLY,GLU
17102,214574,214576,GLU,GLN
17103,214591,214593,GLN,GLY
17104,214598,214600,GLY,PRO
17105,214612,214614,PRO,ALA
17106,214622,214624,ALA,GLY
17107,214629,214631,GLY,SER
17108,214640,214642,SER,HYP
17109,214655,214657,HYP,GLY
17110,214662,214664,GLY,DO2
17111,214683,214685,DO2,GLN
17112,214700,214702,GLN,GLY
17113,214707,214709,GLY,LEU
17114,214726,214728,LEU,HYP
17115,214741,214743,HYP,GLY
17116,214748,214750,GLY,PRO
17117,214762,214764,PRO,ALA
17118,214772,214774,ALA,GLY
17119,214779,214781,GLY,PRO
17120,214793,214795,PRO,HYP
17121,214808,214810,HYP,GLY
17122,214815,214817,GLY,GLU
17123,214830,214832,GLU,ALA
17124,214840,214842,ALA,GLY
17125,214847,214849,GLY,LYS
17126,214869,214871,LYS,HYP
17127,214884,214886,HYP,GLY
17128,214891,214893,GLY,GLU
17129,214906,214908,GLU,GLN
17130,214923,214925,GLN,GLY
17131,214930,214932,GLY,VAL
17132,214946,214948,VAL,HYP
17133,214961,214963,HYP,GLY
17134,214968,214970,GLY,ASP
17135,214980,214982,ASP,LEU
17136,214999,215001,LEU,GLY
17137,215006,215008,GLY,ALA
17138,215016,215018,ALA,HYP
17139,215031,215033,HYP,GLY
17140,215038,215040,GLY,PRO
17141,215052,215054,PRO,SER
17142,215063,215065,SER,GLY
17143,215070,215072,GLY,ALA
17144,215080,215082,ALA,ARG
17145,215104,215106,ARG,GLY
17146,215111,215113,GLY,GLU
17147,215126,215128,GLU,ARG
17148,215150,215152,ARG,GLY
17149,215157,215159,GLY,DO2
17150,215178,215180,DO2,HYP
17151,215193,215195,HYP,GLY
17152,215200,215202,GLY,GLU
17153,215215,215217,GLU,ARG
17154,215239,215241,ARG,GLY
17155,215246,215248,GLY,VAL
17156,215262,215264,VAL,GLN
17157,215279,215281,GLN,GLY
17158,215286,215288,GLY,PRO
17159,215300,215302,PRO,HYP
17160,215315,215317,HYP,GLY
17161,215322,215324,GLY,PRO
17162,215336,215338,PRO,ALA
17163,215346,215348,ALA,GLY
17164,215353,215355,GLY,PRO
17165,215367,215369,PRO,ARG
17166,215391,215393,ARG,GLY
17167,215398,215400,GLY,ASN
17168,215412,215414,ASN,ASN
17169,215426,215428,ASN,GLY
17170,215433,215435,GLY,ALA
17171,215443,215445,ALA,HYP
17172,215458,215460,HYP,GLY
17173,215465,215467,GLY,ASN
17174,215479,215481,ASN,ASP
17175,215491,215493,ASP,GLY
17176,215498,215500,GLY,ALA
17177,215508,215510,ALA,LYS
17178,215530,215532,LYS,GLY
17179,215537,215539,GLY,ASP
17180,215549,215551,ASP,THR
17181,215563,215565,THR,GLY
17182,215570,215572,GLY,ALA
17183,215580,215582,ALA,HYP
17184,215595,215597,HYP,GLY
17185,215602,215604,GLY,ALA
17186,215612,215614,ALA,HYP
17187,215627,215629,HYP,GLY
17188,215634,215636,GLY,SER
17189,215645,215647,SER,GLN
17190,215662,215664,GLN,GLY
17191,215669,215671,GLY,ALA
17192,215679,215681,ALA,HYP
17193,215694,215696,HYP,GLY
17194,215701,215703,GLY,LEU
17195,215720,215722,LEU,GLN
17196,215737,215739,GLN,GLY
17197,215744,215746,GLY,MET
17198,215761,215763,MET,HYP
17199,215776,215778,HYP,GLY
17200,215783,215785,GLY,GLU
17201,215798,215800,GLU,ARG
17202,215822,215824,ARG,GLY
17203,215829,215831,GLY,ALA
17204,215839,215841,ALA,ALA
17205,215849,215851,ALA,GLY
17206,215856,215858,GLY,LEU
17207,215875,215877,LEU,HYP
17208,215890,215892,HYP,GLY
17209,215897,215899,GLY,PRO
17210,215911,215913,PRO,LYS
17211,215933,215935,LYS,GLY
17212,215940,215942,GLY,ASP
17213,215952,215954,ASP,ARG
17214,215976,215978,ARG,GLY
17215,215983,215985,GLY,ASP
17216,215995,215997,ASP,ALA
17217,216005,216007,ALA,GLY
17218,216012,216014,GLY,PRO
17219,216026,216028,PRO,LYS
17220,216048,216050,LYS,GLY
17221,216055,216057,GLY,ALA
17222,216065,216067,ALA,ASP
17223,216077,216079,ASP,GLY
17224,216084,216086,GLY,SER
17225,216095,216097,SER,HYP
17226,216110,216112,HYP,GLY
17227,216117,216119,GLY,LYS
17228,216139,216141,LYS,ASP
17229,216151,216153,ASP,GLY
17230,216158,216160,GLY,VAL
17231,216174,216176,VAL,ARG
17232,216198,216200,ARG,GLY
17233,216205,216207,GLY,LEU
17234,216224,216226,LEU,THR
17235,216238,216240,THR,GLY
17236,216245,216247,GLY,PRO
17237,216259,216261,PRO,ILE
17238,216278,216280,ILE,GLY
17239,216285,216287,GLY,PRO
17240,216299,216301,PRO,HYP
17241,216314,216316,HYP,GLY
17242,216321,216323,GLY,PRO
17243,216335,216337,PRO,ALA
17244,216345,216347,ALA,GLY
17245,216352,216354,GLY,ALA
17246,216362,216364,ALA,HYP
17247,216377,216379,HYP,GLY
17248,216384,216386,GLY,ASP
17249,216396,216398,ASP,LYS
17250,216418,216420,LYS,GLY
17251,216425,216427,GLY,GLU
17252,216440,216442,GLU,THR
17253,216454,216456,THR,GLY
17254,216461,216463,GLY,PRO
17255,216475,216477,PRO,SER
17256,216486,216488,SER,GLY
17257,216493,216495,GLY,PRO
17258,216507,216509,PRO,ALA
17259,216517,216519,ALA,GLY
17260,216524,216526,GLY,PRO
17261,216538,216540,PRO,THR
17262,216552,216554,THR,GLY
17263,216559,216561,GLY,ALA
17264,216569,216571,ALA,ARG
17265,216593,216595,ARG,GLY
17266,216600,216602,GLY,ALA
17267,216610,216612,ALA,HYP
17268,216625,216627,HYP,GLY
17269,216632,216634,GLY,ASP
17270,216644,216646,ASP,ARG
17271,216668,216670,ARG,GLY
17272,216675,216677,GLY,GLU
17273,216690,216692,GLU,HYP
17274,216705,216707,HYP,GLY
17275,216712,216714,GLY,PRO
17276,216726,216728,PRO,HYP
17277,216741,216743,HYP,GLY
17278,216748,216750,GLY,PRO
17279,216762,216764,PRO,ALA
17280,216772,216774,ALA,GLY
17281,216779,216781,GLY,DO2
17282,216827,216829,GLU,ALA
17283,216837,216839,ALA,GLY
17284,216844,216846,GLY,ASN
17285,216858,216860,ASN,ILE
17286,216877,216879,ILE,GLY
17287,216884,216886,GLY,DO1
17288,216905,216907,DO1,HYP
17289,216920,216922,HYP,GLY
17290,216927,216929,GLY,PRO
17291,216941,216943,PRO,LYS
17292,216963,216965,LYS,GLY
17293,216970,216972,GLY,PRO
17294,216984,216986,PRO,SER
17295,216995,216997,SER,GLY
17296,217002,217004,GLY,ASP
17297,217014,217016,ASP,HYP
17298,217029,217031,HYP,GLY
17299,217036,217038,GLY,LYS
17300,217058,217060,LYS,HYP
17301,217073,217075,HYP,GLY
17302,217080,217082,GLY,GLU
17303,217095,217097,GLU,LYS
17304,217117,217119,LYS,GLY
17305,217124,217126,GLY,HIS
17306,217141,217143,HIS,HYP
17307,217156,217158,HYP,GLY
17308,217163,217165,GLY,LEU
17309,217182,217184,LEU,ALA
17310,217192,217194,ALA,GLY
17311,217199,217201,GLY,ALA
17312,217209,217211,ALA,ARG
17313,217233,217235,ARG,GLY
17314,217240,217242,GLY,ALA
17315,217250,217252,ALA,HYP
17316,217265,217267,HYP,GLY
17317,217272,217274,GLY,PRO
17318,217286,217288,PRO,ASP
17319,217298,217300,ASP,GLY
17320,217305,217307,GLY,ASN
17321,217319,217321,ASN,ASN
17322,217333,217335,ASN,GLY
17323,217340,217342,GLY,ALA
17324,217350,217352,ALA,GLN
17325,217367,217369,GLN,GLY
17326,217374,217376,GLY,PRO
17327,217388,217390,PRO,HYP
17328,217403,217405,HYP,GLY
17329,217410,217412,GLY,PRO
17330,217424,217426,PRO,GLN
17331,217441,217443,GLN,GLY
17332,217448,217450,GLY,VAL
17333,217464,217466,VAL,GLN
17334,217481,217483,GLN,GLY
17335,217488,217490,GLY,GLY
17336,217495,217497,GLY,LYS
17337,217517,217519,LYS,GLY
17338,217524,217526,GLY,GLU
17339,217539,217541,GLU,GLN
17340,217556,217558,GLN,GLY
17341,217563,217565,GLY,PRO
17342,217577,217579,PRO,ALA
17343,217587,217589,ALA,GLY
17344,217594,217596,GLY,PRO
17345,217608,217610,PRO,HYP
17346,217623,217625,HYP,GLY
17347,217630,217632,GLY,DO2
17348,217651,217653,DO2,GLN
17349,217668,217670,GLN,GLY
17350,217675,217677,GLY,LEU
17351,217694,217696,LEU,HYP
17352,217709,217711,HYP,GLY
17353,217716,217718,GLY,PRO
17354,217730,217732,PRO,SER
17355,217741,217743,SER,GLY
17356,217748,217750,GLY,THR
17357,217762,217764,THR,ALA
17358,217772,217774,ALA,GLY
17359,217779,217781,GLY,GLU
17360,217794,217796,GLU,VAL
17361,217810,217812,VAL,GLY
17362,217817,217819,GLY,LYS
17363,217839,217841,LYS,HYP
17364,217854,217856,HYP,GLY
17365,217861,217863,GLY,GLU
17366,217876,217878,GLU,ARG
17367,217900,217902,ARG,GLY
17368,217907,217909,GLY,LEU
17369,217926,217928,LEU,HYP
17370,217941,217943,HYP,GLY
17371,217948,217950,GLY,GLU
17372,217963,217965,GLU,DO1
17373,217984,217986,DO1,GLY
17374,217991,217993,GLY,LEU
17375,218010,218012,LEU,HYP
17376,218025,218027,HYP,GLY
17377,218032,218034,GLY,PRO
17378,218046,218048,PRO,ALA
17379,218056,218058,ALA,GLY
17380,218063,218065,GLY,PRO
17381,218077,218079,PRO,ARG
17382,218101,218103,ARG,GLY
17383,218108,218110,GLY,GLU
17384,218123,218125,GLU,ARG
17385,218147,218149,ARG,GLY
17386,218154,218156,GLY,PRO
17387,218168,218170,PRO,HYP
17388,218183,218185,HYP,GLY
17389,218190,218192,GLY,GLU
17390,218205,218207,GLU,SER
17391,218216,218218,SER,GLY
17392,218223,218225,GLY,ALA
17393,218233,218235,ALA,ALA
17394,218243,218245,ALA,GLY
17395,218250,218252,GLY,PRO
17396,218264,218266,PRO,SER
17397,218275,218277,SER,GLY
17398,218282,218284,GLY,PRO
17399,218296,218298,PRO,ILE
17400,218315,218317,ILE,GLY
17401,218322,218324,GLY,ILE
17402,218341,218343,ILE,ARG
17403,218365,218367,ARG,GLY
17404,218372,218374,GLY,PRO
17405,218386,218388,PRO,SER
17406,218397,218399,SER,GLY
17407,218404,218406,GLY,ALA
17408,218414,218416,ALA,HYP
17409,218429,218431,HYP,GLY
17410,218436,218438,GLY,PRO
17411,218450,218452,PRO,ASP
17412,218462,218464,ASP,GLY
17413,218469,218471,GLY,ASN
17414,218483,218485,ASN,LYS
17415,218505,218507,LYS,GLY
17416,218512,218514,GLY,GLU
17417,218527,218529,GLU,ALA
17418,218537,218539,ALA,GLY
17419,218544,218546,GLY,ALA
17420,218554,218556,ALA,VAL
17421,218570,218572,VAL,GLY
17422,218577,218579,GLY,ALA
17423,218587,218589,ALA,HYP
17424,218602,218604,HYP,GLY
17425,218609,218611,GLY,SER
17426,218620,218622,SER,ALA
17427,218630,218632,ALA,GLY
17428,218637,218639,GLY,ALA
17429,218647,218649,ALA,SER
17430,218658,218660,SER,GLY
17431,218665,218667,GLY,PRO
17432,218679,218681,PRO,GLY
17433,218686,218688,GLY,GLY
17434,218693,218695,GLY,LEU
17435,218712,218714,LEU,HYP
17436,218727,218729,HYP,GLY
17437,218734,218736,GLY,GLU
17438,218749,218751,GLU,ARG
17439,218773,218775,ARG,GLY
17440,218780,218782,GLY,ALA
17441,218790,218792,ALA,ALA
17442,218800,218802,ALA,GLY
17443,218807,218809,GLY,ILE
17444,218826,218828,ILE,HYP
17445,218841,218843,HYP,GLY
17446,218848,218850,GLY,GLY
17447,218855,218857,GLY,LYS
17448,218877,218879,LYS,GLY
17449,218884,218886,GLY,GLU
17450,218899,218901,GLU,LYS
17451,218921,218923,LYS,GLY
17452,218928,218930,GLY,GLU
17453,218943,218945,GLU,THR
17454,218957,218959,THR,GLY
17455,218964,218966,GLY,LEU
17456,218983,218985,LEU,ARG
17457,219007,219009,ARG,GLY
17458,219014,219016,GLY,GLU
17459,219029,219031,GLU,ILE
17460,219048,219050,ILE,GLY
17461,219055,219057,GLY,ASN
17462,219069,219071,ASN,HYP
17463,219084,219086,HYP,GLY
17464,219091,219093,GLY,ARG
17465,219115,219117,ARG,ASP
17466,219127,219129,ASP,GLY
17467,219134,219136,GLY,ALA
17468,219144,219146,ALA,ARG
17469,219168,219170,ARG,GLY
17470,219175,219177,GLY,ALA
17471,219185,219187,ALA,HYP
17472,219200,219202,HYP,GLY
17473,219207,219209,GLY,ALA
17474,219217,219219,ALA,ILE
17475,219236,219238,ILE,GLY
17476,219243,219245,GLY,ALA
17477,219253,219255,ALA,HYP
17478,219268,219270,HYP,GLY
17479,219275,219277,GLY,PRO
17480,219289,219291,PRO,ALA
17481,219299,219301,ALA,GLY
17482,219306,219308,GLY,ALA
17483,219316,219318,ALA,SER
17484,219327,219329,SER,GLY
17485,219334,219336,GLY,ASP
17486,219346,219348,ASP,ARG
17487,219370,219372,ARG,GLY
17488,219377,219379,GLY,GLU
17489,219392,219394,GLU,ALA
17490,219402,219404,ALA,GLY
17491,219409,219411,GLY,ALA
17492,219419,219421,ALA,ALA
17493,219429,219431,ALA,GLY
17494,219436,219438,GLY,PRO
17495,219450,219452,PRO,SER
17496,219461,219463,SER,GLY
17497,219468,219470,GLY,PRO
17498,219482,219484,PRO,ALA
17499,219492,219494,ALA,GLY
17500,219499,219501,GLY,PRO
17501,219513,219515,PRO,ARG
17502,219537,219539,ARG,GLY
17503,219544,219546,GLY,SER
17504,219555,219557,SER,HYP
17505,219570,219572,HYP,GLY
17506,219577,219579,GLY,GLU
17507,219592,219594,GLU,ARG
17508,219616,219618,ARG,GLY
17509,219623,219625,GLY,GLU
17510,219638,219640,GLU,VAL
17511,219654,219656,VAL,GLY
17512,219661,219663,GLY,PRO
17513,219675,219677,PRO,ALA
17514,219685,219687,ALA,GLY
17515,219692,219694,GLY,PRO
17516,219706,219708,PRO,ASN
17517,219720,219722,ASN,GLY
17518,219727,219729,GLY,DO1
17519,219777,219779,GLN,ALA
17520,219787,219789,ALA,GLY
17521,219794,219796,GLY,VAL
17522,219810,219812,VAL,MET
17523,219827,219829,MET,GLY
17524,219834,219836,GLY,DO1
17525,219855,219857,DO1,HYP
17526,219870,219872,HYP,GLY
17527,219877,219879,GLY,PRO
17528,219891,219893,PRO,LYS
17529,219913,219915,LYS,GLY
17530,219920,219922,GLY,THR
17531,219934,219936,THR,ALA
17532,219944,219946,ALA,GLY
17533,219951,219953,GLY,GLU
17534,219966,219968,GLU,HYP
17535,219981,219983,HYP,GLY
17536,219988,219990,GLY,LYS
17537,220010,220012,LYS,ALA
17538,220020,220022,ALA,GLY
17539,220027,220029,GLY,GLU
17540,220042,220044,GLU,ARG
17541,220066,220068,ARG,GLY
17542,220073,220075,GLY,VAL
17543,220089,220091,VAL,HYP
17544,220104,220106,HYP,GLY
17545,220111,220113,GLY,PRO
17546,220125,220127,PRO,HYP
17547,220140,220142,HYP,GLY
17548,220147,220149,GLY,ALA
17549,220157,220159,ALA,VAL
17550,220173,220175,VAL,GLY
17551,220180,220182,GLY,PRO
17552,220194,220196,PRO,ALA
17553,220204,220206,ALA,GLY
17554,220211,220213,GLY,LYS
17555,220233,220235,LYS,ASP
17556,220245,220247,ASP,GLY
17557,220252,220254,GLY,GLU
17558,220267,220269,GLU,ALA
17559,220277,220279,ALA,GLY
17560,220284,220286,GLY,ALA
17561,220294,220296,ALA,GLN
17562,220311,220313,GLN,GLY
17563,220318,220320,GLY,ALA
17564,220328,220330,ALA,HYP
17565,220343,220345,HYP,GLY
17566,220350,220352,GLY,PRO
17567,220364,220366,PRO,ALA
17568,220374,220376,ALA,GLY
17569,220381,220383,GLY,PRO
17570,220395,220397,PRO,ALA
17571,220405,220407,ALA,GLY
17572,220412,220414,GLY,GLU
17573,220427,220429,GLU,ARG
17574,220451,220453,ARG,GLY
17575,220458,220460,GLY,GLU
17576,220473,220475,GLU,GLN
17577,220490,220492,GLN,GLY
17578,220497,220499,GLY,PRO
17579,220511,220513,PRO,ALA
17580,220521,220523,ALA,GLY
17581,220528,220530,GLY,SER
17582,220539,220541,SER,HYP
17583,220554,220556,HYP,GLY
17584,220561,220563,GLY,DO2
17585,220582,220584,DO2,GLN
17586,220599,220601,GLN,GLY
17587,220606,220608,GLY,LEU
17588,220625,220627,LEU,HYP
17589,220640,220642,HYP,GLY
17590,220647,220649,GLY,PRO
17591,220661,220663,PRO,ALA
17592,220671,220673,ALA,GLY
17593,220678,220680,GLY,PRO
17594,220692,220694,PRO,HYP
17595,220707,220709,HYP,GLY
17596,220714,220716,GLY,GLU
17597,220729,220731,GLU,ALA
17598,220739,220741,ALA,GLY
17599,220746,220748,GLY,LYS
17600,220768,220770,LYS,HYP
17601,220783,220785,HYP,GLY
17602,220790,220792,GLY,GLU
17603,220805,220807,GLU,GLN
17604,220822,220824,GLN,GLY
17605,220829,220831,GLY,VAL
17606,220845,220847,VAL,HYP
17607,220860,220862,HYP,GLY
17608,220867,220869,GLY,ASP
17609,220879,220881,ASP,LEU
17610,220898,220900,LEU,GLY
17611,220905,220907,GLY,ALA
17612,220915,220917,ALA,HYP
17613,220930,220932,HYP,GLY
17614,220937,220939,GLY,PRO
17615,220951,220953,PRO,SER
17616,220962,220964,SER,GLY
17617,220969,220971,GLY,ALA
17618,220979,220981,ALA,ARG
17619,221003,221005,ARG,GLY
17620,221010,221012,GLY,GLU
17621,221025,221027,GLU,ARG
17622,221049,221051,ARG,GLY
17623,221056,221058,GLY,DO1
17624,221077,221079,DO1,HYP
17625,221092,221094,HYP,GLY
17626,221099,221101,GLY,GLU
17627,221114,221116,GLU,ARG
17628,221138,221140,ARG,GLY
17629,221145,221147,GLY,VAL
17630,221161,221163,VAL,GLN
17631,221178,221180,GLN,GLY
17632,221185,221187,GLY,PRO
17633,221199,221201,PRO,HYP
17634,221214,221216,HYP,GLY
17635,221221,221223,GLY,PRO
17636,221235,221237,PRO,ALA
17637,221245,221247,ALA,GLY
17638,221252,221254,GLY,PRO
17639,221266,221268,PRO,ARG
17640,221290,221292,ARG,GLY
17641,221297,221299,GLY,ASN
17642,221311,221313,ASN,ASN
17643,221325,221327,ASN,GLY
17644,221332,221334,GLY,ALA
17645,221342,221344,ALA,HYP
17646,221357,221359,HYP,GLY
17647,221364,221366,GLY,ASN
17648,221378,221380,ASN,ASP
17649,221390,221392,ASP,GLY
17650,221397,221399,GLY,ALA
17651,221407,221409,ALA,LYS
17652,221429,221431,LYS,GLY
17653,221436,221438,GLY,ASP
17654,221448,221450,ASP,THR
17655,221462,221464,THR,GLY
17656,221469,221471,GLY,ALA
17657,221479,221481,ALA,HYP
17658,221494,221496,HYP,GLY
17659,221501,221503,GLY,ALA
17660,221511,221513,ALA,HYP
17661,221526,221528,HYP,GLY
17662,221533,221535,GLY,SER
17663,221544,221546,SER,GLN
17664,221561,221563,GLN,GLY
17665,221568,221570,GLY,ALA
17666,221578,221580,ALA,HYP
17667,221593,221595,HYP,GLY
17668,221600,221602,GLY,LEU
17669,221619,221621,LEU,GLN
17670,221636,221638,GLN,GLY
17671,221643,221645,GLY,MET
17672,221660,221662,MET,HYP
17673,221675,221677,HYP,GLY
17674,221682,221684,GLY,GLU
17675,221697,221699,GLU,ARG
17676,221721,221723,ARG,GLY
17677,221728,221730,GLY,ALA
17678,221738,221740,ALA,ALA
17679,221748,221750,ALA,GLY
17680,221755,221757,GLY,LEU
17681,221774,221776,LEU,HYP
17682,221789,221791,HYP,GLY
17683,221796,221798,GLY,PRO
17684,221810,221812,PRO,LYS
17685,221832,221834,LYS,GLY
17686,221839,221841,GLY,ASP
17687,221851,221853,ASP,ARG
17688,221875,221877,ARG,GLY
17689,221882,221884,GLY,ASP
17690,221894,221896,ASP,ALA
17691,221904,221906,ALA,GLY
17692,221911,221913,GLY,PRO
17693,221925,221927,PRO,LYS
17694,221947,221949,LYS,GLY
17695,221954,221956,GLY,ALA
17696,221964,221966,ALA,ASP
17697,221976,221978,ASP,GLY
17698,221983,221985,GLY,SER
17699,221994,221996,SER,HYP
17700,222009,222011,HYP,GLY
17701,222016,222018,GLY,LYS
17702,222038,222040,LYS,ASP
17703,222050,222052,ASP,GLY
17704,222057,222059,GLY,VAL
17705,222073,222075,VAL,ARG
17706,222097,222099,ARG,GLY
17707,222104,222106,GLY,LEU
17708,222123,222125,LEU,THR
17709,222137,222139,THR,GLY
17710,222144,222146,GLY,PRO
17711,222158,222160,PRO,ILE
17712,222177,222179,ILE,GLY
17713,222184,222186,GLY,PRO
17714,222198,222200,PRO,HYP
17715,222213,222215,HYP,GLY
17716,222220,222222,GLY,PRO
17717,222234,222236,PRO,ALA
17718,222244,222246,ALA,GLY
17719,222251,222253,GLY,ALA
17720,222261,222263,ALA,HYP
17721,222276,222278,HYP,GLY
17722,222283,222285,GLY,ASP
17723,222295,222297,ASP,LYS
17724,222317,222319,LYS,GLY
17725,222324,222326,GLY,GLU
17726,222339,222341,GLU,THR
17727,222353,222355,THR,GLY
17728,222360,222362,GLY,PRO
17729,222374,222376,PRO,SER
17730,222385,222387,SER,GLY
17731,222392,222394,GLY,PRO
17732,222406,222408,PRO,ALA
17733,222416,222418,ALA,GLY
17734,222423,222425,GLY,PRO
17735,222437,222439,PRO,THR
17736,222451,222453,THR,GLY
17737,222458,222460,GLY,ALA
17738,222468,222470,ALA,ARG
17739,222492,222494,ARG,GLY
17740,222499,222501,GLY,ALA
17741,222509,222511,ALA,HYP
17742,222524,222526,HYP,GLY
17743,222531,222533,GLY,ASP
17744,222543,222545,ASP,ARG
17745,222567,222569,ARG,GLY
17746,222574,222576,GLY,GLU
17747,222589,222591,GLU,HYP
17748,222604,222606,HYP,GLY
17749,222611,222613,GLY,PRO
17750,222625,222627,PRO,HYP
17751,222640,222642,HYP,GLY
17752,222647,222649,GLY,PRO
17753,222661,222663,PRO,ALA
17754,222696,222698,GLN,MET
17755,222713,222715,MET,SER
17756,222724,222726,SER,DO1
17757,222745,222747,DO1,GLY
17758,222752,222754,GLY,DO1
17759,222773,222775,DO1,ASP
17760,222785,222787,ASP,GLU
17761,222800,222802,GLU,LYS
17762,222822,222824,LYS,SER
17763,222833,222835,SER,ALA
17764,222843,222845,ALA,GLY
17765,222850,222852,GLY,VAL
17766,222866,222868,VAL,SER
17767,222877,222879,SER,VAL
17768,222893,222895,VAL,PRO
17769,222907,222909,PRO,GLY
17770,222914,222916,GLY,PRO
17771,222928,222930,PRO,MET
17772,222945,222947,MET,GLY
17773,222952,222954,GLY,PRO
17774,222966,222968,PRO,SER
17775,222977,222979,SER,GLY
17776,222984,222986,GLY,PRO
17777,222998,223000,PRO,ARG
17778,223022,223024,ARG,GLY
17779,223029,223031,GLY,LEU
17780,223048,223050,LEU,HYP
17781,223063,223065,HYP,GLY
17782,223070,223072,GLY,PRO
17783,223084,223086,PRO,HYP
17784,223099,223101,HYP,GLY
17785,223106,223108,GLY,ALA
17786,223116,223118,ALA,HYP
17787,223131,223133,HYP,GLY
17788,223138,223140,GLY,PRO
17789,223152,223154,PRO,GLN
17790,223169,223171,GLN,GLY
17791,223176,223178,GLY,DO2
17792,223197,223199,DO2,GLN
17793,223214,223216,GLN,GLY
17794,223221,223223,GLY,PRO
17795,223235,223237,PRO,HYP
17796,223250,223252,HYP,GLY
17797,223257,223259,GLY,GLU
17798,223272,223274,GLU,HYP
17799,223287,223289,HYP,GLY
17800,223294,223296,GLY,GLU
17801,223309,223311,GLU,HYP
17802,223324,223326,HYP,GLY
17803,223331,223333,GLY,ALA
17804,223341,223343,ALA,SER
17805,223352,223354,SER,GLY
17806,223359,223361,GLY,PRO
17807,223373,223375,PRO,MET
17808,223390,223392,MET,GLY
17809,223397,223399,GLY,PRO
17810,223411,223413,PRO,ARG
17811,223435,223437,ARG,GLY
17812,223442,223444,GLY,PRO
17813,223456,223458,PRO,PRO
17814,223470,223472,PRO,GLY
17815,223477,223479,GLY,PRO
17816,223491,223493,PRO,HYP
17817,223506,223508,HYP,GLY
17818,223513,223515,GLY,LYS
17819,223535,223537,LYS,ASN
17820,223549,223551,ASN,GLY
17821,223556,223558,GLY,ASP
17822,223568,223570,ASP,ASP
17823,223580,223582,ASP,GLY
17824,223587,223589,GLY,GLU
17825,223602,223604,GLU,ALA
17826,223612,223614,ALA,GLY
17827,223619,223621,GLY,LYS
17828,223641,223643,LYS,PRO
17829,223655,223657,PRO,GLY
17830,223662,223664,GLY,ARG
17831,223686,223688,ARG,HYP
17832,223701,223703,HYP,GLY
17833,223708,223710,GLY,GLU
17834,223723,223725,GLU,ARG
17835,223747,223749,ARG,GLY
17836,223754,223756,GLY,PRO
17837,223768,223770,PRO,HYP
17838,223783,223785,HYP,GLY
17839,223790,223792,GLY,PRO
17840,223804,223806,PRO,GLN
17841,223821,223823,GLN,GLY
17842,223828,223830,GLY,ALA
17843,223838,223840,ALA,ARG
17844,223862,223864,ARG,GLY
17845,223869,223871,GLY,LEU
17846,223888,223890,LEU,HYP
17847,223903,223905,HYP,GLY
17848,223910,223912,GLY,THR
17849,223924,223926,THR,ALA
17850,223934,223936,ALA,GLY
17851,223941,223943,GLY,LEU
17852,223960,223962,LEU,HYP
17853,223975,223977,HYP,GLY
17854,223982,223984,GLY,MET
17855,223999,224001,MET,LYS
17856,224021,224023,LYS,GLY
17857,224028,224030,GLY,HIS
17858,224045,224047,HIS,ARG
17859,224069,224071,ARG,GLY
17860,224076,224078,GLY,DO1
17861,224097,224099,DO1,SER
17862,224108,224110,SER,GLY
17863,224115,224117,GLY,LEU
17864,224134,224136,LEU,ASP
17865,224146,224148,ASP,GLY
17866,224153,224155,GLY,ALA
17867,224163,224165,ALA,LYS
17868,224185,224187,LYS,GLY
17869,224192,224194,GLY,ASP
17870,224204,224206,ASP,THR
17871,224218,224220,THR,GLY
17872,224225,224227,GLY,PRO
17873,224239,224241,PRO,ALA
17874,224249,224251,ALA,GLY
17875,224256,224258,GLY,PRO
17876,224270,224272,PRO,LYS
17877,224292,224294,LYS,GLY
17878,224299,224301,GLY,GLU
17879,224314,224316,GLU,HYP
17880,224329,224331,HYP,GLY
17881,224336,224338,GLY,SER
17882,224347,224349,SER,HYP
17883,224362,224364,HYP,GLY
17884,224369,224371,GLY,GLU
17885,224384,224386,GLU,ASN
17886,224398,224400,ASN,GLY
17887,224405,224407,GLY,ALA
17888,224415,224417,ALA,HYP
17889,224430,224432,HYP,GLY
17890,224437,224439,GLY,GLN
17891,224454,224456,GLN,MET
17892,224471,224473,MET,GLY
17893,224478,224480,GLY,PRO
17894,224492,224494,PRO,ARG
17895,224516,224518,ARG,GLY
17896,224523,224525,GLY,LEU
17897,224542,224544,LEU,HYP
17898,224557,224559,HYP,GLY
17899,224564,224566,GLY,GLU
17900,224579,224581,GLU,ARG
17901,224603,224605,ARG,GLY
17902,224610,224612,GLY,ARG
17903,224634,224636,ARG,HYP
17904,224649,224651,HYP,GLY
17905,224656,224658,GLY,PRO
17906,224670,224672,PRO,PRO
17907,224684,224686,PRO,GLY
17908,224691,224693,GLY,SER
17909,224702,224704,SER,ALA
17910,224712,224714,ALA,GLY
17911,224719,224721,GLY,ALA
17912,224729,224731,ALA,ARG
17913,224753,224755,ARG,GLY
17914,224760,224762,GLY,ASN
17915,224774,224776,ASN,ASP
17916,224786,224788,ASP,GLY
17917,224793,224795,GLY,ALA
17918,224803,224805,ALA,VAL
17919,224819,224821,VAL,GLY
17920,224826,224828,GLY,ALA
17921,224836,224838,ALA,ALA
17922,224846,224848,ALA,GLY
17923,224853,224855,GLY,PRO
17924,224867,224869,PRO,HYP
17925,224882,224884,HYP,GLY
17926,224889,224891,GLY,PRO
17927,224903,224905,PRO,THR
17928,224917,224919,THR,GLY
17929,224924,224926,GLY,PRO
17930,224938,224940,PRO,THR
17931,224952,224954,THR,GLY
17932,224959,224961,GLY,PRO
17933,224973,224975,PRO,HYP
17934,224988,224990,HYP,GLY
17935,224995,224997,GLY,DO1
17936,225041,225043,GLN,DO2
17937,225062,225064,DO2,SER
17938,225073,225075,SER,ASP
17939,225085,225087,ASP,LY2
17940,225094,225096,LY2,GLY
17941,225101,225103,GLY,VAL
17942,225117,225119,VAL,SER
17943,225128,225130,SER,ALA
17944,225138,225140,ALA,GLY
17945,225145,225147,GLY,PRO
17946,225159,225161,PRO,GLY
17947,225166,225168,GLY,PRO
17948,225180,225182,PRO,MET
17949,225197,225199,MET,GLY
17950,225204,225206,GLY,LEU
17951,225223,225225,LEU,MET
17952,225240,225242,MET,GLY
17953,225247,225249,GLY,PRO
17954,225261,225263,PRO,ARG
17955,225285,225287,ARG,GLY
17956,225292,225294,GLY,PRO
17957,225306,225308,PRO,HYP
17958,225321,225323,HYP,GLY
17959,225328,225330,GLY,ALA
17960,225338,225340,ALA,VAL
17961,225354,225356,VAL,GLY
17962,225361,225363,GLY,ALA
17963,225371,225373,ALA,HYP
17964,225386,225388,HYP,GLY
17965,225393,225395,GLY,PRO
17966,225407,225409,PRO,GLN
17967,225424,225426,GLN,GLY
17968,225431,225433,GLY,DO2
17969,225452,225454,DO2,GLN
17970,225469,225471,GLN,GLY
17971,225476,225478,GLY,PRO
17972,225490,225492,PRO,ALA
17973,225500,225502,ALA,GLY
17974,225507,225509,GLY,GLU
17975,225522,225524,GLU,HYP
17976,225537,225539,HYP,GLY
17977,225544,225546,GLY,GLU
17978,225559,225561,GLU,HYP
17979,225574,225576,HYP,GLY
17980,225581,225583,GLY,GLN
17981,225598,225600,GLN,THR
17982,225612,225614,THR,GLY
17983,225619,225621,GLY,PRO
17984,225633,225635,PRO,ALA
17985,225643,225645,ALA,GLY
17986,225650,225652,GLY,SER
17987,225661,225663,SER,ARG
17988,225685,225687,ARG,GLY
17989,225692,225694,GLY,PRO
17990,225706,225708,PRO,ALA
17991,225716,225718,ALA,GLY
17992,225723,225725,GLY,PRO
17993,225737,225739,PRO,HYP
17994,225752,225754,HYP,GLY
17995,225759,225761,GLY,LYS
17996,225781,225783,LYS,ALA
17997,225791,225793,ALA,GLY
17998,225798,225800,GLY,GLU
17999,225813,225815,GLU,ASP
18000,225825,225827,ASP,GLY
18001,225832,225834,GLY,HIS
18002,225849,225851,HIS,HYP
18003,225864,225866,HYP,GLY
18004,225871,225873,GLY,LYS
18005,225893,225895,LYS,PRO
18006,225907,225909,PRO,GLY
18007,225914,225916,GLY,ARG
18008,225938,225940,ARG,HYP
18009,225953,225955,HYP,GLY
18010,225960,225962,GLY,GLU
18011,225975,225977,GLU,ARG
18012,225999,226001,ARG,GLY
18013,226006,226008,GLY,VAL
18014,226022,226024,VAL,VAL
18015,226038,226040,VAL,GLY
18016,226045,226047,GLY,PRO
18017,226059,226061,PRO,GLN
18018,226076,226078,GLN,GLY
18019,226083,226085,GLY,ALA
18020,226093,226095,ALA,ARG
18021,226117,226119,ARG,GLY
18022,226124,226126,GLY,DO2
18023,226145,226147,DO2,HYP
18024,226160,226162,HYP,GLY
18025,226167,226169,GLY,THR
18026,226181,226183,THR,HYP
18027,226196,226198,HYP,GLY
18028,226203,226205,GLY,LEU
18029,226222,226224,LEU,HYP
18030,226237,226239,HYP,GLY
18031,226244,226246,GLY,DO2
18032,226265,226267,DO2,LYX
18033,226285,226296,LYX,GLY
18034,226301,226303,GLY,ILE
18035,226320,226322,ILE,ARG
18036,226344,226346,ARG,GLY
18037,226351,226353,GLY,HIS
18038,226368,226370,HIS,ASN
18039,226382,226384,ASN,GLY
18040,226389,226391,GLY,LEU
18041,226408,226410,LEU,ASP
18042,226420,226422,ASP,GLY
18043,226427,226429,GLY,LEU
18044,226446,226448,LEU,LYS
18045,226468,226470,LYS,GLY
18046,226475,226477,GLY,GLN
18047,226492,226494,GLN,HYP
18048,226507,226509,HYP,GLY
18049,226514,226516,GLY,ALA
18050,226524,226526,ALA,GLN
18051,226541,226543,GLN,GLY
18052,226548,226550,GLY,VAL
18053,226564,226566,VAL,LYS
18054,226586,226588,LYS,GLY
18055,226593,226595,GLY,GLU
18056,226608,226610,GLU,HYP
18057,226623,226625,HYP,GLY
18058,226630,226632,GLY,ALA
18059,226640,226642,ALA,HYP
18060,226655,226657,HYP,GLY
18061,226662,226664,GLY,GLU
18062,226677,226679,GLU,ASN
18063,226691,226693,ASN,GLY
18064,226698,226700,GLY,THR
18065,226712,226714,THR,HYP
18066,226727,226729,HYP,GLY
18067,226734,226736,GLY,GLN
18068,226751,226753,GLN,ALA
18069,226761,226763,ALA,GLY
18070,226768,226770,GLY,ALA
18071,226778,226780,ALA,ARG
18072,226802,226804,ARG,GLY
18073,226809,226811,GLY,LEU
18074,226828,226830,LEU,HYP
18075,226843,226845,HYP,GLY
18076,226850,226852,GLY,GLU
18077,226865,226867,GLU,ARG
18078,226889,226891,ARG,GLY
18079,226896,226898,GLY,ARG
18080,226920,226922,ARG,VAL
18081,226936,226938,VAL,GLY
18082,226943,226945,GLY,ALA
18083,226953,226955,ALA,HYP
18084,226968,226970,HYP,GLY
18085,226975,226977,GLY,PRO
18086,226989,226991,PRO,ALA
18087,226999,227001,ALA,GLY
18088,227006,227008,GLY,ALA
18089,227016,227018,ALA,ARG
18090,227040,227042,ARG,GLY
18091,227047,227049,GLY,SER
18092,227058,227060,SER,ASP
18093,227070,227072,ASP,GLY
18094,227077,227079,GLY,SER
18095,227088,227090,SER,VAL
18096,227104,227106,VAL,GLY
18097,227111,227113,GLY,PRO
18098,227125,227127,PRO,VAL
18099,227141,227143,VAL,GLY
18100,227148,227150,GLY,PRO
18101,227162,227164,PRO,ALA
18102,227172,227174,ALA,GLY
18103,227179,227181,GLY,PRO
18104,227193,227195,PRO,ILE
18105,227212,227214,ILE,GLY
18106,227219,227221,GLY,SER
18107,227230,227232,SER,ALA
18108,227240,227242,ALA,GLY
18109,227247,227249,GLY,PRO
18110,227261,227263,PRO,HYP
18111,227301,227303,GLN,MET
18112,227318,227320,MET,SER
18113,227329,227331,SER,DO1
18114,227350,227352,DO1,GLY
18115,227357,227359,GLY,DO2
18116,227378,227380,DO2,ASP
18117,227390,227392,ASP,GLU
18118,227405,227407,GLU,LY3
18119,227417,227419,LY3,SER
18120,227428,227430,SER,ALA
18121,227438,227440,ALA,GLY
18122,227445,227447,GLY,VAL
18123,227461,227463,VAL,SER
18124,227472,227474,SER,VAL
18125,227488,227490,VAL,PRO
18126,227502,227504,PRO,GLY
18127,227509,227511,GLY,PRO
18128,227523,227525,PRO,MET
18129,227540,227542,MET,GLY
18130,227547,227549,GLY,PRO
18131,227561,227563,PRO,SER
18132,227572,227574,SER,GLY
18133,227579,227581,GLY,PRO
18134,227593,227595,PRO,ARG
18135,227617,227619,ARG,GLY
18136,227624,227626,GLY,LEU
18137,227643,227645,LEU,HYP
18138,227658,227660,HYP,GLY
18139,227665,227667,GLY,PRO
18140,227679,227681,PRO,HYP
18141,227694,227696,HYP,GLY
18142,227701,227703,GLY,ALA
18143,227711,227713,ALA,HYP
18144,227726,227728,HYP,GLY
18145,227733,227735,GLY,PRO
18146,227747,227749,PRO,GLN
18147,227764,227766,GLN,GLY
18148,227771,227773,GLY,DO2
18149,227792,227794,DO2,GLN
18150,227809,227811,GLN,GLY
18151,227816,227818,GLY,PRO
18152,227830,227832,PRO,HYP
18153,227845,227847,HYP,GLY
18154,227852,227854,GLY,GLU
18155,227867,227869,GLU,HYP
18156,227882,227884,HYP,GLY
18157,227889,227891,GLY,GLU
18158,227904,227906,GLU,HYP
18159,227919,227921,HYP,GLY
18160,227926,227928,GLY,ALA
18161,227936,227938,ALA,SER
18162,227947,227949,SER,GLY
18163,227954,227956,GLY,PRO
18164,227968,227970,PRO,MET
18165,227985,227987,MET,GLY
18166,227992,227994,GLY,PRO
18167,228006,228008,PRO,ARG
18168,228030,228032,ARG,GLY
18169,228037,228039,GLY,PRO
18170,228051,228053,PRO,PRO
18171,228065,228067,PRO,GLY
18172,228072,228074,GLY,PRO
18173,228086,228088,PRO,HYP
18174,228101,228103,HYP,GLY
18175,228108,228110,GLY,LYS
18176,228130,228132,LYS,ASN
18177,228144,228146,ASN,GLY
18178,228151,228153,GLY,ASP
18179,228163,228165,ASP,ASP
18180,228175,228177,ASP,GLY
18181,228182,228184,GLY,GLU
18182,228197,228199,GLU,ALA
18183,228207,228209,ALA,GLY
18184,228214,228216,GLY,LYS
18185,228236,228238,LYS,PRO
18186,228250,228252,PRO,GLY
18187,228257,228259,GLY,ARG
18188,228281,228283,ARG,HYP
18189,228296,228298,HYP,GLY
18190,228303,228305,GLY,GLU
18191,228318,228320,GLU,ARG
18192,228342,228344,ARG,GLY
18193,228349,228351,GLY,PRO
18194,228363,228365,PRO,HYP
18195,228378,228380,HYP,GLY
18196,228385,228387,GLY,PRO
18197,228399,228401,PRO,GLN
18198,228416,228418,GLN,GLY
18199,228423,228425,GLY,ALA
18200,228433,228435,ALA,ARG
18201,228457,228459,ARG,GLY
18202,228464,228466,GLY,LEU
18203,228483,228485,LEU,HYP
18204,228498,228500,HYP,GLY
18205,228505,228507,GLY,THR
18206,228519,228521,THR,ALA
18207,228529,228531,ALA,GLY
18208,228536,228538,GLY,LEU
18209,228555,228557,LEU,HYP
18210,228570,228572,HYP,GLY
18211,228577,228579,GLY,MET
18212,228594,228596,MET,LYS
18213,228616,228618,LYS,GLY
18214,228623,228625,GLY,HIS
18215,228640,228642,HIS,ARG
18216,228664,228666,ARG,GLY
18217,228671,228673,GLY,DO1
18218,228692,228694,DO1,SER
18219,228703,228705,SER,GLY
18220,228710,228712,GLY,LEU
18221,228729,228731,LEU,ASP
18222,228741,228743,ASP,GLY
18223,228748,228750,GLY,ALA
18224,228758,228760,ALA,LYS
18225,228780,228782,LYS,GLY
18226,228787,228789,GLY,ASP
18227,228799,228801,ASP,THR
18228,228813,228815,THR,GLY
18229,228820,228822,GLY,PRO
18230,228834,228836,PRO,ALA
18231,228844,228846,ALA,GLY
18232,228851,228853,GLY,PRO
18233,228865,228867,PRO,LYS
18234,228887,228889,LYS,GLY
18235,228894,228896,GLY,GLU
18236,228909,228911,GLU,HYP
18237,228924,228926,HYP,GLY
18238,228931,228933,GLY,SER
18239,228942,228944,SER,HYP
18240,228957,228959,HYP,GLY
18241,228964,228966,GLY,GLU
18242,228979,228981,GLU,ASN
18243,228993,228995,ASN,GLY
18244,229000,229002,GLY,ALA
18245,229010,229012,ALA,HYP
18246,229025,229027,HYP,GLY
18247,229032,229034,GLY,GLN
18248,229049,229051,GLN,MET
18249,229066,229068,MET,GLY
18250,229073,229075,GLY,PRO
18251,229087,229089,PRO,ARG
18252,229111,229113,ARG,GLY
18253,229118,229120,GLY,LEU
18254,229137,229139,LEU,HYP
18255,229152,229154,HYP,GLY
18256,229159,229161,GLY,GLU
18257,229174,229176,GLU,ARG
18258,229198,229200,ARG,GLY
18259,229205,229207,GLY,ARG
18260,229229,229231,ARG,HYP
18261,229244,229246,HYP,GLY
18262,229251,229253,GLY,PRO
18263,229265,229267,PRO,PRO
18264,229279,229281,PRO,GLY
18265,229286,229288,GLY,SER
18266,229297,229299,SER,ALA
18267,229307,229309,ALA,GLY
18268,229314,229316,GLY,ALA
18269,229324,229326,ALA,ARG
18270,229348,229350,ARG,GLY
18271,229355,229357,GLY,ASN
18272,229369,229371,ASN,ASP
18273,229381,229383,ASP,GLY
18274,229388,229390,GLY,ALA
18275,229398,229400,ALA,VAL
18276,229414,229416,VAL,GLY
18277,229421,229423,GLY,ALA
18278,229431,229433,ALA,ALA
18279,229441,229443,ALA,GLY
18280,229448,229450,GLY,PRO
18281,229462,229464,PRO,HYP
18282,229477,229479,HYP,GLY
18283,229484,229486,GLY,PRO
18284,229498,229500,PRO,THR
18285,229512,229514,THR,GLY
18286,229519,229521,GLY,PRO
18287,229533,229535,PRO,THR
18288,229547,229549,THR,GLY
18289,229554,229556,GLY,PRO
18290,229568,229570,PRO,HYP
18291,229616,229618,DO1,HYP
18292,229631,229633,HYP,GLY
18293,229638,229640,GLY,ALA
18294,229648,229650,ALA,ALA
18295,229658,229660,ALA,GLY
18296,229665,229667,GLY,ALA
18297,229675,229677,ALA,LYS
18298,229697,229699,LYS,GLY
18299,229704,229706,GLY,GLU
18300,229719,229721,GLU,ALA
18301,229729,229731,ALA,GLY
18302,229736,229738,GLY,PRO
18303,229750,229752,PRO,GLN
18304,229767,229769,GLN,GLY
18305,229774,229776,GLY,ALA
18306,229784,229786,ALA,ARG
18307,229808,229810,ARG,GLY
18308,229815,229817,GLY,SER
18309,229826,229828,SER,GLU
18310,229841,229843,GLU,GLY
18311,229848,229850,GLY,PRO
18312,229862,229864,PRO,GLN
18313,229879,229881,GLN,GLY
18314,229886,229888,GLY,VAL
18315,229902,229904,VAL,ARG
18316,229926,229928,ARG,GLY
18317,229933,229935,GLY,GLU
18318,229948,229950,GLU,HYP
18319,229963,229965,HYP,GLY
18320,229970,229972,GLY,PRO
18321,229984,229986,PRO,HYP
18322,229999,230001,HYP,GLY
18323,230006,230008,GLY,PRO
18324,230020,230022,PRO,ALA
18325,230030,230032,ALA,GLY
18326,230037,230039,GLY,ALA
18327,230047,230049,ALA,ALA
18328,230057,230059,ALA,GLY
18329,230064,230066,GLY,PRO
18330,230078,230080,PRO,ALA
18331,230088,230090,ALA,GLY
18332,230095,230097,GLY,ASN
18333,230109,230111,ASN,HYP
18334,230124,230126,HYP,GLY
18335,230131,230133,GLY,ALA
18336,230141,230143,ALA,ASP
18337,230153,230155,ASP,GLY
18338,230160,230162,GLY,GLN
18339,230177,230179,GLN,HYP
18340,230192,230194,HYP,GLY
18341,230199,230201,GLY,ALA
18342,230209,230211,ALA,LYS
18343,230231,230233,LYS,GLY
18344,230238,230240,GLY,ALA
18345,230248,230250,ALA,ASN
18346,230262,230264,ASN,GLY
18347,230269,230271,GLY,ALA
18348,230279,230281,ALA,HYP
18349,230294,230296,HYP,GLY
18350,230301,230303,GLY,ILE
18351,230320,230322,ILE,ALA
18352,230330,230332,ALA,GLY
18353,230337,230339,GLY,ALA
18354,230347,230349,ALA,HYP
18355,230362,230364,HYP,GLY
18356,230369,230371,GLY,DO1
18357,230390,230392,DO1,HYP
18358,230405,230407,HYP,GLY
18359,230412,230414,GLY,ALA
18360,230422,230424,ALA,ARG
18361,230446,230448,ARG,GLY
18362,230453,230455,GLY,PRO
18363,230467,230469,PRO,SER
18364,230478,230480,SER,GLY
18365,230485,230487,GLY,PRO
18366,230499,230501,PRO,GLN
18367,230516,230518,GLN,GLY
18368,230523,230525,GLY,PRO
18369,230537,230539,PRO,SER
18370,230548,230550,SER,GLY
18371,230555,230557,GLY,ALA
18372,230565,230567,ALA,HYP
18373,230580,230582,HYP,GLY
18374,230587,230589,GLY,PRO
18375,230601,230603,PRO,LYS
18376,230623,230625,LYS,GLY
18377,230630,230632,GLY,ASN
18378,230644,230646,ASN,SER
18379,230655,230657,SER,GLY
18380,230662,230664,GLY,GLU
18381,230677,230679,GLU,HYP
18382,230692,230694,HYP,GLY
18383,230699,230701,GLY,ALA
18384,230709,230711,ALA,HYP
18385,230724,230726,HYP,GLY
18386,230731,230733,GLY,ASN
18387,230745,230747,ASN,LYS
18388,230767,230769,LYS,GLY
18389,230774,230776,GLY,ASP
18390,230786,230788,ASP,THR
18391,230800,230802,THR,GLY
18392,230807,230809,GLY,ALA
18393,230817,230819,ALA,LYS
18394,230839,230841,LYS,GLY
18395,230846,230848,GLY,GLU
18396,230861,230863,GLU,HYP
18397,230876,230878,HYP,GLY
18398,230883,230885,GLY,PRO
18399,230897,230899,PRO,ALA
18400,230907,230909,ALA,GLY
18401,230914,230916,GLY,VAL
18402,230930,230932,VAL,GLN
18403,230947,230949,GLN,GLY
18404,230954,230956,GLY,PRO
18405,230968,230970,PRO,HYP
18406,230983,230985,HYP,GLY
18407,230990,230992,GLY,PRO
18408,231004,231006,PRO,ALA
18409,231014,231016,ALA,GLY
18410,231021,231023,GLY,GLU
18411,231036,231038,GLU,GLU
18412,231051,231053,GLU,GLY
18413,231058,231060,GLY,LYS
18414,231080,231082,LYS,ARG
18415,231104,231106,ARG,GLY
18416,231111,231113,GLY,ALA
18417,231121,231123,ALA,ARG
18418,231145,231147,ARG,GLY
18419,231152,231154,GLY,GLU
18420,231167,231169,GLU,HYP
18421,231182,231184,HYP,GLY
18422,231189,231191,GLY,PRO
18423,231203,231205,PRO,SER
18424,231214,231216,SER,GLY
18425,231221,231223,GLY,LEU
18426,231240,231242,LEU,HYP
18427,231255,231257,HYP,GLY
18428,231262,231264,GLY,PRO
18429,231276,231278,PRO,PRO
18430,231290,231292,PRO,GLY
18431,231297,231299,GLY,GLU
18432,231312,231314,GLU,ARG
18433,231336,231338,ARG,GLY
18434,231343,231345,GLY,GLY
18435,231350,231352,GLY,HYP
18436,231365,231367,HYP,GLY
18437,231372,231374,GLY,SER
18438,231383,231385,SER,ARG
18439,231407,231409,ARG,GLY
18440,231414,231416,GLY,DO2
18441,231435,231437,DO2,HYP
18442,231450,231452,HYP,GLY
18443,231457,231459,GLY,ALA
18444,231467,231469,ALA,ASP
18445,231479,231481,ASP,GLY
18446,231486,231488,GLY,VAL
18447,231502,231504,VAL,ALA
18448,231512,231514,ALA,GLY
18449,231519,231521,GLY,PRO
18450,231533,231535,PRO,LYS
18451,231555,231557,LYS,GLY
18452,231562,231564,GLY,PRO
18453,231576,231578,PRO,ALA
18454,231586,231588,ALA,GLY
18455,231593,231595,GLY,GLU
18456,231608,231610,GLU,ARG
18457,231632,231634,ARG,GLY
18458,231639,231641,GLY,SER
18459,231650,231652,SER,HYP
18460,231665,231667,HYP,GLY
18461,231672,231674,GLY,PRO
18462,231686,231688,PRO,ALA
18463,231696,231698,ALA,GLY
18464,231703,231705,GLY,PRO
18465,231717,231719,PRO,LYS
18466,231739,231741,LYS,GLY
18467,231746,231748,GLY,SER
18468,231757,231759,SER,HYP
18469,231772,231774,HYP,GLY
18470,231779,231781,GLY,GLU
18471,231794,231796,GLU,ALA
18472,231804,231806,ALA,GLY
18473,231811,231813,GLY,ARG
18474,231835,231837,ARG,HYP
18475,231850,231852,HYP,GLY
18476,231857,231859,GLY,GLU
18477,231872,231874,GLU,ALA
18478,231882,231884,ALA,GLY
18479,231889,231891,GLY,LEU
18480,231908,231910,LEU,HYP
18481,231923,231925,HYP,GLY
18482,231930,231932,GLY,ALA
18483,231940,231942,ALA,LYS
18484,231962,231964,LYS,GLY
18485,231969,231971,GLY,LEU
18486,231988,231990,LEU,THR
18487,232002,232004,THR,GLY
18488,232009,232011,GLY,SER
18489,232020,232022,SER,HYP
18490,232035,232037,HYP,GLY
18491,232042,232044,GLY,SER
18492,232053,232055,SER,HYP
18493,232068,232070,HYP,GLY
18494,232075,232077,GLY,PRO
18495,232089,232091,PRO,ASP
18496,232101,232103,ASP,GLY
18497,232108,232110,GLY,LYS
18498,232130,232132,LYS,THR
18499,232144,232146,THR,GLY
18500,232151,232153,GLY,PRO
18501,232165,232167,PRO,HYP
18502,232180,232182,HYP,GLY
18503,232187,232189,GLY,PRO
18504,232201,232203,PRO,ALA
18505,232211,232213,ALA,GLY
18506,232218,232220,GLY,GLN
18507,232235,232237,GLN,ASP
18508,232247,232249,ASP,GLY
18509,232254,232256,GLY,ARG
18510,232278,232280,ARG,HYP
18511,232293,232295,HYP,GLY
18512,232300,232302,GLY,PRO
18513,232314,232316,PRO,ALA
18514,232324,232326,ALA,GLY
18515,232331,232333,GLY,PRO
18516,232345,232347,PRO,HYP
18517,232360,232362,HYP,GLY
18518,232367,232369,GLY,ALA
18519,232377,232379,ALA,ARG
18520,232401,232403,ARG,GLY
18521,232408,232410,GLY,GLN
18522,232444,232446,GLY,DO1
18523,232465,232467,DO1,HYP
18524,232480,232482,HYP,GLY
18525,232487,232489,GLY,ALA
18526,232497,232499,ALA,HYP
18527,232512,232514,HYP,GLY
18528,232519,232521,GLY,PRO
18529,232533,232535,PRO,LYS
18530,232555,232557,LYS,GLY
18531,232562,232564,GLY,GLU
18532,232577,232579,GLU,LEU
18533,232596,232598,LEU,GLY
18534,232603,232605,GLY,PRO
18535,232617,232619,PRO,VAL
18536,232633,232635,VAL,GLY
18537,232640,232642,GLY,ASN
18538,232654,232656,ASN,HYP
18539,232669,232671,HYP,GLY
18540,232676,232678,GLY,PRO
18541,232690,232692,PRO,ALA
18542,232700,232702,ALA,GLY
18543,232707,232709,GLY,PRO
18544,232721,232723,PRO,ALA
18545,232731,232733,ALA,GLY
18546,232738,232740,GLY,PRO
18547,232752,232754,PRO,ARG
18548,232776,232778,ARG,GLY
18549,232783,232785,GLY,GLU
18550,232798,232800,GLU,ALA
18551,232808,232810,ALA,GLY
18552,232815,232817,GLY,LEU
18553,232834,232836,LEU,HYP
18554,232849,232851,HYP,GLY
18555,232856,232858,GLY,LEU
18556,232875,232877,LEU,SER
18557,232886,232888,SER,GLY
18558,232893,232895,GLY,PRO
18559,232907,232909,PRO,VAL
18560,232923,232925,VAL,GLY
18561,232930,232932,GLY,PRO
18562,232944,232946,PRO,HYP
18563,232959,232961,HYP,GLY
18564,232966,232968,GLY,ASN
18565,232980,232982,ASN,PRO
18566,232994,232996,PRO,GLY
18567,233001,233003,GLY,ALA
18568,233011,233013,ALA,ASN
18569,233025,233027,ASN,GLY
18570,233032,233034,GLY,LEU
18571,233051,233053,LEU,THR
18572,233065,233067,THR,GLY
18573,233072,233074,GLY,ALA
18574,233082,233084,ALA,LYS
18575,233104,233106,LYS,GLY
18576,233111,233113,GLY,ALA
18577,233121,233123,ALA,THR
18578,233135,233137,THR,GLY
18579,233142,233144,GLY,LEU
18580,233161,233163,LEU,HYP
18581,233176,233178,HYP,GLY
18582,233183,233185,GLY,VAL
18583,233199,233201,VAL,ALA
18584,233209,233211,ALA,GLY
18585,233216,233218,GLY,ALA
18586,233226,233228,ALA,HYP
18587,233241,233243,HYP,GLY
18588,233248,233250,GLY,LEU
18589,233267,233269,LEU,HYP
18590,233282,233284,HYP,GLY
18591,233289,233291,GLY,PRO
18592,233303,233305,PRO,ARG
18593,233327,233329,ARG,GLY
18594,233334,233336,GLY,ILE
18595,233353,233355,ILE,HYP
18596,233368,233370,HYP,GLY
18597,233375,233377,GLY,PRO
18598,233389,233391,PRO,VAL
18599,233405,233407,VAL,GLY
18600,233412,233414,GLY,ALA
18601,233422,233424,ALA,ALA
18602,233432,233434,ALA,GLY
18603,233439,233441,GLY,ALA
18604,233449,233451,ALA,THR
18605,233463,233465,THR,GLY
18606,233470,233472,GLY,PRO
18607,233484,233486,PRO,ARG
18608,233508,233510,ARG,GLY
18609,233515,233517,GLY,LEU
18610,233534,233536,LEU,VAL
18611,233550,233552,VAL,GLY
18612,233557,233559,GLY,GLU
18613,233572,233574,GLU,HYP
18614,233587,233589,HYP,GLY
18615,233594,233596,GLY,PRO
18616,233608,233610,PRO,ALA
18617,233618,233620,ALA,GLY
18618,233625,233627,GLY,SER
18619,233636,233638,SER,LYS
18620,233658,233660,LYS,GLY
18621,233665,233667,GLY,GLU
18622,233680,233682,GLU,THR
18623,233694,233696,THR,GLY
18624,233701,233703,GLY,ASN
18625,233715,233717,ASN,LYS
18626,233737,233739,LYS,GLY
18627,233744,233746,GLY,GLU
18628,233759,233761,GLU,HYP
18629,233774,233776,HYP,GLY
18630,233781,233783,GLY,SER
18631,233792,233794,SER,ALA
18632,233802,233804,ALA,GLY
18633,233809,233811,GLY,ALA
18634,233819,233821,ALA,GLN
18635,233836,233838,GLN,GLY
18636,233843,233845,GLY,PRO
18637,233857,233859,PRO,HYP
18638,233872,233874,HYP,GLY
18639,233879,233881,GLY,PRO
18640,233893,233895,PRO,SER
18641,233904,233906,SER,GLY
18642,233911,233913,GLY,GLU
18643,233926,233928,GLU,GLU
18644,233941,233943,GLU,GLY
18645,233948,233950,GLY,LYS
18646,233970,233972,LYS,ARG
18647,233994,233996,ARG,GLY
18648,234001,234003,GLY,SER
18649,234012,234014,SER,PRO
18650,234026,234028,PRO,GLY
18651,234033,234035,GLY,GLU
18652,234048,234050,GLU,PRO
18653,234062,234064,PRO,GLY
18654,234069,234071,GLY,SER
18655,234080,234082,SER,ALA
18656,234090,234092,ALA,GLY
18657,234097,234099,GLY,PRO
18658,234111,234113,PRO,ALA
18659,234121,234123,ALA,GLY
18660,234128,234130,GLY,PRO
18661,234142,234144,PRO,HYP
18662,234157,234159,HYP,GLY
18663,234164,234166,GLY,LEU
18664,234183,234185,LEU,ARG
18665,234207,234209,ARG,GLY
18666,234214,234216,GLY,SER
18667,234225,234227,SER,HYP
18668,234240,234242,HYP,GLY
18669,234247,234249,GLY,SER
18670,234258,234260,SER,ARG
18671,234282,234284,ARG,GLY
18672,234289,234291,GLY,LEU
18673,234308,234310,LEU,HYP
18674,234323,234325,HYP,GLY
18675,234330,234332,GLY,ALA
18676,234340,234342,ALA,ASP
18677,234352,234354,ASP,GLY
18678,234359,234361,GLY,ARG
18679,234383,234385,ARG,ALA
18680,234393,234395,ALA,GLY
18681,234400,234402,GLY,VAL
18682,234416,234418,VAL,MET
18683,234433,234435,MET,GLY
18684,234440,234442,GLY,PRO
18685,234454,234456,PRO,PRO
18686,234468,234470,PRO,GLY
18687,234475,234477,GLY,ASN
18688,234489,234491,ASN,ARG
18689,234513,234515,ARG,GLY
18690,234520,234522,GLY,SER
18691,234531,234533,SER,THR
18692,234545,234547,THR,GLY
18693,234552,234554,GLY,PRO
18694,234566,234568,PRO,ALA
18695,234576,234578,ALA,GLY
18696,234583,234585,GLY,VAL
18697,234599,234601,VAL,ARG
18698,234623,234625,ARG,GLY
18699,234630,234632,GLY,PRO
18700,234644,234646,PRO,ASN
18701,234658,234660,ASN,GLY
18702,234665,234667,GLY,ASP
18703,234677,234679,ASP,ALA
18704,234687,234689,ALA,GLY
18705,234694,234696,GLY,ARG
18706,234718,234720,ARG,HYP
18707,234733,234735,HYP,GLY
18708,234740,234742,GLY,GLU
18709,234755,234757,GLU,HYP
18710,234770,234772,HYP,GLY
18711,234777,234779,GLY,LEU
18712,234796,234798,LEU,MET
18713,234813,234815,MET,GLY
18714,234820,234822,GLY,PRO
18715,234834,234836,PRO,ARG
18716,234858,234860,ARG,GLY
18717,234865,234867,GLY,LEU
18718,234884,234886,LEU,HYP
18719,234899,234901,HYP,GLY
18720,234906,234908,GLY,SER
18721,234917,234919,SER,HYP
18722,234932,234934,HYP,GLY
18723,234939,234941,GLY,ASN
18724,234953,234955,ASN,VAL
18725,234969,234971,VAL,GLY
18726,234976,234978,GLY,PRO
18727,234990,234992,PRO,ALA
18728,235000,235002,ALA,GLY
18729,235007,235009,GLY,LYS
18730,235029,235031,LYS,GLU
18731,235044,235046,GLU,GLY
18732,235051,235053,GLY,PRO
18733,235065,235067,PRO,VAL
18734,235081,235083,VAL,GLY
18735,235088,235090,GLY,LEU
18736,235107,235109,LEU,HYP
18737,235122,235124,HYP,GLY
18738,235129,235131,GLY,ILE
18739,235148,235150,ILE,ASP
18740,235160,235162,ASP,GLY
18741,235167,235169,GLY,ARG
18742,235191,235193,ARG,HYP
18743,235206,235208,HYP,GLY
18744,235213,235215,GLY,PRO
18745,235227,235229,PRO,ILE
18746,235246,235248,ILE,GLY
18747,235253,235255,GLY,PRO
18748,235267,235269,PRO,ALA
18749,235277,235279,ALA,GLY
18750,235284,235286,GLY,PRO
18751,235298,235300,PRO,ARG
18752,235322,235324,ARG,GLY
18753,235348,235350,GLY,DO2
18754,235369,235371,DO2,HYP
18755,235384,235386,HYP,GLY
18756,235391,235393,GLY,ALA
18757,235401,235403,ALA,ALA
18758,235411,235413,ALA,GLY
18759,235418,235420,GLY,ALA
18760,235428,235430,ALA,LYS
18761,235450,235452,LYS,GLY
18762,235457,235459,GLY,GLU
18763,235472,235474,GLU,ALA
18764,235482,235484,ALA,GLY
18765,235489,235491,GLY,PRO
18766,235503,235505,PRO,GLN
18767,235520,235522,GLN,GLY
18768,235527,235529,GLY,ALA
18769,235537,235539,ALA,ARG
18770,235561,235563,ARG,GLY
18771,235568,235570,GLY,SER
18772,235579,235581,SER,GLU
18773,235594,235596,GLU,GLY
18774,235601,235603,GLY,PRO
18775,235615,235617,PRO,GLN
18776,235632,235634,GLN,GLY
18777,235639,235641,GLY,VAL
18778,235655,235657,VAL,ARG
18779,235679,235681,ARG,GLY
18780,235686,235688,GLY,GLU
18781,235701,235703,GLU,HYP
18782,235716,235718,HYP,GLY
18783,235723,235725,GLY,PRO
18784,235737,235739,PRO,HYP
18785,235752,235754,HYP,GLY
18786,235759,235761,GLY,PRO
18787,235773,235775,PRO,ALA
18788,235783,235785,ALA,GLY
18789,235790,235792,GLY,ALA
18790,235800,235802,ALA,ALA
18791,235810,235812,ALA,GLY
18792,235817,235819,GLY,PRO
18793,235831,235833,PRO,ALA
18794,235841,235843,ALA,GLY
18795,235848,235850,GLY,ASN
18796,235862,235864,ASN,HYP
18797,235877,235879,HYP,GLY
18798,235884,235886,GLY,ALA
18799,235894,235896,ALA,ASP
18800,235906,235908,ASP,GLY
18801,235913,235915,GLY,GLN
18802,235930,235932,GLN,HYP
18803,235945,235947,HYP,GLY
18804,235952,235954,GLY,ALA
18805,235962,235964,ALA,LYS
18806,235984,235986,LYS,GLY
18807,235991,235993,GLY,ALA
18808,236001,236003,ALA,ASN
18809,236015,236017,ASN,GLY
18810,236022,236024,GLY,ALA
18811,236032,236034,ALA,HYP
18812,236047,236049,HYP,GLY
18813,236054,236056,GLY,ILE
18814,236073,236075,ILE,ALA
18815,236083,236085,ALA,GLY
18816,236090,236092,GLY,ALA
18817,236100,236102,ALA,HYP
18818,236115,236117,HYP,GLY
18819,236122,236124,GLY,DO2
18820,236143,236145,DO2,HYP
18821,236158,236160,HYP,GLY
18822,236165,236167,GLY,ALA
18823,236175,236177,ALA,ARG
18824,236199,236201,ARG,GLY
18825,236206,236208,GLY,PRO
18826,236220,236222,PRO,SER
18827,236231,236233,SER,GLY
18828,236238,236240,GLY,PRO
18829,236252,236254,PRO,GLN
18830,236269,236271,GLN,GLY
18831,236276,236278,GLY,PRO
18832,236290,236292,PRO,SER
18833,236301,236303,SER,GLY
18834,236308,236310,GLY,ALA
18835,236318,236320,ALA,HYP
18836,236333,236335,HYP,GLY
18837,236340,236342,GLY,PRO
18838,236354,236356,PRO,LYS
18839,236376,236378,LYS,GLY
18840,236383,236385,GLY,ASN
18841,236397,236399,ASN,SER
18842,236408,236410,SER,GLY
18843,236415,236417,GLY,GLU
18844,236430,236432,GLU,HYP
18845,236445,236447,HYP,GLY
18846,236452,236454,GLY,ALA
18847,236462,236464,ALA,HYP
18848,236477,236479,HYP,GLY
18849,236484,236486,GLY,ASN
18850,236498,236500,ASN,LYS
18851,236520,236522,LYS,GLY
18852,236527,236529,GLY,ASP
18853,236539,236541,ASP,THR
18854,236553,236555,THR,GLY
18855,236560,236562,GLY,ALA
18856,236570,236572,ALA,LYS
18857,236592,236594,LYS,GLY
18858,236599,236601,GLY,GLU
18859,236614,236616,GLU,HYP
18860,236629,236631,HYP,GLY
18861,236636,236638,GLY,PRO
18862,236650,236652,PRO,ALA
18863,236660,236662,ALA,GLY
18864,236667,236669,GLY,VAL
18865,236683,236685,VAL,GLN
18866,236700,236702,GLN,GLY
18867,236707,236709,GLY,PRO
18868,236721,236723,PRO,HYP
18869,236736,236738,HYP,GLY
18870,236743,236745,GLY,PRO
18871,236757,236759,PRO,ALA
18872,236767,236769,ALA,GLY
18873,236774,236776,GLY,GLU
18874,236789,236791,GLU,GLU
18875,236804,236806,GLU,GLY
18876,236811,236813,GLY,LYS
18877,236833,236835,LYS,ARG
18878,236857,236859,ARG,GLY
18879,236864,236866,GLY,ALA
18880,236874,236876,ALA,ARG
18881,236898,236900,ARG,GLY
18882,236905,236907,GLY,GLU
18883,236920,236922,GLU,HYP
18884,236935,236937,HYP,GLY
18885,236942,236944,GLY,PRO
18886,236956,236958,PRO,SER
18887,236967,236969,SER,GLY
18888,236974,236976,GLY,LEU
18889,236993,236995,LEU,HYP
18890,237008,237010,HYP,GLY
18891,237015,237017,GLY,PRO
18892,237029,237031,PRO,PRO
18893,237043,237045,PRO,GLY
18894,237050,237052,GLY,GLU
18895,237065,237067,GLU,ARG
18896,237089,237091,ARG,GLY
18897,237096,237098,GLY,GLY
18898,237103,237105,GLY,HYP
18899,237118,237120,HYP,GLY
18900,237125,237127,GLY,SER
18901,237136,237138,SER,ARG
18902,237160,237162,ARG,GLY
18903,237167,237169,GLY,DO1
18904,237188,237190,DO1,HYP
18905,237203,237205,HYP,GLY
18906,237210,237212,GLY,ALA
18907,237220,237222,ALA,ASP
18908,237232,237234,ASP,GLY
18909,237239,237241,GLY,VAL
18910,237255,237257,VAL,ALA
18911,237265,237267,ALA,GLY
18912,237272,237274,GLY,PRO
18913,237286,237288,PRO,LYS
18914,237308,237310,LYS,GLY
18915,237315,237317,GLY,PRO
18916,237329,237331,PRO,ALA
18917,237339,237341,ALA,GLY
18918,237346,237348,GLY,GLU
18919,237361,237363,GLU,ARG
18920,237385,237387,ARG,GLY
18921,237392,237394,GLY,SER
18922,237403,237405,SER,HYP
18923,237418,237420,HYP,GLY
18924,237425,237427,GLY,PRO
18925,237439,237441,PRO,ALA
18926,237449,237451,ALA,GLY
18927,237456,237458,GLY,PRO
18928,237470,237472,PRO,LYS
18929,237492,237494,LYS,GLY
18930,237499,237501,GLY,SER
18931,237510,237512,SER,HYP
18932,237525,237527,HYP,GLY
18933,237532,237534,GLY,GLU
18934,237547,237549,GLU,ALA
18935,237557,237559,ALA,GLY
18936,237564,237566,GLY,ARG
18937,237588,237590,ARG,HYP
18938,237603,237605,HYP,GLY
18939,237610,237612,GLY,GLU
18940,237625,237627,GLU,ALA
18941,237635,237637,ALA,GLY
18942,237642,237644,GLY,LEU
18943,237661,237663,LEU,HYP
18944,237676,237678,HYP,GLY
18945,237683,237685,GLY,ALA
18946,237693,237695,ALA,LYS
18947,237715,237717,LYS,GLY
18948,237722,237724,GLY,LEU
18949,237741,237743,LEU,THR
18950,237755,237757,THR,GLY
18951,237762,237764,GLY,SER
18952,237773,237775,SER,HYP
18953,237788,237790,HYP,GLY
18954,237795,237797,GLY,SER
18955,237806,237808,SER,HYP
18956,237821,237823,HYP,GLY
18957,237828,237830,GLY,PRO
18958,237842,237844,PRO,ASP
18959,237854,237856,ASP,GLY
18960,237861,237863,GLY,LYS
18961,237883,237885,LYS,THR
18962,237897,237899,THR,GLY
18963,237904,237906,GLY,PRO
18964,237918,237920,PRO,HYP
18965,237933,237935,HYP,GLY
18966,237940,237942,GLY,PRO
18967,237954,237956,PRO,ALA
18968,237964,237966,ALA,GLY
18969,237971,237973,GLY,GLN
18970,237988,237990,GLN,ASP
18971,238000,238002,ASP,GLY
18972,238007,238009,GLY,ARG
18973,238031,238033,ARG,HYP
18974,238046,238048,HYP,GLY
18975,238053,238055,GLY,PRO
18976,238067,238069,PRO,ALA
18977,238077,238079,ALA,GLY
18978,238084,238086,GLY,PRO
18979,238098,238100,PRO,HYP
18980,238113,238115,HYP,GLY
18981,238120,238122,GLY,ALA
18982,238130,238132,ALA,ARG
18983,238154,238156,ARG,GLY
18984,238183,238185,ALA,GLY
18985,238190,238192,GLY,VAL
18986,238206,238208,VAL,MET
18987,238223,238225,MET,GLY
18988,238230,238232,GLY,DO1
18989,238251,238253,DO1,HYP
18990,238266,238268,HYP,GLY
18991,238273,238275,GLY,PRO
18992,238287,238289,PRO,LYS
18993,238309,238311,LYS,GLY
18994,238316,238318,GLY,THR
18995,238330,238332,THR,ALA
18996,238340,238342,ALA,GLY
18997,238347,238349,GLY,GLU
18998,238362,238364,GLU,HYP
18999,238377,238379,HYP,GLY
19000,238384,238386,GLY,LYS
19001,238406,238408,LYS,ALA
19002,238416,238418,ALA,GLY
19003,238423,238425,GLY,GLU
19004,238438,238440,GLU,ARG
19005,238462,238464,ARG,GLY
19006,238469,238471,GLY,VAL
19007,238485,238487,VAL,HYP
19008,238500,238502,HYP,GLY
19009,238507,238509,GLY,PRO
19010,238521,238523,PRO,HYP
19011,238536,238538,HYP,GLY
19012,238543,238545,GLY,ALA
19013,238553,238555,ALA,VAL
19014,238569,238571,VAL,GLY
19015,238576,238578,GLY,PRO
19016,238590,238592,PRO,ALA
19017,238600,238602,ALA,GLY
19018,238607,238609,GLY,LYS
19019,238629,238631,LYS,ASP
19020,238641,238643,ASP,GLY
19021,238648,238650,GLY,GLU
19022,238663,238665,GLU,ALA
19023,238673,238675,ALA,GLY
19024,238680,238682,GLY,ALA
19025,238690,238692,ALA,GLN
19026,238707,238709,GLN,GLY
19027,238714,238716,GLY,ALA
19028,238724,238726,ALA,HYP
19029,238739,238741,HYP,GLY
19030,238746,238748,GLY,PRO
19031,238760,238762,PRO,ALA
19032,238770,238772,ALA,GLY
19033,238777,238779,GLY,PRO
19034,238791,238793,PRO,ALA
19035,238801,238803,ALA,GLY
19036,238808,238810,GLY,GLU
19037,238823,238825,GLU,ARG
19038,238847,238849,ARG,GLY
19039,238854,238856,GLY,GLU
19040,238869,238871,GLU,GLN
19041,238886,238888,GLN,GLY
19042,238893,238895,GLY,PRO
19043,238907,238909,PRO,ALA
19044,238917,238919,ALA,GLY
19045,238924,238926,GLY,SER
19046,238935,238937,SER,HYP
19047,238950,238952,HYP,GLY
19048,238957,238959,GLY,DO1
19049,238978,238980,DO1,GLN
19050,238995,238997,GLN,GLY
19051,239002,239004,GLY,LEU
19052,239021,239023,LEU,HYP
19053,239036,239038,HYP,GLY
19054,239043,239045,GLY,PRO
19055,239057,239059,PRO,ALA
19056,239067,239069,ALA,GLY
19057,239074,239076,GLY,PRO
19058,239088,239090,PRO,HYP
19059,239103,239105,HYP,GLY
19060,239110,239112,GLY,GLU
19061,239125,239127,GLU,ALA
19062,239135,239137,ALA,GLY
19063,239142,239144,GLY,LYS
19064,239164,239166,LYS,HYP
19065,239179,239181,HYP,GLY
19066,239186,239188,GLY,GLU
19067,239201,239203,GLU,GLN
19068,239218,239220,GLN,GLY
19069,239225,239227,GLY,VAL
19070,239241,239243,VAL,HYP
19071,239256,239258,HYP,GLY
19072,239263,239265,GLY,ASP
19073,239275,239277,ASP,LEU
19074,239294,239296,LEU,GLY
19075,239301,239303,GLY,ALA
19076,239311,239313,ALA,HYP
19077,239326,239328,HYP,GLY
19078,239333,239335,GLY,PRO
19079,239347,239349,PRO,SER
19080,239358,239360,SER,GLY
19081,239365,239367,GLY,ALA
19082,239375,239377,ALA,ARG
19083,239399,239401,ARG,GLY
19084,239406,239408,GLY,GLU
19085,239421,239423,GLU,ARG
19086,239445,239447,ARG,GLY
19087,239452,239454,GLY,DO2
19088,239473,239475,DO2,HYP
19089,239488,239490,HYP,GLY
19090,239495,239497,GLY,GLU
19091,239510,239512,GLU,ARG
19092,239534,239536,ARG,GLY
19093,239541,239543,GLY,VAL
19094,239557,239559,VAL,GLN
19095,239574,239576,GLN,GLY
19096,239581,239583,GLY,PRO
19097,239595,239597,PRO,HYP
19098,239610,239612,HYP,GLY
19099,239617,239619,GLY,PRO
19100,239631,239633,PRO,ALA
19101,239641,239643,ALA,GLY
19102,239648,239650,GLY,PRO
19103,239662,239664,PRO,ARG
19104,239686,239688,ARG,GLY
19105,239693,239695,GLY,ASN
19106,239707,239709,ASN,ASN
19107,239721,239723,ASN,GLY
19108,239728,239730,GLY,ALA
19109,239738,239740,ALA,HYP
19110,239753,239755,HYP,GLY
19111,239760,239762,GLY,ASN
19112,239774,239776,ASN,ASP
19113,239786,239788,ASP,GLY
19114,239793,239795,GLY,ALA
19115,239803,239805,ALA,LYS
19116,239825,239827,LYS,GLY
19117,239832,239834,GLY,ASP
19118,239844,239846,ASP,THR
19119,239858,239860,THR,GLY
19120,239865,239867,GLY,ALA
19121,239875,239877,ALA,HYP
19122,239890,239892,HYP,GLY
19123,239897,239899,GLY,ALA
19124,239907,239909,ALA,HYP
19125,239922,239924,HYP,GLY
19126,239929,239931,GLY,SER
19127,239940,239942,SER,GLN
19128,239957,239959,GLN,GLY
19129,239964,239966,GLY,ALA
19130,239974,239976,ALA,HYP
19131,239989,239991,HYP,GLY
19132,239996,239998,GLY,LEU
19133,240015,240017,LEU,GLN
19134,240032,240034,GLN,GLY
19135,240039,240041,GLY,MET
19136,240056,240058,MET,HYP
19137,240071,240073,HYP,GLY
19138,240078,240080,GLY,GLU
19139,240093,240095,GLU,ARG
19140,240117,240119,ARG,GLY
19141,240124,240126,GLY,ALA
19142,240134,240136,ALA,ALA
19143,240144,240146,ALA,GLY
19144,240151,240153,GLY,LEU
19145,240170,240172,LEU,HYP
19146,240185,240187,HYP,GLY
19147,240192,240194,GLY,PRO
19148,240206,240208,PRO,LYS
19149,240228,240230,LYS,GLY
19150,240235,240237,GLY,ASP
19151,240247,240249,ASP,ARG
19152,240271,240273,ARG,GLY
19153,240278,240280,GLY,ASP
19154,240290,240292,ASP,ALA
19155,240300,240302,ALA,GLY
19156,240307,240309,GLY,PRO
19157,240321,240323,PRO,LYS
19158,240343,240345,LYS,GLY
19159,240350,240352,GLY,ALA
19160,240360,240362,ALA,ASP
19161,240372,240374,ASP,GLY
19162,240379,240381,GLY,SER
19163,240390,240392,SER,HYP
19164,240405,240407,HYP,GLY
19165,240412,240414,GLY,LYS
19166,240434,240436,LYS,ASP
19167,240446,240448,ASP,GLY
19168,240453,240455,GLY,VAL
19169,240469,240471,VAL,ARG
19170,240493,240495,ARG,GLY
19171,240500,240502,GLY,LEU
19172,240519,240521,LEU,THR
19173,240533,240535,THR,GLY
19174,240540,240542,GLY,PRO
19175,240554,240556,PRO,ILE
19176,240573,240575,ILE,GLY
19177,240580,240582,GLY,PRO
19178,240594,240596,PRO,HYP
19179,240609,240611,HYP,GLY
19180,240616,240618,GLY,PRO
19181,240630,240632,PRO,ALA
19182,240640,240642,ALA,GLY
19183,240647,240649,GLY,ALA
19184,240657,240659,ALA,HYP
19185,240672,240674,HYP,GLY
19186,240679,240681,GLY,ASP
19187,240691,240693,ASP,LYS
19188,240713,240715,LYS,GLY
19189,240720,240722,GLY,GLU
19190,240735,240737,GLU,THR
19191,240749,240751,THR,GLY
19192,240756,240758,GLY,PRO
19193,240770,240772,PRO,SER
19194,240781,240783,SER,GLY
19195,240788,240790,GLY,PRO
19196,240802,240804,PRO,ALA
19197,240812,240814,ALA,GLY
19198,240819,240821,GLY,PRO
19199,240833,240835,PRO,THR
19200,240847,240849,THR,GLY
19201,240854,240856,GLY,ALA
19202,240864,240866,ALA,ARG
19203,240888,240890,ARG,GLY
19204,240895,240897,GLY,ALA
19205,240905,240907,ALA,HYP
19206,240920,240922,HYP,GLY
19207,240927,240929,GLY,ASP
19208,240939,240941,ASP,ARG
19209,240963,240965,ARG,GLY
19210,240970,240972,GLY,GLU
19211,240985,240987,GLU,HYP
19212,241000,241002,HYP,GLY
19213,241007,241009,GLY,PRO
19214,241021,241023,PRO,HYP
19215,241036,241038,HYP,GLY
19216,241043,241045,GLY,PRO
19217,241057,241059,PRO,ALA
19218,241067,241069,ALA,GLY
19219,241074,241076,GLY,DO1
19220,241122,241124,GLU,ALA
19221,241132,241134,ALA,GLY
19222,241139,241141,GLY,ASN
19223,241153,241155,ASN,ILE
19224,241172,241174,ILE,GLY
19225,241179,241181,GLY,DO1
19226,241200,241202,DO1,HYP
19227,241215,241217,HYP,GLY
19228,241222,241224,GLY,PRO
19229,241236,241238,PRO,LYS
19230,241258,241260,LYS,GLY
19231,241265,241267,GLY,PRO
19232,241279,241281,PRO,SER
19233,241290,241292,SER,GLY
19234,241297,241299,GLY,ASP
19235,241309,241311,ASP,HYP
19236,241324,241326,HYP,GLY
19237,241331,241333,GLY,LYS
19238,241353,241355,LYS,HYP
19239,241368,241370,HYP,GLY
19240,241375,241377,GLY,GLU
19241,241390,241392,GLU,LYS
19242,241412,241414,LYS,GLY
19243,241419,241421,GLY,HIS
19244,241436,241438,HIS,HYP
19245,241451,241453,HYP,GLY
19246,241458,241460,GLY,LEU
19247,241477,241479,LEU,ALA
19248,241487,241489,ALA,GLY
19249,241494,241496,GLY,ALA
19250,241504,241506,ALA,ARG
19251,241528,241530,ARG,GLY
19252,241535,241537,GLY,ALA
19253,241545,241547,ALA,HYP
19254,241560,241562,HYP,GLY
19255,241567,241569,GLY,PRO
19256,241581,241583,PRO,ASP
19257,241593,241595,ASP,GLY
19258,241600,241602,GLY,ASN
19259,241614,241616,ASN,ASN
19260,241628,241630,ASN,GLY
19261,241635,241637,GLY,ALA
19262,241645,241647,ALA,GLN
19263,241662,241664,GLN,GLY
19264,241669,241671,GLY,PRO
19265,241683,241685,PRO,HYP
19266,241698,241700,HYP,GLY
19267,241705,241707,GLY,PRO
19268,241719,241721,PRO,GLN
19269,241736,241738,GLN,GLY
19270,241743,241745,GLY,VAL
19271,241759,241761,VAL,GLN
19272,241776,241778,GLN,GLY
19273,241783,241785,GLY,GLY
19274,241790,241792,GLY,LYS
19275,241812,241814,LYS,GLY
19276,241819,241821,GLY,GLU
19277,241834,241836,GLU,GLN
19278,241851,241853,GLN,GLY
19279,241858,241860,GLY,PRO
19280,241872,241874,PRO,ALA
19281,241882,241884,ALA,GLY
19282,241889,241891,GLY,PRO
19283,241903,241905,PRO,HYP
19284,241918,241920,HYP,GLY
19285,241925,241927,GLY,DO1
19286,241946,241948,DO1,GLN
19287,241963,241965,GLN,GLY
19288,241970,241972,GLY,LEU
19289,241989,241991,LEU,HYP
19290,242004,242006,HYP,GLY
19291,242011,242013,GLY,PRO
19292,242025,242027,PRO,SER
19293,242036,242038,SER,GLY
19294,242043,242045,GLY,THR
19295,242057,242059,THR,ALA
19296,242067,242069,ALA,GLY
19297,242074,242076,GLY,GLU
19298,242089,242091,GLU,VAL
19299,242105,242107,VAL,GLY
19300,242112,242114,GLY,LYS
19301,242134,242136,LYS,HYP
19302,242149,242151,HYP,GLY
19303,242156,242158,GLY,GLU
19304,242171,242173,GLU,ARG
19305,242195,242197,ARG,GLY
19306,242202,242204,GLY,LEU
19307,242221,242223,LEU,HYP
19308,242236,242238,HYP,GLY
19309,242243,242245,GLY,GLU
19310,242258,242260,GLU,DO2
19311,242279,242281,DO2,GLY
19312,242286,242288,GLY,LEU
19313,242305,242307,LEU,HYP
19314,242320,242322,HYP,GLY
19315,242327,242329,GLY,PRO
19316,242341,242343,PRO,ALA
19317,242351,242353,ALA,GLY
19318,242358,242360,GLY,PRO
19319,242372,242374,PRO,ARG
19320,242396,242398,ARG,GLY
19321,242403,242405,GLY,GLU
19322,242418,242420,GLU,ARG
19323,242442,242444,ARG,GLY
19324,242449,242451,GLY,PRO
19325,242463,242465,PRO,HYP
19326,242478,242480,HYP,GLY
19327,242485,242487,GLY,GLU
19328,242500,242502,GLU,SER
19329,242511,242513,SER,GLY
19330,242518,242520,GLY,ALA
19331,242528,242530,ALA,ALA
19332,242538,242540,ALA,GLY
19333,242545,242547,GLY,PRO
19334,242559,242561,PRO,SER
19335,242570,242572,SER,GLY
19336,242577,242579,GLY,PRO
19337,242591,242593,PRO,ILE
19338,242610,242612,ILE,GLY
19339,242617,242619,GLY,ILE
19340,242636,242638,ILE,ARG
19341,242660,242662,ARG,GLY
19342,242667,242669,GLY,PRO
19343,242681,242683,PRO,SER
19344,242692,242694,SER,GLY
19345,242699,242701,GLY,ALA
19346,242709,242711,ALA,HYP
19347,242724,242726,HYP,GLY
19348,242731,242733,GLY,PRO
19349,242745,242747,PRO,ASP
19350,242757,242759,ASP,GLY
19351,242764,242766,GLY,ASN
19352,242778,242780,ASN,LYS
19353,242800,242802,LYS,GLY
19354,242807,242809,GLY,GLU
19355,242822,242824,GLU,ALA
19356,242832,242834,ALA,GLY
19357,242839,242841,GLY,ALA
19358,242849,242851,ALA,VAL
19359,242865,242867,VAL,GLY
19360,242872,242874,GLY,ALA
19361,242882,242884,ALA,HYP
19362,242897,242899,HYP,GLY
19363,242904,242906,GLY,SER
19364,242915,242917,SER,ALA
19365,242925,242927,ALA,GLY
19366,242932,242934,GLY,ALA
19367,242942,242944,ALA,SER
19368,242953,242955,SER,GLY
19369,242960,242962,GLY,PRO
19370,242974,242976,PRO,GLY
19371,242981,242983,GLY,GLY
19372,242988,242990,GLY,LEU
19373,243007,243009,LEU,HYP
19374,243022,243024,HYP,GLY
19375,243029,243031,GLY,GLU
19376,243044,243046,GLU,ARG
19377,243068,243070,ARG,GLY
19378,243075,243077,GLY,ALA
19379,243085,243087,ALA,ALA
19380,243095,243097,ALA,GLY
19381,243102,243104,GLY,ILE
19382,243121,243123,ILE,HYP
19383,243136,243138,HYP,GLY
19384,243143,243145,GLY,GLY
19385,243150,243152,GLY,LYS
19386,243172,243174,LYS,GLY
19387,243179,243181,GLY,GLU
19388,243194,243196,GLU,LYS
19389,243216,243218,LYS,GLY
19390,243223,243225,GLY,GLU
19391,243238,243240,GLU,THR
19392,243252,243254,THR,GLY
19393,243259,243261,GLY,LEU
19394,243278,243280,LEU,ARG
19395,243302,243304,ARG,GLY
19396,243309,243311,GLY,GLU
19397,243324,243326,GLU,ILE
19398,243343,243345,ILE,GLY
19399,243350,243352,GLY,ASN
19400,243364,243366,ASN,HYP
19401,243379,243381,HYP,GLY
19402,243386,243388,GLY,ARG
19403,243410,243412,ARG,ASP
19404,243422,243424,ASP,GLY
19405,243429,243431,GLY,ALA
19406,243439,243441,ALA,ARG
19407,243463,243465,ARG,GLY
19408,243470,243472,GLY,ALA
19409,243480,243482,ALA,HYP
19410,243495,243497,HYP,GLY
19411,243502,243504,GLY,ALA
19412,243512,243514,ALA,ILE
19413,243531,243533,ILE,GLY
19414,243538,243540,GLY,ALA
19415,243548,243550,ALA,HYP
19416,243563,243565,HYP,GLY
19417,243570,243572,GLY,PRO
19418,243584,243586,PRO,ALA
19419,243594,243596,ALA,GLY
19420,243601,243603,GLY,ALA
19421,243611,243613,ALA,SER
19422,243622,243624,SER,GLY
19423,243629,243631,GLY,ASP
19424,243641,243643,ASP,ARG
19425,243665,243667,ARG,GLY
19426,243672,243674,GLY,GLU
19427,243687,243689,GLU,ALA
19428,243697,243699,ALA,GLY
19429,243704,243706,GLY,ALA
19430,243714,243716,ALA,ALA
19431,243724,243726,ALA,GLY
19432,243731,243733,GLY,PRO
19433,243745,243747,PRO,SER
19434,243756,243758,SER,GLY
19435,243763,243765,GLY,PRO
19436,243777,243779,PRO,ALA
19437,243787,243789,ALA,GLY
19438,243794,243796,GLY,PRO
19439,243808,243810,PRO,ARG
19440,243832,243834,ARG,GLY
19441,243839,243841,GLY,SER
19442,243850,243852,SER,HYP
19443,243865,243867,HYP,GLY
19444,243872,243874,GLY,GLU
19445,243887,243889,GLU,ARG
19446,243911,243913,ARG,GLY
19447,243918,243920,GLY,GLU
19448,243933,243935,GLU,VAL
19449,243949,243951,VAL,GLY
19450,243956,243958,GLY,PRO
19451,243970,243972,PRO,ALA
19452,243980,243982,ALA,GLY
19453,243987,243989,GLY,PRO
19454,244001,244003,PRO,ASN
19455,244015,244017,ASN,GLY
19456,244022,244024,GLY,DO2
19457,244072,244074,GLN,ALA
19458,244082,244084,ALA,GLY
19459,244089,244091,GLY,VAL
19460,244105,244107,VAL,MET
19461,244122,244124,MET,GLY
19462,244129,244131,GLY,DO1
19463,244150,244152,DO1,HYP
19464,244165,244167,HYP,GLY
19465,244172,244174,GLY,PRO
19466,244186,244188,PRO,LYS
19467,244208,244210,LYS,GLY
19468,244215,244217,GLY,THR
19469,244229,244231,THR,ALA
19470,244239,244241,ALA,GLY
19471,244246,244248,GLY,GLU
19472,244261,244263,GLU,HYP
19473,244276,244278,HYP,GLY
19474,244283,244285,GLY,LYS
19475,244305,244307,LYS,ALA
19476,244315,244317,ALA,GLY
19477,244322,244324,GLY,GLU
19478,244337,244339,GLU,ARG
19479,244361,244363,ARG,GLY
19480,244368,244370,GLY,VAL
19481,244384,244386,VAL,HYP
19482,244399,244401,HYP,GLY
19483,244406,244408,GLY,PRO
19484,244420,244422,PRO,HYP
19485,244435,244437,HYP,GLY
19486,244442,244444,GLY,ALA
19487,244452,244454,ALA,VAL
19488,244468,244470,VAL,GLY
19489,244475,244477,GLY,PRO
19490,244489,244491,PRO,ALA
19491,244499,244501,ALA,GLY
19492,244506,244508,GLY,LYS
19493,244528,244530,LYS,ASP
19494,244540,244542,ASP,GLY
19495,244547,244549,GLY,GLU
19496,244562,244564,GLU,ALA
19497,244572,244574,ALA,GLY
19498,244579,244581,GLY,ALA
19499,244589,244591,ALA,GLN
19500,244606,244608,GLN,GLY
19501,244613,244615,GLY,ALA
19502,244623,244625,ALA,HYP
19503,244638,244640,HYP,GLY
19504,244645,244647,GLY,PRO
19505,244659,244661,PRO,ALA
19506,244669,244671,ALA,GLY
19507,244676,244678,GLY,PRO
19508,244690,244692,PRO,ALA
19509,244700,244702,ALA,GLY
19510,244707,244709,GLY,GLU
19511,244722,244724,GLU,ARG
19512,244746,244748,ARG,GLY
19513,244753,244755,GLY,GLU
19514,244768,244770,GLU,GLN
19515,244785,244787,GLN,GLY
19516,244792,244794,GLY,PRO
19517,244806,244808,PRO,ALA
19518,244816,244818,ALA,GLY
19519,244823,244825,GLY,SER
19520,244834,244836,SER,HYP
19521,244849,244851,HYP,GLY
19522,244856,244858,GLY,DO2
19523,244877,244879,DO2,GLN
19524,244894,244896,GLN,GLY
19525,244901,244903,GLY,LEU
19526,244920,244922,LEU,HYP
19527,244935,244937,HYP,GLY
19528,244942,244944,GLY,PRO
19529,244956,244958,PRO,ALA
19530,244966,244968,ALA,GLY
19531,244973,244975,GLY,PRO
19532,244987,244989,PRO,HYP
19533,245002,245004,HYP,GLY
19534,245009,245011,GLY,GLU
19535,245024,245026,GLU,ALA
19536,245034,245036,ALA,GLY
19537,245041,245043,GLY,LYS
19538,245063,245065,LYS,HYP
19539,245078,245080,HYP,GLY
19540,245085,245087,GLY,GLU
19541,245100,245102,GLU,GLN
19542,245117,245119,GLN,GLY
19543,245124,245126,GLY,VAL
19544,245140,245142,VAL,HYP
19545,245155,245157,HYP,GLY
19546,245162,245164,GLY,ASP
19547,245174,245176,ASP,LEU
19548,245193,245195,LEU,GLY
19549,245200,245202,GLY,ALA
19550,245210,245212,ALA,HYP
19551,245225,245227,HYP,GLY
19552,245232,245234,GLY,PRO
19553,245246,245248,PRO,SER
19554,245257,245259,SER,GLY
19555,245264,245266,GLY,ALA
19556,245274,245276,ALA,ARG
19557,245298,245300,ARG,GLY
19558,245305,245307,GLY,GLU
19559,245320,245322,GLU,ARG
19560,245344,245346,ARG,GLY
19561,245351,245353,GLY,DO1
19562,245372,245374,DO1,HYP
19563,245387,245389,HYP,GLY
19564,245394,245396,GLY,GLU
19565,245409,245411,GLU,ARG
19566,245433,245435,ARG,GLY
19567,245440,245442,GLY,VAL
19568,245456,245458,VAL,GLN
19569,245473,245475,GLN,GLY
19570,245480,245482,GLY,PRO
19571,245494,245496,PRO,HYP
19572,245509,245511,HYP,GLY
19573,245516,245518,GLY,PRO
19574,245530,245532,PRO,ALA
19575,245540,245542,ALA,GLY
19576,245547,245549,GLY,PRO
19577,245561,245563,PRO,ARG
19578,245585,245587,ARG,GLY
19579,245592,245594,GLY,ASN
19580,245606,245608,ASN,ASN
19581,245620,245622,ASN,GLY
19582,245627,245629,GLY,ALA
19583,245637,245639,ALA,HYP
19584,245652,245654,HYP,GLY
19585,245659,245661,GLY,ASN
19586,245673,245675,ASN,ASP
19587,245685,245687,ASP,GLY
19588,245692,245694,GLY,ALA
19589,245702,245704,ALA,LYS
19590,245724,245726,LYS,GLY
19591,245731,245733,GLY,ASP
19592,245743,245745,ASP,THR
19593,245757,245759,THR,GLY
19594,245764,245766,GLY,ALA
19595,245774,245776,ALA,HYP
19596,245789,245791,HYP,GLY
19597,245796,245798,GLY,ALA
19598,245806,245808,ALA,HYP
19599,245821,245823,HYP,GLY
19600,245828,245830,GLY,SER
19601,245839,245841,SER,GLN
19602,245856,245858,GLN,GLY
19603,245863,245865,GLY,ALA
19604,245873,245875,ALA,HYP
19605,245888,245890,HYP,GLY
19606,245895,245897,GLY,LEU
19607,245914,245916,LEU,GLN
19608,245931,245933,GLN,GLY
19609,245938,245940,GLY,MET
19610,245955,245957,MET,HYP
19611,245970,245972,HYP,GLY
19612,245977,245979,GLY,GLU
19613,245992,245994,GLU,ARG
19614,246016,246018,ARG,GLY
19615,246023,246025,GLY,ALA
19616,246033,246035,ALA,ALA
19617,246043,246045,ALA,GLY
19618,246050,246052,GLY,LEU
19619,246069,246071,LEU,HYP
19620,246084,246086,HYP,GLY
19621,246091,246093,GLY,PRO
19622,246105,246107,PRO,LYS
19623,246127,246129,LYS,GLY
19624,246134,246136,GLY,ASP
19625,246146,246148,ASP,ARG
19626,246170,246172,ARG,GLY
19627,246177,246179,GLY,ASP
19628,246189,246191,ASP,ALA
19629,246199,246201,ALA,GLY
19630,246206,246208,GLY,PRO
19631,246220,246222,PRO,LYS
19632,246242,246244,LYS,GLY
19633,246249,246251,GLY,ALA
19634,246259,246261,ALA,ASP
19635,246271,246273,ASP,GLY
19636,246278,246280,GLY,SER
19637,246289,246291,SER,HYP
19638,246304,246306,HYP,GLY
19639,246311,246313,GLY,LYS
19640,246333,246335,LYS,ASP
19641,246345,246347,ASP,GLY
19642,246352,246354,GLY,VAL
19643,246368,246370,VAL,ARG
19644,246392,246394,ARG,GLY
19645,246399,246401,GLY,LEU
19646,246418,246420,LEU,THR
19647,246432,246434,THR,GLY
19648,246439,246441,GLY,PRO
19649,246453,246455,PRO,ILE
19650,246472,246474,ILE,GLY
19651,246479,246481,GLY,PRO
19652,246493,246495,PRO,HYP
19653,246508,246510,HYP,GLY
19654,246515,246517,GLY,PRO
19655,246529,246531,PRO,ALA
19656,246539,246541,ALA,GLY
19657,246546,246548,GLY,ALA
19658,246556,246558,ALA,HYP
19659,246571,246573,HYP,GLY
19660,246578,246580,GLY,ASP
19661,246590,246592,ASP,LYS
19662,246612,246614,LYS,GLY
19663,246619,246621,GLY,GLU
19664,246634,246636,GLU,THR
19665,246648,246650,THR,GLY
19666,246655,246657,GLY,PRO
19667,246669,246671,PRO,SER
19668,246680,246682,SER,GLY
19669,246687,246689,GLY,PRO
19670,246701,246703,PRO,ALA
19671,246711,246713,ALA,GLY
19672,246718,246720,GLY,PRO
19673,246732,246734,PRO,THR
19674,246746,246748,THR,GLY
19675,246753,246755,GLY,ALA
19676,246763,246765,ALA,ARG
19677,246787,246789,ARG,GLY
19678,246794,246796,GLY,ALA
19679,246804,246806,ALA,HYP
19680,246819,246821,HYP,GLY
19681,246826,246828,GLY,ASP
19682,246838,246840,ASP,ARG
19683,246862,246864,ARG,GLY
19684,246869,246871,GLY,GLU
19685,246884,246886,GLU,HYP
19686,246899,246901,HYP,GLY
19687,246906,246908,GLY,PRO
19688,246920,246922,PRO,HYP
19689,246935,246937,HYP,GLY
19690,246942,246944,GLY,PRO
19691,246956,246958,PRO,ALA
19692,246991,246993,GLN,MET
19693,247008,247010,MET,SER
19694,247019,247021,SER,DO1
19695,247040,247042,DO1,GLY
19696,247047,247049,GLY,DO1
19697,247068,247070,DO1,ASP
19698,247080,247082,ASP,GLU
19699,247095,247097,GLU,LYS
19700,247117,247119,LYS,SER
19701,247128,247130,SER,ALA
19702,247138,247140,ALA,GLY
19703,247145,247147,GLY,VAL
19704,247161,247163,VAL,SER
19705,247172,247174,SER,VAL
19706,247188,247190,VAL,PRO
19707,247202,247204,PRO,GLY
19708,247209,247211,GLY,PRO
19709,247223,247225,PRO,MET
19710,247240,247242,MET,GLY
19711,247247,247249,GLY,PRO
19712,247261,247263,PRO,SER
19713,247272,247274,SER,GLY
19714,247279,247281,GLY,PRO
19715,247293,247295,PRO,ARG
19716,247317,247319,ARG,GLY
19717,247324,247326,GLY,LEU
19718,247343,247345,LEU,HYP
19719,247358,247360,HYP,GLY
19720,247365,247367,GLY,PRO
19721,247379,247381,PRO,HYP
19722,247394,247396,HYP,GLY
19723,247401,247403,GLY,ALA
19724,247411,247413,ALA,HYP
19725,247426,247428,HYP,GLY
19726,247433,247435,GLY,PRO
19727,247447,247449,PRO,GLN
19728,247464,247466,GLN,GLY
19729,247471,247473,GLY,DO1
19730,247492,247494,DO1,GLN
19731,247509,247511,GLN,GLY
19732,247516,247518,GLY,PRO
19733,247530,247532,PRO,HYP
19734,247545,247547,HYP,GLY
19735,247552,247554,GLY,GLU
19736,247567,247569,GLU,HYP
19737,247582,247584,HYP,GLY
19738,247589,247591,GLY,GLU
19739,247604,247606,GLU,HYP
19740,247619,247621,HYP,GLY
19741,247626,247628,GLY,ALA
19742,247636,247638,ALA,SER
19743,247647,247649,SER,GLY
19744,247654,247656,GLY,PRO
19745,247668,247670,PRO,MET
19746,247685,247687,MET,GLY
19747,247692,247694,GLY,PRO
19748,247706,247708,PRO,ARG
19749,247730,247732,ARG,GLY
19750,247737,247739,GLY,PRO
19751,247751,247753,PRO,PRO
19752,247765,247767,PRO,GLY
19753,247772,247774,GLY,PRO
19754,247786,247788,PRO,HYP
19755,247801,247803,HYP,GLY
19756,247808,247810,GLY,LYS
19757,247830,247832,LYS,ASN
19758,247844,247846,ASN,GLY
19759,247851,247853,GLY,ASP
19760,247863,247865,ASP,ASP
19761,247875,247877,ASP,GLY
19762,247882,247884,GLY,GLU
19763,247897,247899,GLU,ALA
19764,247907,247909,ALA,GLY
19765,247914,247916,GLY,LYS
19766,247936,247938,LYS,PRO
19767,247950,247952,PRO,GLY
19768,247957,247959,GLY,ARG
19769,247981,247983,ARG,HYP
19770,247996,247998,HYP,GLY
19771,248003,248005,GLY,GLU
19772,248018,248020,GLU,ARG
19773,248042,248044,ARG,GLY
19774,248049,248051,GLY,PRO
19775,248063,248065,PRO,HYP
19776,248078,248080,HYP,GLY
19777,248085,248087,GLY,PRO
19778,248099,248101,PRO,GLN
19779,248116,248118,GLN,GLY
19780,248123,248125,GLY,ALA
19781,248133,248135,ALA,ARG
19782,248157,248159,ARG,GLY
19783,248164,248166,GLY,LEU
19784,248183,248185,LEU,HYP
19785,248198,248200,HYP,GLY
19786,248205,248207,GLY,THR
19787,248219,248221,THR,ALA
19788,248229,248231,ALA,GLY
19789,248236,248238,GLY,LEU
19790,248255,248257,LEU,HYP
19791,248270,248272,HYP,GLY
19792,248277,248279,GLY,MET
19793,248294,248296,MET,LYS
19794,248316,248318,LYS,GLY
19795,248323,248325,GLY,HIS
19796,248340,248342,HIS,ARG
19797,248364,248366,ARG,GLY
19798,248371,248373,GLY,DO1
19799,248392,248394,DO1,SER
19800,248403,248405,SER,GLY
19801,248410,248412,GLY,LEU
19802,248429,248431,LEU,ASP
19803,248441,248443,ASP,GLY
19804,248448,248450,GLY,ALA
19805,248458,248460,ALA,LYS
19806,248480,248482,LYS,GLY
19807,248487,248489,GLY,ASP
19808,248499,248501,ASP,THR
19809,248513,248515,THR,GLY
19810,248520,248522,GLY,PRO
19811,248534,248536,PRO,ALA
19812,248544,248546,ALA,GLY
19813,248551,248553,GLY,PRO
19814,248565,248567,PRO,LYS
19815,248587,248589,LYS,GLY
19816,248594,248596,GLY,GLU
19817,248609,248611,GLU,HYP
19818,248624,248626,HYP,GLY
19819,248631,248633,GLY,SER
19820,248642,248644,SER,HYP
19821,248657,248659,HYP,GLY
19822,248664,248666,GLY,GLU
19823,248679,248681,GLU,ASN
19824,248693,248695,ASN,GLY
19825,248700,248702,GLY,ALA
19826,248710,248712,ALA,HYP
19827,248725,248727,HYP,GLY
19828,248732,248734,GLY,GLN
19829,248749,248751,GLN,MET
19830,248766,248768,MET,GLY
19831,248773,248775,GLY,PRO
19832,248787,248789,PRO,ARG
19833,248811,248813,ARG,GLY
19834,248818,248820,GLY,LEU
19835,248837,248839,LEU,HYP
19836,248852,248854,HYP,GLY
19837,248859,248861,GLY,GLU
19838,248874,248876,GLU,ARG
19839,248898,248900,ARG,GLY
19840,248905,248907,GLY,ARG
19841,248929,248931,ARG,HYP
19842,248944,248946,HYP,GLY
19843,248951,248953,GLY,PRO
19844,248965,248967,PRO,PRO
19845,248979,248981,PRO,GLY
19846,248986,248988,GLY,SER
19847,248997,248999,SER,ALA
19848,249007,249009,ALA,GLY
19849,249014,249016,GLY,ALA
19850,249024,249026,ALA,ARG
19851,249048,249050,ARG,GLY
19852,249055,249057,GLY,ASN
19853,249069,249071,ASN,ASP
19854,249081,249083,ASP,GLY
19855,249088,249090,GLY,ALA
19856,249098,249100,ALA,VAL
19857,249114,249116,VAL,GLY
19858,249121,249123,GLY,ALA
19859,249131,249133,ALA,ALA
19860,249141,249143,ALA,GLY
19861,249148,249150,GLY,PRO
19862,249162,249164,PRO,HYP
19863,249177,249179,HYP,GLY
19864,249184,249186,GLY,PRO
19865,249198,249200,PRO,THR
19866,249212,249214,THR,GLY
19867,249219,249221,GLY,PRO
19868,249233,249235,PRO,THR
19869,249247,249249,THR,GLY
19870,249254,249256,GLY,PRO
19871,249268,249270,PRO,HYP
19872,249283,249285,HYP,GLY
19873,249290,249292,GLY,DO2
19874,249336,249338,GLN,DO1
19875,249357,249359,DO1,SER
19876,249368,249370,SER,ASP
19877,249380,249382,ASP,LY2
19878,249389,249391,LY2,GLY
19879,249396,249398,GLY,VAL
19880,249412,249414,VAL,SER
19881,249423,249425,SER,ALA
19882,249433,249435,ALA,GLY
19883,249440,249442,GLY,PRO
19884,249454,249456,PRO,GLY
19885,249461,249463,GLY,PRO
19886,249475,249477,PRO,MET
19887,249492,249494,MET,GLY
19888,249499,249501,GLY,LEU
19889,249518,249520,LEU,MET
19890,249535,249537,MET,GLY
19891,249542,249544,GLY,PRO
19892,249556,249558,PRO,ARG
19893,249580,249582,ARG,GLY
19894,249587,249589,GLY,PRO
19895,249601,249603,PRO,HYP
19896,249616,249618,HYP,GLY
19897,249623,249625,GLY,ALA
19898,249633,249635,ALA,VAL
19899,249649,249651,VAL,GLY
19900,249656,249658,GLY,ALA
19901,249666,249668,ALA,HYP
19902,249681,249683,HYP,GLY
19903,249688,249690,GLY,PRO
19904,249702,249704,PRO,GLN
19905,249719,249721,GLN,GLY
19906,249726,249728,GLY,DO2
19907,249747,249749,DO2,GLN
19908,249764,249766,GLN,GLY
19909,249771,249773,GLY,PRO
19910,249785,249787,PRO,ALA
19911,249795,249797,ALA,GLY
19912,249802,249804,GLY,GLU
19913,249817,249819,GLU,HYP
19914,249832,249834,HYP,GLY
19915,249839,249841,GLY,GLU
19916,249854,249856,GLU,HYP
19917,249869,249871,HYP,GLY
19918,249876,249878,GLY,GLN
19919,249893,249895,GLN,THR
19920,249907,249909,THR,GLY
19921,249914,249916,GLY,PRO
19922,249928,249930,PRO,ALA
19923,249938,249940,ALA,GLY
19924,249945,249947,GLY,SER
19925,249956,249958,SER,ARG
19926,249980,249982,ARG,GLY
19927,249987,249989,GLY,PRO
19928,250001,250003,PRO,ALA
19929,250011,250013,ALA,GLY
19930,250018,250020,GLY,PRO
19931,250032,250034,PRO,HYP
19932,250047,250049,HYP,GLY
19933,250054,250056,GLY,LYS
19934,250076,250078,LYS,ALA
19935,250086,250088,ALA,GLY
19936,250093,250095,GLY,GLU
19937,250108,250110,GLU,ASP
19938,250120,250122,ASP,GLY
19939,250127,250129,GLY,HIS
19940,250144,250146,HIS,HYP
19941,250159,250161,HYP,GLY
19942,250166,250168,GLY,LYS
19943,250188,250190,LYS,PRO
19944,250202,250204,PRO,GLY
19945,250209,250211,GLY,ARG
19946,250233,250235,ARG,HYP
19947,250248,250250,HYP,GLY
19948,250255,250257,GLY,GLU
19949,250270,250272,GLU,ARG
19950,250294,250296,ARG,GLY
19951,250301,250303,GLY,VAL
19952,250317,250319,VAL,VAL
19953,250333,250335,VAL,GLY
19954,250340,250342,GLY,PRO
19955,250354,250356,PRO,GLN
19956,250371,250373,GLN,GLY
19957,250378,250380,GLY,ALA
19958,250388,250390,ALA,ARG
19959,250412,250414,ARG,GLY
19960,250419,250421,GLY,DO1
19961,250440,250442,DO1,HYP
19962,250455,250457,HYP,GLY
19963,250462,250464,GLY,THR
19964,250476,250478,THR,HYP
19965,250491,250493,HYP,GLY
19966,250498,250500,GLY,LEU
19967,250517,250519,LEU,HYP
19968,250532,250534,HYP,GLY
19969,250539,250541,GLY,DO2
19970,250560,250562,DO2,LYX
19971,250580,250591,LYX,GLY
19972,250596,250598,GLY,ILE
19973,250615,250617,ILE,ARG
19974,250639,250641,ARG,GLY
19975,250646,250648,GLY,HIS
19976,250663,250665,HIS,ASN
19977,250677,250679,ASN,GLY
19978,250684,250686,GLY,LEU
19979,250703,250705,LEU,ASP
19980,250715,250717,ASP,GLY
19981,250722,250724,GLY,LEU
19982,250741,250743,LEU,LYS
19983,250763,250765,LYS,GLY
19984,250770,250772,GLY,GLN
19985,250787,250789,GLN,HYP
19986,250802,250804,HYP,GLY
19987,250809,250811,GLY,ALA
19988,250819,250821,ALA,GLN
19989,250836,250838,GLN,GLY
19990,250843,250845,GLY,VAL
19991,250859,250861,VAL,LYS
19992,250881,250883,LYS,GLY
19993,250888,250890,GLY,GLU
19994,250903,250905,GLU,HYP
19995,250918,250920,HYP,GLY
19996,250925,250927,GLY,ALA
19997,250935,250937,ALA,HYP
19998,250950,250952,HYP,GLY
19999,250957,250959,GLY,GLU
20000,250972,250974,GLU,ASN
20001,250986,250988,ASN,GLY
20002,250993,250995,GLY,THR
20003,251007,251009,THR,HYP
20004,251022,251024,HYP,GLY
20005,251029,251031,GLY,GLN
20006,251046,251048,GLN,ALA
20007,251056,251058,ALA,GLY
20008,251063,251065,GLY,ALA
20009,251073,251075,ALA,ARG
20010,251097,251099,ARG,GLY
20011,251104,251106,GLY,LEU
20012,251123,251125,LEU,HYP
20013,251138,251140,HYP,GLY
20014,251145,251147,GLY,GLU
20015,251160,251162,GLU,ARG
20016,251184,251186,ARG,GLY
20017,251191,251193,GLY,ARG
20018,251215,251217,ARG,VAL
20019,251231,251233,VAL,GLY
20020,251238,251240,GLY,ALA
20021,251248,251250,ALA,HYP
20022,251263,251265,HYP,GLY
20023,251270,251272,GLY,PRO
20024,251284,251286,PRO,ALA
20025,251294,251296,ALA,GLY
20026,251301,251303,GLY,ALA
20027,251311,251313,ALA,ARG
20028,251335,251337,ARG,GLY
20029,251342,251344,GLY,SER
20030,251353,251355,SER,ASP
20031,251365,251367,ASP,GLY
20032,251372,251374,GLY,SER
20033,251383,251385,SER,VAL
20034,251399,251401,VAL,GLY
20035,251406,251408,GLY,PRO
20036,251420,251422,PRO,VAL
20037,251436,251438,VAL,GLY
20038,251443,251445,GLY,PRO
20039,251457,251459,PRO,ALA
20040,251467,251469,ALA,GLY
20041,251474,251476,GLY,PRO
20042,251488,251490,PRO,ILE
20043,251507,251509,ILE,GLY
20044,251514,251516,GLY,SER
20045,251525,251527,SER,ALA
20046,251535,251537,ALA,GLY
20047,251542,251544,GLY,PRO
20048,251556,251558,PRO,HYP
20049,251596,251598,GLN,MET
20050,251613,251615,MET,SER
20051,251624,251626,SER,DO1
20052,251645,251647,DO1,GLY
20053,251652,251654,GLY,DO1
20054,251673,251675,DO1,ASP
20055,251685,251687,ASP,GLU
20056,251700,251702,GLU,LY3
20057,251712,251714,LY3,SER
20058,251723,251725,SER,ALA
20059,251733,251735,ALA,GLY
20060,251740,251742,GLY,VAL
20061,251756,251758,VAL,SER
20062,251767,251769,SER,VAL
20063,251783,251785,VAL,PRO
20064,251797,251799,PRO,GLY
20065,251804,251806,GLY,PRO
20066,251818,251820,PRO,MET
20067,251835,251837,MET,GLY
20068,251842,251844,GLY,PRO
20069,251856,251858,PRO,SER
20070,251867,251869,SER,GLY
20071,251874,251876,GLY,PRO
20072,251888,251890,PRO,ARG
20073,251912,251914,ARG,GLY
20074,251919,251921,GLY,LEU
20075,251938,251940,LEU,HYP
20076,251953,251955,HYP,GLY
20077,251960,251962,GLY,PRO
20078,251974,251976,PRO,HYP
20079,251989,251991,HYP,GLY
20080,251996,251998,GLY,ALA
20081,252006,252008,ALA,HYP
20082,252021,252023,HYP,GLY
20083,252028,252030,GLY,PRO
20084,252042,252044,PRO,GLN
20085,252059,252061,GLN,GLY
20086,252066,252068,GLY,DO2
20087,252087,252089,DO2,GLN
20088,252104,252106,GLN,GLY
20089,252111,252113,GLY,PRO
20090,252125,252127,PRO,HYP
20091,252140,252142,HYP,GLY
20092,252147,252149,GLY,GLU
20093,252162,252164,GLU,HYP
20094,252177,252179,HYP,GLY
20095,252184,252186,GLY,GLU
20096,252199,252201,GLU,HYP
20097,252214,252216,HYP,GLY
20098,252221,252223,GLY,ALA
20099,252231,252233,ALA,SER
20100,252242,252244,SER,GLY
20101,252249,252251,GLY,PRO
20102,252263,252265,PRO,MET
20103,252280,252282,MET,GLY
20104,252287,252289,GLY,PRO
20105,252301,252303,PRO,ARG
20106,252325,252327,ARG,GLY
20107,252332,252334,GLY,PRO
20108,252346,252348,PRO,PRO
20109,252360,252362,PRO,GLY
20110,252367,252369,GLY,PRO
20111,252381,252383,PRO,HYP
20112,252396,252398,HYP,GLY
20113,252403,252405,GLY,LYS
20114,252425,252427,LYS,ASN
20115,252439,252441,ASN,GLY
20116,252446,252448,GLY,ASP
20117,252458,252460,ASP,ASP
20118,252470,252472,ASP,GLY
20119,252477,252479,GLY,GLU
20120,252492,252494,GLU,ALA
20121,252502,252504,ALA,GLY
20122,252509,252511,GLY,LYS
20123,252531,252533,LYS,PRO
20124,252545,252547,PRO,GLY
20125,252552,252554,GLY,ARG
20126,252576,252578,ARG,HYP
20127,252591,252593,HYP,GLY
20128,252598,252600,GLY,GLU
20129,252613,252615,GLU,ARG
20130,252637,252639,ARG,GLY
20131,252644,252646,GLY,PRO
20132,252658,252660,PRO,HYP
20133,252673,252675,HYP,GLY
20134,252680,252682,GLY,PRO
20135,252694,252696,PRO,GLN
20136,252711,252713,GLN,GLY
20137,252718,252720,GLY,ALA
20138,252728,252730,ALA,ARG
20139,252752,252754,ARG,GLY
20140,252759,252761,GLY,LEU
20141,252778,252780,LEU,HYP
20142,252793,252795,HYP,GLY
20143,252800,252802,GLY,THR
20144,252814,252816,THR,ALA
20145,252824,252826,ALA,GLY
20146,252831,252833,GLY,LEU
20147,252850,252852,LEU,HYP
20148,252865,252867,HYP,GLY
20149,252872,252874,GLY,MET
20150,252889,252891,MET,LYS
20151,252911,252913,LYS,GLY
20152,252918,252920,GLY,HIS
20153,252935,252937,HIS,ARG
20154,252959,252961,ARG,GLY
20155,252966,252968,GLY,DO1
20156,252987,252989,DO1,SER
20157,252998,253000,SER,GLY
20158,253005,253007,GLY,LEU
20159,253024,253026,LEU,ASP
20160,253036,253038,ASP,GLY
20161,253043,253045,GLY,ALA
20162,253053,253055,ALA,LYS
20163,253075,253077,LYS,GLY
20164,253082,253084,GLY,ASP
20165,253094,253096,ASP,THR
20166,253108,253110,THR,GLY
20167,253115,253117,GLY,PRO
20168,253129,253131,PRO,ALA
20169,253139,253141,ALA,GLY
20170,253146,253148,GLY,PRO
20171,253160,253162,PRO,LYS
20172,253182,253184,LYS,GLY
20173,253189,253191,GLY,GLU
20174,253204,253206,GLU,HYP
20175,253219,253221,HYP,GLY
20176,253226,253228,GLY,SER
20177,253237,253239,SER,HYP
20178,253252,253254,HYP,GLY
20179,253259,253261,GLY,GLU
20180,253274,253276,GLU,ASN
20181,253288,253290,ASN,GLY
20182,253295,253297,GLY,ALA
20183,253305,253307,ALA,HYP
20184,253320,253322,HYP,GLY
20185,253327,253329,GLY,GLN
20186,253344,253346,GLN,MET
20187,253361,253363,MET,GLY
20188,253368,253370,GLY,PRO
20189,253382,253384,PRO,ARG
20190,253406,253408,ARG,GLY
20191,253413,253415,GLY,LEU
20192,253432,253434,LEU,HYP
20193,253447,253449,HYP,GLY
20194,253454,253456,GLY,GLU
20195,253469,253471,GLU,ARG
20196,253493,253495,ARG,GLY
20197,253500,253502,GLY,ARG
20198,253524,253526,ARG,HYP
20199,253539,253541,HYP,GLY
20200,253546,253548,GLY,PRO
20201,253560,253562,PRO,PRO
20202,253574,253576,PRO,GLY
20203,253581,253583,GLY,SER
20204,253592,253594,SER,ALA
20205,253602,253604,ALA,GLY
20206,253609,253611,GLY,ALA
20207,253619,253621,ALA,ARG
20208,253643,253645,ARG,GLY
20209,253650,253652,GLY,ASN
20210,253664,253666,ASN,ASP
20211,253676,253678,ASP,GLY
20212,253683,253685,GLY,ALA
20213,253693,253695,ALA,VAL
20214,253709,253711,VAL,GLY
20215,253716,253718,GLY,ALA
20216,253726,253728,ALA,ALA
20217,253736,253738,ALA,GLY
20218,253743,253745,GLY,PRO
20219,253757,253759,PRO,HYP
20220,253772,253774,HYP,GLY
20221,253779,253781,GLY,PRO
20222,253793,253795,PRO,THR
20223,253807,253809,THR,GLY
20224,253814,253816,GLY,PRO
20225,253828,253830,PRO,THR
20226,253842,253844,THR,GLY
20227,253849,253851,GLY,PRO
20228,253863,253865,PRO,HYP
20229,253911,253913,DO2,HYP
20230,253926,253928,HYP,GLY
20231,253933,253935,GLY,ALA
20232,253943,253945,ALA,ALA
20233,253953,253955,ALA,GLY
20234,253960,253962,GLY,ALA
20235,253970,253972,ALA,LYS
20236,253992,253994,LYS,GLY
20237,253999,254001,GLY,GLU
20238,254014,254016,GLU,ALA
20239,254024,254026,ALA,GLY
20240,254031,254033,GLY,PRO
20241,254045,254047,PRO,GLN
20242,254062,254064,GLN,GLY
20243,254069,254071,GLY,ALA
20244,254079,254081,ALA,ARG
20245,254103,254105,ARG,GLY
20246,254110,254112,GLY,SER
20247,254121,254123,SER,GLU
20248,254136,254138,GLU,GLY
20249,254143,254145,GLY,PRO
20250,254157,254159,PRO,GLN
20251,254174,254176,GLN,GLY
20252,254181,254183,GLY,VAL
20253,254197,254199,VAL,ARG
20254,254221,254223,ARG,GLY
20255,254228,254230,GLY,GLU
20256,254243,254245,GLU,HYP
20257,254258,254260,HYP,GLY
20258,254265,254267,GLY,PRO
20259,254279,254281,PRO,HYP
20260,254294,254296,HYP,GLY
20261,254301,254303,GLY,PRO
20262,254315,254317,PRO,ALA
20263,254325,254327,ALA,GLY
20264,254332,254334,GLY,ALA
20265,254342,254344,ALA,ALA
20266,254352,254354,ALA,GLY
20267,254359,254361,GLY,PRO
20268,254373,254375,PRO,ALA
20269,254383,254385,ALA,GLY
20270,254390,254392,GLY,ASN
20271,254404,254406,ASN,HYP
20272,254419,254421,HYP,GLY
20273,254426,254428,GLY,ALA
20274,254436,254438,ALA,ASP
20275,254448,254450,ASP,GLY
20276,254455,254457,GLY,GLN
20277,254472,254474,GLN,HYP
20278,254487,254489,HYP,GLY
20279,254494,254496,GLY,ALA
20280,254504,254506,ALA,LYS
20281,254526,254528,LYS,GLY
20282,254533,254535,GLY,ALA
20283,254543,254545,ALA,ASN
20284,254557,254559,ASN,GLY
20285,254564,254566,GLY,ALA
20286,254574,254576,ALA,HYP
20287,254589,254591,HYP,GLY
20288,254596,254598,GLY,ILE
20289,254615,254617,ILE,ALA
20290,254625,254627,ALA,GLY
20291,254632,254634,GLY,ALA
20292,254642,254644,ALA,HYP
20293,254657,254659,HYP,GLY
20294,254664,254666,GLY,DO1
20295,254685,254687,DO1,HYP
20296,254700,254702,HYP,GLY
20297,254707,254709,GLY,ALA
20298,254717,254719,ALA,ARG
20299,254741,254743,ARG,GLY
20300,254748,254750,GLY,PRO
20301,254762,254764,PRO,SER
20302,254773,254775,SER,GLY
20303,254780,254782,GLY,PRO
20304,254794,254796,PRO,GLN
20305,254811,254813,GLN,GLY
20306,254818,254820,GLY,PRO
20307,254832,254834,PRO,SER
20308,254843,254845,SER,GLY
20309,254850,254852,GLY,ALA
20310,254860,254862,ALA,HYP
20311,254875,254877,HYP,GLY
20312,254882,254884,GLY,PRO
20313,254896,254898,PRO,LYS
20314,254918,254920,LYS,GLY
20315,254925,254927,GLY,ASN
20316,254939,254941,ASN,SER
20317,254950,254952,SER,GLY
20318,254957,254959,GLY,GLU
20319,254972,254974,GLU,HYP
20320,254987,254989,HYP,GLY
20321,254994,254996,GLY,ALA
20322,255004,255006,ALA,HYP
20323,255019,255021,HYP,GLY
20324,255026,255028,GLY,ASN
20325,255040,255042,ASN,LYS
20326,255062,255064,LYS,GLY
20327,255069,255071,GLY,ASP
20328,255081,255083,ASP,THR
20329,255095,255097,THR,GLY
20330,255102,255104,GLY,ALA
20331,255112,255114,ALA,LYS
20332,255134,255136,LYS,GLY
20333,255141,255143,GLY,GLU
20334,255156,255158,GLU,HYP
20335,255171,255173,HYP,GLY
20336,255178,255180,GLY,PRO
20337,255192,255194,PRO,ALA
20338,255202,255204,ALA,GLY
20339,255209,255211,GLY,VAL
20340,255225,255227,VAL,GLN
20341,255242,255244,GLN,GLY
20342,255249,255251,GLY,PRO
20343,255263,255265,PRO,HYP
20344,255278,255280,HYP,GLY
20345,255285,255287,GLY,PRO
20346,255299,255301,PRO,ALA
20347,255309,255311,ALA,GLY
20348,255316,255318,GLY,GLU
20349,255331,255333,GLU,GLU
20350,255346,255348,GLU,GLY
20351,255353,255355,GLY,LYS
20352,255375,255377,LYS,ARG
20353,255399,255401,ARG,GLY
20354,255406,255408,GLY,ALA
20355,255416,255418,ALA,ARG
20356,255440,255442,ARG,GLY
20357,255447,255449,GLY,GLU
20358,255462,255464,GLU,HYP
20359,255477,255479,HYP,GLY
20360,255484,255486,GLY,PRO
20361,255498,255500,PRO,SER
20362,255509,255511,SER,GLY
20363,255516,255518,GLY,LEU
20364,255535,255537,LEU,HYP
20365,255550,255552,HYP,GLY
20366,255557,255559,GLY,PRO
20367,255571,255573,PRO,PRO
20368,255585,255587,PRO,GLY
20369,255592,255594,GLY,GLU
20370,255607,255609,GLU,ARG
20371,255631,255633,ARG,GLY
20372,255638,255640,GLY,GLY
20373,255645,255647,GLY,HYP
20374,255660,255662,HYP,GLY
20375,255667,255669,GLY,SER
20376,255678,255680,SER,ARG
20377,255702,255704,ARG,GLY
20378,255709,255711,GLY,DO1
20379,255730,255732,DO1,HYP
20380,255745,255747,HYP,GLY
20381,255752,255754,GLY,ALA
20382,255762,255764,ALA,ASP
20383,255774,255776,ASP,GLY
20384,255781,255783,GLY,VAL
20385,255797,255799,VAL,ALA
20386,255807,255809,ALA,GLY
20387,255814,255816,GLY,PRO
20388,255828,255830,PRO,LYS
20389,255850,255852,LYS,GLY
20390,255857,255859,GLY,PRO
20391,255871,255873,PRO,ALA
20392,255881,255883,ALA,GLY
20393,255888,255890,GLY,GLU
20394,255903,255905,GLU,ARG
20395,255927,255929,ARG,GLY
20396,255934,255936,GLY,SER
20397,255945,255947,SER,HYP
20398,255960,255962,HYP,GLY
20399,255967,255969,GLY,PRO
20400,255981,255983,PRO,ALA
20401,255991,255993,ALA,GLY
20402,255998,256000,GLY,PRO
20403,256012,256014,PRO,LYS
20404,256034,256036,LYS,GLY
20405,256041,256043,GLY,SER
20406,256052,256054,SER,HYP
20407,256067,256069,HYP,GLY
20408,256074,256076,GLY,GLU
20409,256089,256091,GLU,ALA
20410,256099,256101,ALA,GLY
20411,256106,256108,GLY,ARG
20412,256130,256132,ARG,HYP
20413,256145,256147,HYP,GLY
20414,256152,256154,GLY,GLU
20415,256167,256169,GLU,ALA
20416,256177,256179,ALA,GLY
20417,256184,256186,GLY,LEU
20418,256203,256205,LEU,HYP
20419,256218,256220,HYP,GLY
20420,256225,256227,GLY,ALA
20421,256235,256237,ALA,LYS
20422,256257,256259,LYS,GLY
20423,256264,256266,GLY,LEU
20424,256283,256285,LEU,THR
20425,256297,256299,THR,GLY
20426,256304,256306,GLY,SER
20427,256315,256317,SER,HYP
20428,256330,256332,HYP,GLY
20429,256337,256339,GLY,SER
20430,256348,256350,SER,HYP
20431,256363,256365,HYP,GLY
20432,256370,256372,GLY,PRO
20433,256384,256386,PRO,ASP
20434,256396,256398,ASP,GLY
20435,256403,256405,GLY,LYS
20436,256425,256427,LYS,THR
20437,256439,256441,THR,GLY
20438,256446,256448,GLY,PRO
20439,256460,256462,PRO,HYP
20440,256475,256477,HYP,GLY
20441,256482,256484,GLY,PRO
20442,256496,256498,PRO,ALA
20443,256506,256508,ALA,GLY
20444,256513,256515,GLY,GLN
20445,256530,256532,GLN,ASP
20446,256542,256544,ASP,GLY
20447,256549,256551,GLY,ARG
20448,256573,256575,ARG,HYP
20449,256588,256590,HYP,GLY
20450,256595,256597,GLY,PRO
20451,256609,256611,PRO,ALA
20452,256619,256621,ALA,GLY
20453,256626,256628,GLY,PRO
20454,256640,256642,PRO,HYP
20455,256655,256657,HYP,GLY
20456,256662,256664,GLY,ALA
20457,256672,256674,ALA,ARG
20458,256696,256698,ARG,GLY
20459,256703,256705,GLY,GLN
20460,256739,256741,GLY,DO2
20461,256760,256762,DO2,HYP
20462,256775,256777,HYP,GLY
20463,256782,256784,GLY,ALA
20464,256792,256794,ALA,HYP
20465,256807,256809,HYP,GLY
20466,256814,256816,GLY,PRO
20467,256828,256830,PRO,LYS
20468,256850,256852,LYS,GLY
20469,256857,256859,GLY,GLU
20470,256872,256874,GLU,LEU
20471,256891,256893,LEU,GLY
20472,256898,256900,GLY,PRO
20473,256912,256914,PRO,VAL
20474,256928,256930,VAL,GLY
20475,256935,256937,GLY,ASN
20476,256949,256951,ASN,HYP
20477,256964,256966,HYP,GLY
20478,256971,256973,GLY,PRO
20479,256985,256987,PRO,ALA
20480,256995,256997,ALA,GLY
20481,257002,257004,GLY,PRO
20482,257016,257018,PRO,ALA
20483,257026,257028,ALA,GLY
20484,257033,257035,GLY,PRO
20485,257047,257049,PRO,ARG
20486,257071,257073,ARG,GLY
20487,257078,257080,GLY,GLU
20488,257093,257095,GLU,ALA
20489,257103,257105,ALA,GLY
20490,257110,257112,GLY,LEU
20491,257129,257131,LEU,HYP
20492,257144,257146,HYP,GLY
20493,257151,257153,GLY,LEU
20494,257170,257172,LEU,SER
20495,257181,257183,SER,GLY
20496,257188,257190,GLY,PRO
20497,257202,257204,PRO,VAL
20498,257218,257220,VAL,GLY
20499,257225,257227,GLY,PRO
20500,257239,257241,PRO,HYP
20501,257254,257256,HYP,GLY
20502,257261,257263,GLY,ASN
20503,257275,257277,ASN,PRO
20504,257289,257291,PRO,GLY
20505,257296,257298,GLY,ALA
20506,257306,257308,ALA,ASN
20507,257320,257322,ASN,GLY
20508,257327,257329,GLY,LEU
20509,257346,257348,LEU,THR
20510,257360,257362,THR,GLY
20511,257367,257369,GLY,ALA
20512,257377,257379,ALA,LYS
20513,257399,257401,LYS,GLY
20514,257406,257408,GLY,ALA
20515,257416,257418,ALA,THR
20516,257430,257432,THR,GLY
20517,257437,257439,GLY,LEU
20518,257456,257458,LEU,HYP
20519,257471,257473,HYP,GLY
20520,257478,257480,GLY,VAL
20521,257494,257496,VAL,ALA
20522,257504,257506,ALA,GLY
20523,257511,257513,GLY,ALA
20524,257521,257523,ALA,HYP
20525,257536,257538,HYP,GLY
20526,257543,257545,GLY,LEU
20527,257562,257564,LEU,HYP
20528,257577,257579,HYP,GLY
20529,257584,257586,GLY,PRO
20530,257598,257600,PRO,ARG
20531,257622,257624,ARG,GLY
20532,257629,257631,GLY,ILE
20533,257648,257650,ILE,HYP
20534,257663,257665,HYP,GLY
20535,257670,257672,GLY,PRO
20536,257684,257686,PRO,VAL
20537,257700,257702,VAL,GLY
20538,257707,257709,GLY,ALA
20539,257717,257719,ALA,ALA
20540,257727,257729,ALA,GLY
20541,257734,257736,GLY,ALA
20542,257744,257746,ALA,THR
20543,257758,257760,THR,GLY
20544,257765,257767,GLY,PRO
20545,257779,257781,PRO,ARG
20546,257803,257805,ARG,GLY
20547,257810,257812,GLY,LEU
20548,257829,257831,LEU,VAL
20549,257845,257847,VAL,GLY
20550,257852,257854,GLY,GLU
20551,257867,257869,GLU,HYP
20552,257882,257884,HYP,GLY
20553,257889,257891,GLY,PRO
20554,257903,257905,PRO,ALA
20555,257913,257915,ALA,GLY
20556,257920,257922,GLY,SER
20557,257931,257933,SER,LYS
20558,257953,257955,LYS,GLY
20559,257960,257962,GLY,GLU
20560,257975,257977,GLU,THR
20561,257989,257991,THR,GLY
20562,257996,257998,GLY,ASN
20563,258010,258012,ASN,LYS
20564,258032,258034,LYS,GLY
20565,258039,258041,GLY,GLU
20566,258054,258056,GLU,HYP
20567,258069,258071,HYP,GLY
20568,258076,258078,GLY,SER
20569,258087,258089,SER,ALA
20570,258097,258099,ALA,GLY
20571,258104,258106,GLY,ALA
20572,258114,258116,ALA,GLN
20573,258131,258133,GLN,GLY
20574,258138,258140,GLY,PRO
20575,258152,258154,PRO,HYP
20576,258167,258169,HYP,GLY
20577,258174,258176,GLY,PRO
20578,258188,258190,PRO,SER
20579,258199,258201,SER,GLY
20580,258206,258208,GLY,GLU
20581,258221,258223,GLU,GLU
20582,258236,258238,GLU,GLY
20583,258243,258245,GLY,LYS
20584,258265,258267,LYS,ARG
20585,258289,258291,ARG,GLY
20586,258296,258298,GLY,SER
20587,258307,258309,SER,PRO
20588,258321,258323,PRO,GLY
20589,258328,258330,GLY,GLU
20590,258343,258345,GLU,PRO
20591,258357,258359,PRO,GLY
20592,258364,258366,GLY,SER
20593,258375,258377,SER,ALA
20594,258385,258387,ALA,GLY
20595,258392,258394,GLY,PRO
20596,258406,258408,PRO,ALA
20597,258416,258418,ALA,GLY
20598,258423,258425,GLY,PRO
20599,258437,258439,PRO,HYP
20600,258452,258454,HYP,GLY
20601,258459,258461,GLY,LEU
20602,258478,258480,LEU,ARG
20603,258502,258504,ARG,GLY
20604,258509,258511,GLY,SER
20605,258520,258522,SER,HYP
20606,258535,258537,HYP,GLY
20607,258542,258544,GLY,SER
20608,258553,258555,SER,ARG
20609,258577,258579,ARG,GLY
20610,258584,258586,GLY,LEU
20611,258603,258605,LEU,HYP
20612,258618,258620,HYP,GLY
20613,258625,258627,GLY,ALA
20614,258635,258637,ALA,ASP
20615,258647,258649,ASP,GLY
20616,258654,258656,GLY,ARG
20617,258678,258680,ARG,ALA
20618,258688,258690,ALA,GLY
20619,258695,258697,GLY,VAL
20620,258711,258713,VAL,MET
20621,258728,258730,MET,GLY
20622,258735,258737,GLY,PRO
20623,258749,258751,PRO,PRO
20624,258763,258765,PRO,GLY
20625,258770,258772,GLY,ASN
20626,258784,258786,ASN,ARG
20627,258808,258810,ARG,GLY
20628,258815,258817,GLY,SER
20629,258826,258828,SER,THR
20630,258840,258842,THR,GLY
20631,258847,258849,GLY,PRO
20632,258861,258863,PRO,ALA
20633,258871,258873,ALA,GLY
20634,258878,258880,GLY,VAL
20635,258894,258896,VAL,ARG
20636,258918,258920,ARG,GLY
20637,258925,258927,GLY,PRO
20638,258939,258941,PRO,ASN
20639,258953,258955,ASN,GLY
20640,258960,258962,GLY,ASP
20641,258972,258974,ASP,ALA
20642,258982,258984,ALA,GLY
20643,258989,258991,GLY,ARG
20644,259013,259015,ARG,HYP
20645,259028,259030,HYP,GLY
20646,259035,259037,GLY,GLU
20647,259050,259052,GLU,HYP
20648,259065,259067,HYP,GLY
20649,259072,259074,GLY,LEU
20650,259091,259093,LEU,MET
20651,259108,259110,MET,GLY
20652,259115,259117,GLY,PRO
20653,259129,259131,PRO,ARG
20654,259153,259155,ARG,GLY
20655,259160,259162,GLY,LEU
20656,259179,259181,LEU,HYP
20657,259194,259196,HYP,GLY
20658,259201,259203,GLY,SER
20659,259212,259214,SER,HYP
20660,259227,259229,HYP,GLY
20661,259234,259236,GLY,ASN
20662,259248,259250,ASN,VAL
20663,259264,259266,VAL,GLY
20664,259271,259273,GLY,PRO
20665,259285,259287,PRO,ALA
20666,259295,259297,ALA,GLY
20667,259302,259304,GLY,LYS
20668,259324,259326,LYS,GLU
20669,259339,259341,GLU,GLY
20670,259346,259348,GLY,PRO
20671,259360,259362,PRO,VAL
20672,259376,259378,VAL,GLY
20673,259383,259385,GLY,LEU
20674,259402,259404,LEU,HYP
20675,259417,259419,HYP,GLY
20676,259424,259426,GLY,ILE
20677,259443,259445,ILE,ASP
20678,259455,259457,ASP,GLY
20679,259462,259464,GLY,ARG
20680,259486,259488,ARG,HYP
20681,259501,259503,HYP,GLY
20682,259508,259510,GLY,PRO
20683,259522,259524,PRO,ILE
20684,259541,259543,ILE,GLY
20685,259548,259550,GLY,PRO
20686,259562,259564,PRO,ALA
20687,259572,259574,ALA,GLY
20688,259579,259581,GLY,PRO
20689,259593,259595,PRO,ARG
20690,259617,259619,ARG,GLY
20691,259643,259645,GLY,DO1
20692,259664,259666,DO1,HYP
20693,259679,259681,HYP,GLY
20694,259686,259688,GLY,ALA
20695,259696,259698,ALA,ALA
20696,259706,259708,ALA,GLY
20697,259713,259715,GLY,ALA
20698,259723,259725,ALA,LYS
20699,259745,259747,LYS,GLY
20700,259752,259754,GLY,GLU
20701,259767,259769,GLU,ALA
20702,259777,259779,ALA,GLY
20703,259784,259786,GLY,PRO
20704,259798,259800,PRO,GLN
20705,259815,259817,GLN,GLY
20706,259822,259824,GLY,ALA
20707,259832,259834,ALA,ARG
20708,259856,259858,ARG,GLY
20709,259863,259865,GLY,SER
20710,259874,259876,SER,GLU
20711,259889,259891,GLU,GLY
20712,259896,259898,GLY,PRO
20713,259910,259912,PRO,GLN
20714,259927,259929,GLN,GLY
20715,259934,259936,GLY,VAL
20716,259950,259952,VAL,ARG
20717,259974,259976,ARG,GLY
20718,259981,259983,GLY,GLU
20719,259996,259998,GLU,HYP
20720,260011,260013,HYP,GLY
20721,260018,260020,GLY,PRO
20722,260032,260034,PRO,HYP
20723,260047,260049,HYP,GLY
20724,260054,260056,GLY,PRO
20725,260068,260070,PRO,ALA
20726,260078,260080,ALA,GLY
20727,260085,260087,GLY,ALA
20728,260095,260097,ALA,ALA
20729,260105,260107,ALA,GLY
20730,260112,260114,GLY,PRO
20731,260126,260128,PRO,ALA
20732,260136,260138,ALA,GLY
20733,260143,260145,GLY,ASN
20734,260157,260159,ASN,HYP
20735,260172,260174,HYP,GLY
20736,260179,260181,GLY,ALA
20737,260189,260191,ALA,ASP
20738,260201,260203,ASP,GLY
20739,260208,260210,GLY,GLN
20740,260225,260227,GLN,HYP
20741,260240,260242,HYP,GLY
20742,260247,260249,GLY,ALA
20743,260257,260259,ALA,LYS
20744,260279,260281,LYS,GLY
20745,260286,260288,GLY,ALA
20746,260296,260298,ALA,ASN
20747,260310,260312,ASN,GLY
20748,260317,260319,GLY,ALA
20749,260327,260329,ALA,HYP
20750,260342,260344,HYP,GLY
20751,260349,260351,GLY,ILE
20752,260368,260370,ILE,ALA
20753,260378,260380,ALA,GLY
20754,260385,260387,GLY,ALA
20755,260395,260397,ALA,HYP
20756,260410,260412,HYP,GLY
20757,260417,260419,GLY,DO2
20758,260438,260440,DO2,HYP
20759,260453,260455,HYP,GLY
20760,260460,260462,GLY,ALA
20761,260470,260472,ALA,ARG
20762,260494,260496,ARG,GLY
20763,260501,260503,GLY,PRO
20764,260515,260517,PRO,SER
20765,260526,260528,SER,GLY
20766,260533,260535,GLY,PRO
20767,260547,260549,PRO,GLN
20768,260564,260566,GLN,GLY
20769,260571,260573,GLY,PRO
20770,260585,260587,PRO,SER
20771,260596,260598,SER,GLY
20772,260603,260605,GLY,ALA
20773,260613,260615,ALA,HYP
20774,260628,260630,HYP,GLY
20775,260635,260637,GLY,PRO
20776,260649,260651,PRO,LYS
20777,260671,260673,LYS,GLY
20778,260678,260680,GLY,ASN
20779,260692,260694,ASN,SER
20780,260703,260705,SER,GLY
20781,260710,260712,GLY,GLU
20782,260725,260727,GLU,HYP
20783,260740,260742,HYP,GLY
20784,260747,260749,GLY,ALA
20785,260757,260759,ALA,HYP
20786,260772,260774,HYP,GLY
20787,260779,260781,GLY,ASN
20788,260793,260795,ASN,LYS
20789,260815,260817,LYS,GLY
20790,260822,260824,GLY,ASP
20791,260834,260836,ASP,THR
20792,260848,260850,THR,GLY
20793,260855,260857,GLY,ALA
20794,260865,260867,ALA,LYS
20795,260887,260889,LYS,GLY
20796,260894,260896,GLY,GLU
20797,260909,260911,GLU,HYP
20798,260924,260926,HYP,GLY
20799,260931,260933,GLY,PRO
20800,260945,260947,PRO,ALA
20801,260955,260957,ALA,GLY
20802,260962,260964,GLY,VAL
20803,260978,260980,VAL,GLN
20804,260995,260997,GLN,GLY
20805,261002,261004,GLY,PRO
20806,261016,261018,PRO,HYP
20807,261031,261033,HYP,GLY
20808,261038,261040,GLY,PRO
20809,261052,261054,PRO,ALA
20810,261062,261064,ALA,GLY
20811,261069,261071,GLY,GLU
20812,261084,261086,GLU,GLU
20813,261099,261101,GLU,GLY
20814,261106,261108,GLY,LYS
20815,261128,261130,LYS,ARG
20816,261152,261154,ARG,GLY
20817,261159,261161,GLY,ALA
20818,261169,261171,ALA,ARG
20819,261193,261195,ARG,GLY
20820,261200,261202,GLY,GLU
20821,261215,261217,GLU,HYP
20822,261230,261232,HYP,GLY
20823,261237,261239,GLY,PRO
20824,261251,261253,PRO,SER
20825,261262,261264,SER,GLY
20826,261269,261271,GLY,LEU
20827,261288,261290,LEU,HYP
20828,261303,261305,HYP,GLY
20829,261310,261312,GLY,PRO
20830,261324,261326,PRO,PRO
20831,261338,261340,PRO,GLY
20832,261345,261347,GLY,GLU
20833,261360,261362,GLU,ARG
20834,261384,261386,ARG,GLY
20835,261391,261393,GLY,GLY
20836,261398,261400,GLY,HYP
20837,261413,261415,HYP,GLY
20838,261420,261422,GLY,SER
20839,261431,261433,SER,ARG
20840,261455,261457,ARG,GLY
20841,261462,261464,GLY,DO1
20842,261483,261485,DO1,HYP
20843,261498,261500,HYP,GLY
20844,261505,261507,GLY,ALA
20845,261515,261517,ALA,ASP
20846,261527,261529,ASP,GLY
20847,261534,261536,GLY,VAL
20848,261550,261552,VAL,ALA
20849,261560,261562,ALA,GLY
20850,261567,261569,GLY,PRO
20851,261581,261583,PRO,LYS
20852,261603,261605,LYS,GLY
20853,261610,261612,GLY,PRO
20854,261624,261626,PRO,ALA
20855,261634,261636,ALA,GLY
20856,261641,261643,GLY,GLU
20857,261656,261658,GLU,ARG
20858,261680,261682,ARG,GLY
20859,261687,261689,GLY,SER
20860,261698,261700,SER,HYP
20861,261713,261715,HYP,GLY
20862,261720,261722,GLY,PRO
20863,261734,261736,PRO,ALA
20864,261744,261746,ALA,GLY
20865,261751,261753,GLY,PRO
20866,261765,261767,PRO,LYS
20867,261787,261789,LYS,GLY
20868,261794,261796,GLY,SER
20869,261805,261807,SER,HYP
20870,261820,261822,HYP,GLY
20871,261827,261829,GLY,GLU
20872,261842,261844,GLU,ALA
20873,261852,261854,ALA,GLY
20874,261859,261861,GLY,ARG
20875,261883,261885,ARG,HYP
20876,261898,261900,HYP,GLY
20877,261905,261907,GLY,GLU
20878,261920,261922,GLU,ALA
20879,261930,261932,ALA,GLY
20880,261937,261939,GLY,LEU
20881,261956,261958,LEU,HYP
20882,261971,261973,HYP,GLY
20883,261978,261980,GLY,ALA
20884,261988,261990,ALA,LYS
20885,262010,262012,LYS,GLY
20886,262017,262019,GLY,LEU
20887,262036,262038,LEU,THR
20888,262050,262052,THR,GLY
20889,262057,262059,GLY,SER
20890,262068,262070,SER,HYP
20891,262083,262085,HYP,GLY
20892,262090,262092,GLY,SER
20893,262101,262103,SER,HYP
20894,262116,262118,HYP,GLY
20895,262123,262125,GLY,PRO
20896,262137,262139,PRO,ASP
20897,262149,262151,ASP,GLY
20898,262156,262158,GLY,LYS
20899,262178,262180,LYS,THR
20900,262192,262194,THR,GLY
20901,262199,262201,GLY,PRO
20902,262213,262215,PRO,HYP
20903,262228,262230,HYP,GLY
20904,262235,262237,GLY,PRO
20905,262249,262251,PRO,ALA
20906,262259,262261,ALA,GLY
20907,262266,262268,GLY,GLN
20908,262283,262285,GLN,ASP
20909,262295,262297,ASP,GLY
20910,262302,262304,GLY,ARG
20911,262326,262328,ARG,HYP
20912,262341,262343,HYP,GLY
20913,262348,262350,GLY,PRO
20914,262362,262364,PRO,ALA
20915,262372,262374,ALA,GLY
20916,262379,262381,GLY,PRO
20917,262393,262395,PRO,HYP
20918,262408,262410,HYP,GLY
20919,262415,262417,GLY,ALA
20920,262425,262427,ALA,ARG
20921,262449,262451,ARG,GLY
20922,262475,262477,GLY,ALA
20923,262485,262487,ALA,HYP
20924,262500,262502,HYP,GLY
20925,262507,262509,GLY,ALA
20926,262517,262519,ALA,PRO
20927,262531,262533,PRO,GLY
20928,262538,262540,GLY,PRO
20929,262552,262554,PRO,VAL
20930,262568,262570,VAL,GLY
20931,262575,262577,GLY,PRO
20932,262589,262591,PRO,ALA
20933,262599,262601,ALA,GLY
20934,262606,262608,GLY,LYS
20935,262628,262630,LYS,ASN
20936,262642,262644,ASN,GLY
20937,262649,262651,GLY,ASP
20938,262661,262663,ASP,ARG
20939,262685,262687,ARG,GLY
20940,262692,262694,GLY,GLU
20941,262707,262709,GLU,THR
20942,262721,262723,THR,GLY
20943,262728,262730,GLY,PRO
20944,262742,262744,PRO,ALA
20945,262752,262754,ALA,GLY
20946,262759,262761,GLY,PRO
20947,262773,262775,PRO,ALA
20948,262783,262785,ALA,GLY
20949,262790,262792,GLY,PRO
20950,262804,262806,PRO,ILE
20951,262823,262825,ILE,GLY
20952,262830,262832,GLY,PRO
20953,262844,262846,PRO,ALA
20954,262854,262856,ALA,GLY
20955,262861,262863,GLY,ALA
20956,262871,262873,ALA,ARG
20957,262895,262897,ARG,GLY
20958,262902,262904,GLY,PRO
20959,262916,262918,PRO,ALA
20960,262926,262928,ALA,GLY
20961,262933,262935,GLY,PRO
20962,262947,262949,PRO,GLN
20963,262964,262966,GLN,GLY
20964,262971,262973,GLY,PRO
20965,262985,262987,PRO,ARG
20966,263009,263011,ARG,GLY
20967,263016,263018,GLY,ASP
20968,263028,263030,ASP,LYS
20969,263050,263052,LYS,GLY
20970,263057,263059,GLY,GLU
20971,263072,263074,GLU,THR
20972,263086,263088,THR,GLY
20973,263093,263095,GLY,GLU
20974,263108,263110,GLU,GLN
20975,263125,263127,GLN,GLY
20976,263132,263134,GLY,ASP
20977,263144,263146,ASP,ARG
20978,263168,263170,ARG,GLY
20979,263175,263177,GLY,ILE
20980,263194,263196,ILE,LYS
20981,263216,263218,LYS,GLY
20982,263223,263225,GLY,HIS
20983,263240,263242,HIS,ARG
20984,263264,263266,ARG,GLY
20985,263271,263273,GLY,DO2
20986,263292,263294,DO2,SER
20987,263303,263305,SER,GLY
20988,263310,263312,GLY,LEU
20989,263329,263331,LEU,GLN
20990,263346,263348,GLN,GLY
20991,263353,263355,GLY,PRO
20992,263367,263369,PRO,HYP
20993,263382,263384,HYP,GLY
20994,263389,263391,GLY,SER
20995,263400,263402,SER,HYP
20996,263415,263417,HYP,GLY
20997,263422,263424,GLY,SER
20998,263433,263435,SER,HYP
20999,263448,263450,HYP,GLY
21000,263455,263457,GLY,GLU
21001,263470,263472,GLU,GLN
21002,263487,263489,GLN,GLY
21003,263494,263496,GLY,PRO
21004,263508,263510,PRO,SER
21005,263519,263521,SER,GLY
21006,263526,263528,GLY,ALA
21007,263536,263538,ALA,SER
21008,263547,263549,SER,GLY
21009,263554,263556,GLY,PRO
21010,263568,263570,PRO,ALA
21011,263578,263580,ALA,GLY
21012,263585,263587,GLY,PRO
21013,263599,263601,PRO,ARG
21014,263623,263625,ARG,GLY
21015,263630,263632,GLY,PRO
21016,263644,263646,PRO,HYP
21017,263659,263661,HYP,GLY
21018,263666,263668,GLY,SER
21019,263677,263679,SER,ALA
21020,263687,263689,ALA,GLY
21021,263694,263696,GLY,SER
21022,263705,263707,SER,PRO
21023,263719,263721,PRO,GLY
21024,263726,263728,GLY,LYS
21025,263748,263750,LYS,ASP
21026,263760,263762,ASP,GLY
21027,263767,263769,GLY,LEU
21028,263786,263788,LEU,ASN
21029,263800,263802,ASN,GLY
21030,263807,263809,GLY,LEU
21031,263826,263828,LEU,HYP
21032,263841,263843,HYP,GLY
21033,263848,263850,GLY,PRO
21034,263862,263864,PRO,ILE
21035,263881,263883,ILE,GLY
21036,263888,263890,GLY,HYP
21037,263903,263905,HYP,PRO
21038,263917,263919,PRO,GLY
21039,263924,263926,GLY,PRO
21040,263938,263940,PRO,ARG
21041,263962,263964,ARG,GLY
21042,263969,263971,GLY,ARG
21043,263993,263995,ARG,THR
21044,264007,264009,THR,GLY
21045,264014,264016,GLY,ASP
21046,264026,264028,ASP,SER
21047,264037,264039,SER,GLY
21048,264044,264046,GLY,PRO
21049,264058,264060,PRO,ALA
21050,264068,264070,ALA,GLY
21051,264075,264077,GLY,PRO
21052,264089,264091,PRO,HYP
21053,264104,264106,HYP,GLY
21054,264111,264113,GLY,PRO
21055,264125,264127,PRO,HYP
21056,264140,264142,HYP,GLY
21057,264147,264149,GLY,PRO
21058,264161,264163,PRO,HYP
21059,264176,264178,HYP,GLY
21060,264183,264185,GLY,PRO
21061,264197,264199,PRO,HYP
21062,264212,264214,HYP,GLY
21063,264219,264221,GLY,PRO
21064,264233,264235,PRO,HYP
21065,264248,264250,HYP,SER
21066,264259,264261,SER,GLY
21067,264266,264268,GLY,GLY
21068,264273,264275,GLY,DO1
21069,264294,264296,DO1,ASP
21070,264306,264308,ASP,DO2
21071,264327,264329,DO2,SER
21072,264338,264340,SER,DO1
21073,264359,264361,DO1,LEU
21074,264378,264380,LEU,PRO
21075,264392,264394,PRO,GLN
21076,264409,264411,GLN,PRO
21077,264423,264425,PRO,PRO
21078,264437,264439,PRO,GLN
21079,264454,264456,GLN,GLU
21080,264469,264471,GLU,LY2
21081,264478,264480,LY2,SER
21082,264489,264491,SER,GLN
21083,264506,264508,GLN,ASP
21084,264518,264520,ASP,GLY
21085,264525,264527,GLY,GLY
21086,264532,264534,GLY,ARG
21087,264556,264558,ARG,DO2
21088,264577,264579,DO2,DO2
21089,264598,264600,DO2,ARG
21090,264622,264624,ARG,ALA
21091,264649,264651,ALA,GLY
21092,264656,264658,GLY,ALA
21093,264666,264668,ALA,HYP
21094,264681,264683,HYP,GLY
21095,264688,264690,GLY,PRO
21096,264702,264704,PRO,HIS
21097,264719,264721,HIS,GLY
21098,264726,264728,GLY,SER
21099,264737,264739,SER,VAL
21100,264753,264755,VAL,GLY
21101,264760,264762,GLY,PRO
21102,264774,264776,PRO,ALA
21103,264784,264786,ALA,GLY
21104,264791,264793,GLY,LYS
21105,264813,264815,LYS,HIS
21106,264830,264832,HIS,GLY
21107,264837,264839,GLY,ASN
21108,264851,264853,ASN,ARG
21109,264875,264877,ARG,GLY
21110,264882,264884,GLY,GLU
21111,264897,264899,GLU,HYP
21112,264912,264914,HYP,GLY
21113,264919,264921,GLY,PRO
21114,264933,264935,PRO,ALA
21115,264943,264945,ALA,GLY
21116,264950,264952,GLY,SER
21117,264961,264963,SER,VAL
21118,264977,264979,VAL,GLY
21119,264984,264986,GLY,PRO
21120,264998,265000,PRO,VAL
21121,265014,265016,VAL,GLY
21122,265021,265023,GLY,ALA
21123,265031,265033,ALA,VAL
21124,265047,265049,VAL,GLY
21125,265054,265056,GLY,PRO
21126,265068,265070,PRO,ARG
21127,265092,265094,ARG,GLY
21128,265099,265101,GLY,PRO
21129,265113,265115,PRO,SER
21130,265124,265126,SER,GLY
21131,265131,265133,GLY,PRO
21132,265145,265147,PRO,GLN
21133,265162,265164,GLN,GLY
21134,265169,265171,GLY,ILE
21135,265188,265190,ILE,ARG
21136,265212,265214,ARG,GLY
21137,265219,265221,GLY,ASP
21138,265231,265233,ASP,LYS
21139,265253,265255,LYS,GLY
21140,265260,265262,GLY,GLU
21141,265275,265277,GLU,HYP
21142,265290,265292,HYP,GLY
21143,265297,265299,GLY,ASP
21144,265309,265311,ASP,LYS
21145,265331,265333,LYS,GLY
21146,265338,265340,GLY,ALA
21147,265348,265350,ALA,ARG
21148,265372,265374,ARG,GLY
21149,265379,265381,GLY,LEU
21150,265398,265400,LEU,HYP
21151,265413,265415,HYP,GLY
21152,265420,265422,GLY,LEU
21153,265439,265441,LEU,LYX
21154,265459,265470,LYX,GLY
21155,265475,265477,GLY,HIS
21156,265492,265494,HIS,ASN
21157,265506,265508,ASN,GLY
21158,265513,265515,GLY,LEU
21159,265532,265534,LEU,GLN
21160,265549,265551,GLN,GLY
21161,265556,265558,GLY,LEU
21162,265575,265577,LEU,HYP
21163,265590,265592,HYP,GLY
21164,265597,265599,GLY,LEU
21165,265616,265618,LEU,ALA
21166,265626,265628,ALA,GLY
21167,265633,265635,GLY,LEU
21168,265652,265654,LEU,HIS
21169,265669,265671,HIS,GLY
21170,265676,265678,GLY,ASP
21171,265688,265690,ASP,GLN
21172,265705,265707,GLN,GLY
21173,265712,265714,GLY,ALA
21174,265722,265724,ALA,HYP
21175,265737,265739,HYP,GLY
21176,265744,265746,GLY,PRO
21177,265758,265760,PRO,VAL
21178,265774,265776,VAL,GLY
21179,265781,265783,GLY,PRO
21180,265795,265797,PRO,ALA
21181,265805,265807,ALA,GLY
21182,265812,265814,GLY,PRO
21183,265826,265828,PRO,ARG
21184,265850,265852,ARG,GLY
21185,265857,265859,GLY,PRO
21186,265871,265873,PRO,ALA
21187,265881,265883,ALA,GLY
21188,265888,265890,GLY,PRO
21189,265902,265904,PRO,SER
21190,265913,265915,SER,GLY
21191,265920,265922,GLY,PRO
21192,265934,265936,PRO,ILE
21193,265953,265955,ILE,GLY
21194,265960,265962,GLY,LYS
21195,265982,265984,LYS,ASP
21196,265994,265996,ASP,GLY
21197,266001,266003,GLY,ARG
21198,266025,266027,ARG,SER
21199,266036,266038,SER,GLY
21200,266043,266045,GLY,HIS
21201,266060,266062,HIS,HYP
21202,266075,266077,HYP,GLY
21203,266082,266084,GLY,PRO
21204,266096,266098,PRO,VAL
21205,266112,266114,VAL,GLY
21206,266119,266121,GLY,PRO
21207,266133,266135,PRO,ALA
21208,266143,266145,ALA,GLY
21209,266150,266152,GLY,VAL
21210,266166,266168,VAL,ARG
21211,266190,266192,ARG,GLY
21212,266197,266199,GLY,SER
21213,266208,266210,SER,GLN
21214,266225,266227,GLN,GLY
21215,266232,266234,GLY,SER
21216,266243,266245,SER,GLN
21217,266260,266262,GLN,GLY
21218,266267,266269,GLY,PRO
21219,266281,266283,PRO,ALA
21220,266291,266293,ALA,GLY
21221,266298,266300,GLY,PRO
21222,266312,266314,PRO,HYP
21223,266327,266329,HYP,GLY
21224,266334,266336,GLY,PRO
21225,266348,266350,PRO,HYP
21226,266363,266365,HYP,GLY
21227,266370,266372,GLY,PRO
21228,266384,266386,PRO,HYP
21229,266399,266401,HYP,GLY
21230,266406,266408,GLY,PRO
21231,266420,266422,PRO,HYP
21232,266435,266437,HYP,GLY
21233,266442,266444,GLY,VAL
21234,266458,266460,VAL,SER
21235,266469,266471,SER,GLY
21236,266476,266478,GLY,GLY
21237,266483,266485,GLY,GLY
21238,266490,266492,GLY,DO2
21239,266511,266513,DO2,ASP
21240,266523,266525,ASP,DO1
21241,266544,266546,DO1,GLY
21242,266551,266553,GLY,DO1
21243,266572,266574,DO1,GLU
21244,266587,266589,GLU,GLY
21245,266594,266596,GLY,GLY
21246,266601,266603,GLY,DO1
21247,266622,266624,DO1,DO2
21248,266643,266645,DO2,ARG
21249,266667,266669,ARG,ALA
21250,266694,266696,ALA,HYP
21251,266709,266711,HYP,GLY
21252,266716,266718,GLY,ALA
21253,266726,266728,ALA,HYP
21254,266741,266743,HYP,GLY
21255,266748,266750,GLY,ALA
21256,266758,266760,ALA,PRO
21257,266772,266774,PRO,GLY
21258,266779,266781,GLY,PRO
21259,266793,266795,PRO,VAL
21260,266809,266811,VAL,GLY
21261,266816,266818,GLY,PRO
21262,266830,266832,PRO,ALA
21263,266840,266842,ALA,GLY
21264,266847,266849,GLY,LYS
21265,266869,266871,LYS,ASN
21266,266883,266885,ASN,GLY
21267,266890,266892,GLY,ASP
21268,266902,266904,ASP,ARG
21269,266926,266928,ARG,GLY
21270,266933,266935,GLY,GLU
21271,266948,266950,GLU,THR
21272,266962,266964,THR,GLY
21273,266969,266971,GLY,PRO
21274,266983,266985,PRO,ALA
21275,266993,266995,ALA,GLY
21276,267000,267002,GLY,PRO
21277,267014,267016,PRO,ALA
21278,267024,267026,ALA,GLY
21279,267031,267033,GLY,PRO
21280,267045,267047,PRO,ILE
21281,267064,267066,ILE,GLY
21282,267071,267073,GLY,PRO
21283,267085,267087,PRO,ALA
21284,267095,267097,ALA,GLY
21285,267102,267104,GLY,ALA
21286,267112,267114,ALA,ARG
21287,267136,267138,ARG,GLY
21288,267143,267145,GLY,PRO
21289,267157,267159,PRO,ALA
21290,267167,267169,ALA,GLY
21291,267174,267176,GLY,PRO
21292,267188,267190,PRO,GLN
21293,267205,267207,GLN,GLY
21294,267212,267214,GLY,PRO
21295,267226,267228,PRO,ARG
21296,267250,267252,ARG,GLY
21297,267257,267259,GLY,ASP
21298,267269,267271,ASP,LYS
21299,267291,267293,LYS,GLY
21300,267298,267300,GLY,GLU
21301,267313,267315,GLU,THR
21302,267327,267329,THR,GLY
21303,267334,267336,GLY,GLU
21304,267349,267351,GLU,GLN
21305,267366,267368,GLN,GLY
21306,267373,267375,GLY,ASP
21307,267385,267387,ASP,ARG
21308,267409,267411,ARG,GLY
21309,267416,267418,GLY,ILE
21310,267435,267437,ILE,LYS
21311,267457,267459,LYS,GLY
21312,267464,267466,GLY,HIS
21313,267481,267483,HIS,ARG
21314,267505,267507,ARG,GLY
21315,267512,267514,GLY,DO1
21316,267533,267535,DO1,SER
21317,267544,267546,SER,GLY
21318,267551,267553,GLY,LEU
21319,267570,267572,LEU,GLN
21320,267587,267589,GLN,GLY
21321,267594,267596,GLY,PRO
21322,267608,267610,PRO,HYP
21323,267623,267625,HYP,GLY
21324,267630,267632,GLY,SER
21325,267641,267643,SER,HYP
21326,267656,267658,HYP,GLY
21327,267663,267665,GLY,SER
21328,267674,267676,SER,HYP
21329,267689,267691,HYP,GLY
21330,267696,267698,GLY,GLU
21331,267711,267713,GLU,GLN
21332,267728,267730,GLN,GLY
21333,267735,267737,GLY,PRO
21334,267749,267751,PRO,SER
21335,267760,267762,SER,GLY
21336,267767,267769,GLY,ALA
21337,267777,267779,ALA,SER
21338,267788,267790,SER,GLY
21339,267795,267797,GLY,PRO
21340,267809,267811,PRO,ALA
21341,267819,267821,ALA,GLY
21342,267826,267828,GLY,PRO
21343,267840,267842,PRO,ARG
21344,267864,267866,ARG,GLY
21345,267871,267873,GLY,PRO
21346,267885,267887,PRO,HYP
21347,267900,267902,HYP,GLY
21348,267907,267909,GLY,SER
21349,267918,267920,SER,ALA
21350,267928,267930,ALA,GLY
21351,267935,267937,GLY,SER
21352,267946,267948,SER,PRO
21353,267960,267962,PRO,GLY
21354,267967,267969,GLY,LYS
21355,267989,267991,LYS,ASP
21356,268001,268003,ASP,GLY
21357,268008,268010,GLY,LEU
21358,268027,268029,LEU,ASN
21359,268041,268043,ASN,GLY
21360,268048,268050,GLY,LEU
21361,268067,268069,LEU,HYP
21362,268082,268084,HYP,GLY
21363,268089,268091,GLY,PRO
21364,268103,268105,PRO,ILE
21365,268122,268124,ILE,GLY
21366,268129,268131,GLY,HYP
21367,268144,268146,HYP,PRO
21368,268158,268160,PRO,GLY
21369,268165,268167,GLY,PRO
21370,268179,268181,PRO,ARG
21371,268203,268205,ARG,GLY
21372,268210,268212,GLY,ARG
21373,268234,268236,ARG,THR
21374,268248,268250,THR,GLY
21375,268255,268257,GLY,ASP
21376,268267,268269,ASP,SER
21377,268278,268280,SER,GLY
21378,268285,268287,GLY,PRO
21379,268299,268301,PRO,ALA
21380,268309,268311,ALA,GLY
21381,268316,268318,GLY,PRO
21382,268330,268332,PRO,HYP
21383,268345,268347,HYP,GLY
21384,268352,268354,GLY,PRO
21385,268366,268368,PRO,HYP
21386,268381,268383,HYP,GLY
21387,268388,268390,GLY,PRO
21388,268402,268404,PRO,HYP
21389,268417,268419,HYP,GLY
21390,268424,268426,GLY,PRO
21391,268438,268440,PRO,HYP
21392,268453,268455,HYP,GLY
21393,268460,268462,GLY,PRO
21394,268474,268476,PRO,HYP
21395,268489,268491,HYP,SER
21396,268500,268502,SER,GLY
21397,268507,268509,GLY,GLY
21398,268514,268516,GLY,DO1
21399,268535,268537,DO1,ASP
21400,268547,268549,ASP,DO1
21401,268568,268570,DO1,SER
21402,268579,268581,SER,DO2
21403,268600,268602,DO2,LEU
21404,268619,268621,LEU,PRO
21405,268633,268635,PRO,GLN
21406,268650,268652,GLN,PRO
21407,268664,268666,PRO,PRO
21408,268678,268680,PRO,GLN
21409,268695,268697,GLN,GLU
21410,268710,268712,GLU,LY3
21411,268722,268724,LY3,SER
21412,268733,268735,SER,GLN
21413,268750,268752,GLN,ASP
21414,268762,268764,ASP,GLY
21415,268769,268771,GLY,GLY
21416,268776,268778,GLY,ARG
21417,268800,268802,ARG,DO1
21418,268821,268823,DO1,DO2
21419,268842,268844,DO2,ARG
21420,268866,268868,ARG,ALA
21421,268893,268895,ALA,GLY
21422,268900,268902,GLY,PRO
21423,268914,268916,PRO,HYP
21424,268929,268931,HYP,GLY
21425,268936,268938,GLY,ALA
21426,268946,268948,ALA,ASP
21427,268958,268960,ASP,GLY
21428,268965,268967,GLY,GLN
21429,268982,268984,GLN,HYP
21430,268997,268999,HYP,GLY
21431,269004,269006,GLY,ALA
21432,269014,269016,ALA,LYS
21433,269036,269038,LYS,GLY
21434,269043,269045,GLY,GLU
21435,269058,269060,GLU,PRO
21436,269072,269074,PRO,GLY
21437,269079,269081,GLY,ASP
21438,269091,269093,ASP,THR
21439,269105,269107,THR,GLY
21440,269112,269114,GLY,VAL
21441,269128,269130,VAL,LYS
21442,269150,269152,LYS,GLY
21443,269157,269159,GLY,ASP
21444,269169,269171,ASP,ALA
21445,269179,269181,ALA,GLY
21446,269186,269188,GLY,PRO
21447,269200,269202,PRO,HYP
21448,269215,269217,HYP,GLY
21449,269222,269224,GLY,PRO
21450,269236,269238,PRO,ALA
21451,269246,269248,ALA,GLY
21452,269253,269255,GLY,PRO
21453,269267,269269,PRO,ALA
21454,269277,269279,ALA,GLY
21455,269284,269286,GLY,PRO
21456,269298,269300,PRO,HYP
21457,269313,269315,HYP,GLY
21458,269320,269322,GLY,PRO
21459,269334,269336,PRO,ILE
21460,269353,269355,ILE,GLY
21461,269360,269362,GLY,ASN
21462,269374,269376,ASN,VAL
21463,269390,269392,VAL,GLY
21464,269397,269399,GLY,ALA
21465,269407,269409,ALA,HYP
21466,269422,269424,HYP,GLY
21467,269429,269431,GLY,PRO
21468,269443,269445,PRO,LYS
21469,269465,269467,LYS,GLY
21470,269472,269474,GLY,SER
21471,269483,269485,SER,ARG
21472,269507,269509,ARG,GLY
21473,269514,269516,GLY,ALA
21474,269524,269526,ALA,ALA
21475,269534,269536,ALA,GLY
21476,269541,269543,GLY,PRO
21477,269555,269557,PRO,HYP
21478,269570,269572,HYP,GLY
21479,269577,269579,GLY,ALA
21480,269587,269589,ALA,THR
21481,269601,269603,THR,GLY
21482,269608,269610,GLY,DO2
21483,269629,269631,DO2,HYP
21484,269644,269646,HYP,GLY
21485,269651,269653,GLY,ALA
21486,269661,269663,ALA,ALA
21487,269671,269673,ALA,GLY
21488,269678,269680,GLY,ARG
21489,269702,269704,ARG,VAL
21490,269718,269720,VAL,GLY
21491,269725,269727,GLY,PRO
21492,269739,269741,PRO,HYP
21493,269754,269756,HYP,GLY
21494,269761,269763,GLY,PRO
21495,269775,269777,PRO,SER
21496,269786,269788,SER,GLY
21497,269793,269795,GLY,ASN
21498,269807,269809,ASN,ALA
21499,269817,269819,ALA,GLY
21500,269824,269826,GLY,PRO
21501,269838,269840,PRO,HYP
21502,269853,269855,HYP,GLY
21503,269860,269862,GLY,PRO
21504,269874,269876,PRO,HYP
21505,269889,269891,HYP,GLY
21506,269896,269898,GLY,PRO
21507,269910,269912,PRO,VAL
21508,269926,269928,VAL,GLY
21509,269933,269935,GLY,LYS
21510,269955,269957,LYS,GLU
21511,269970,269972,GLU,GLY
21512,269977,269979,GLY,GLY
21513,269984,269986,GLY,LYS
21514,270006,270008,LYS,GLY
21515,270013,270015,GLY,PRO
21516,270027,270029,PRO,ARG
21517,270051,270053,ARG,GLY
21518,270058,270060,GLY,GLU
21519,270073,270075,GLU,THR
21520,270087,270089,THR,GLY
21521,270094,270096,GLY,PRO
21522,270108,270110,PRO,ALA
21523,270118,270120,ALA,GLY
21524,270125,270127,GLY,ARG
21525,270149,270151,ARG,HYP
21526,270164,270166,HYP,GLY
21527,270171,270173,GLY,GLU
21528,270186,270188,GLU,VAL
21529,270202,270204,VAL,GLY
21530,270209,270211,GLY,PRO
21531,270223,270225,PRO,PRO
21532,270237,270239,PRO,GLY
21533,270244,270246,GLY,PRO
21534,270258,270260,PRO,HYP
21535,270273,270275,HYP,GLY
21536,270280,270282,GLY,PRO
21537,270294,270296,PRO,ALA
21538,270304,270306,ALA,GLY
21539,270311,270313,GLY,GLU
21540,270326,270328,GLU,LYS
21541,270348,270350,LYS,GLY
21542,270355,270357,GLY,SER
21543,270366,270368,SER,HYP
21544,270381,270383,HYP,GLY
21545,270388,270390,GLY,ALA
21546,270398,270400,ALA,ASP
21547,270410,270412,ASP,GLY
21548,270417,270419,GLY,PRO
21549,270431,270433,PRO,ALA
21550,270441,270443,ALA,GLY
21551,270448,270450,GLY,SER
21552,270459,270461,SER,HYP
21553,270474,270476,HYP,GLY
21554,270481,270483,GLY,THR
21555,270495,270497,THR,PRO
21556,270509,270511,PRO,GLY
21557,270516,270518,GLY,PRO
21558,270530,270532,PRO,GLN
21559,270547,270549,GLN,GLY
21560,270554,270556,GLY,ILE
21561,270573,270575,ILE,ALA
21562,270583,270585,ALA,GLY
21563,270590,270592,GLY,GLN
21564,270607,270609,GLN,ARG
21565,270631,270633,ARG,GLY
21566,270638,270640,GLY,VAL
21567,270654,270656,VAL,VAL
21568,270670,270672,VAL,GLY
21569,270677,270679,GLY,LEU
21570,270696,270698,LEU,HYP
21571,270711,270713,HYP,GLY
21572,270718,270720,GLY,GLN
21573,270735,270737,GLN,ARG
21574,270759,270761,ARG,GLY
21575,270766,270768,GLY,GLU
21576,270781,270783,GLU,ARG
21577,270805,270807,ARG,GLY
21578,270812,270814,GLY,DO1
21579,270833,270835,DO1,HYP
21580,270848,270850,HYP,GLY
21581,270855,270857,GLY,LEU
21582,270874,270876,LEU,HYP
21583,270889,270891,HYP,GLY
21584,270896,270898,GLY,PRO
21585,270910,270912,PRO,SER
21586,270921,270923,SER,GLY
21587,270928,270930,GLY,GLU
21588,270943,270945,GLU,HYP
21589,270958,270960,HYP,GLY
21590,270965,270967,GLY,LYS
21591,270987,270989,LYS,GLN
21592,271004,271006,GLN,GLY
21593,271011,271013,GLY,PRO
21594,271025,271027,PRO,SER
21595,271036,271038,SER,GLY
21596,271043,271045,GLY,ALA
21597,271053,271055,ALA,SER
21598,271064,271066,SER,GLY
21599,271071,271073,GLY,GLU
21600,271086,271088,GLU,ARG
21601,271110,271112,ARG,GLY
21602,271117,271119,GLY,PRO
21603,271131,271133,PRO,HYP
21604,271146,271148,HYP,GLY
21605,271153,271155,GLY,PRO
21606,271167,271169,PRO,MET
21607,271184,271186,MET,GLY
21608,271191,271193,GLY,PRO
21609,271205,271207,PRO,HYP
21610,271220,271222,HYP,GLY
21611,271227,271229,GLY,LEU
21612,271246,271248,LEU,ALA
21613,271256,271258,ALA,GLY
21614,271263,271265,GLY,PRO
21615,271277,271279,PRO,HYP
21616,271292,271294,HYP,GLY
21617,271299,271301,GLY,GLU
21618,271314,271316,GLU,SER
21619,271325,271327,SER,GLY
21620,271332,271334,GLY,ARG
21621,271356,271358,ARG,GLU
21622,271371,271373,GLU,GLY
21623,271378,271380,GLY,SER
21624,271389,271391,SER,HYP
21625,271404,271406,HYP,GLY
21626,271411,271413,GLY,ALA
21627,271421,271423,ALA,GLU
21628,271436,271438,GLU,GLY
21629,271443,271445,GLY,SER
21630,271454,271456,SER,HYP
21631,271469,271471,HYP,GLY
21632,271476,271478,GLY,ARG
21633,271500,271502,ARG,ASP
21634,271512,271514,ASP,GLY
21635,271519,271521,GLY,ALA
21636,271529,271531,ALA,PRO
21637,271543,271545,PRO,GLY
21638,271550,271552,GLY,ALA
21639,271560,271562,ALA,LYS
21640,271582,271584,LYS,GLY
21641,271589,271591,GLY,ASP
21642,271601,271603,ASP,ARG
21643,271625,271627,ARG,GLY
21644,271632,271634,GLY,GLU
21645,271647,271649,GLU,THR
21646,271661,271663,THR,GLY
21647,271668,271670,GLY,PRO
21648,271682,271684,PRO,ALA
21649,271692,271694,ALA,GLY
21650,271699,271701,GLY,PRO
21651,271713,271715,PRO,HYP
21652,271728,271730,HYP,GLY
21653,271735,271737,GLY,ALA
21654,271745,271747,ALA,HYP
21655,271782,271784,ALA,GLY
21656,271789,271791,GLY,PRO
21657,271803,271805,PRO,ALA
21658,271813,271815,ALA,GLY
21659,271820,271822,GLY,SER
21660,271831,271833,SER,ALA
21661,271841,271843,ALA,GLY
21662,271848,271850,GLY,GLN
21663,271865,271867,GLN,HYP
21664,271880,271882,HYP,GLY
21665,271887,271889,GLY,ALA
21666,271897,271899,ALA,LYS
21667,271919,271921,LYS,GLY
21668,271926,271928,GLY,GLU
21669,271941,271943,GLU,LYS
21670,271963,271965,LYS,GLY
21671,271970,271972,GLY,THR
21672,271984,271986,THR,LYS
21673,272006,272008,LYS,GLY
21674,272013,272015,GLY,PRO
21675,272027,272029,PRO,LYS
21676,272049,272051,LYS,GLY
21677,272056,272058,GLY,GLU
21678,272071,272073,GLU,ASN
21679,272085,272087,ASN,GLY
21680,272092,272094,GLY,ILE
21681,272111,272113,ILE,VAL
21682,272127,272129,VAL,GLY
21683,272134,272136,GLY,PRO
21684,272148,272150,PRO,THR
21685,272162,272164,THR,GLY
21686,272169,272171,GLY,PRO
21687,272183,272185,PRO,VAL
21688,272199,272201,VAL,GLY
21689,272206,272208,GLY,ALA
21690,272216,272218,ALA,ALA
21691,272226,272228,ALA,GLY
21692,272233,272235,GLY,PRO
21693,272247,272249,PRO,SER
21694,272258,272260,SER,GLY
21695,272265,272267,GLY,PRO
21696,272279,272281,PRO,ASN
21697,272293,272295,ASN,GLY
21698,272300,272302,GLY,PRO
21699,272314,272316,PRO,HYP
21700,272329,272331,HYP,GLY
21701,272336,272338,GLY,PRO
21702,272350,272352,PRO,ALA
21703,272360,272362,ALA,GLY
21704,272367,272369,GLY,SER
21705,272378,272380,SER,ARG
21706,272402,272404,ARG,GLY
21707,272409,272411,GLY,ASP
21708,272421,272423,ASP,GLY
21709,272428,272430,GLY,GLY
21710,272435,272437,GLY,PRO
21711,272449,272451,PRO,HYP
21712,272464,272466,HYP,GLY
21713,272471,272473,GLY,MET
21714,272488,272490,MET,THR
21715,272502,272504,THR,GLY
21716,272509,272511,GLY,DO1
21717,272530,272532,DO1,HYP
21718,272545,272547,HYP,GLY
21719,272552,272554,GLY,ALA
21720,272562,272564,ALA,ALA
21721,272572,272574,ALA,GLY
21722,272579,272581,GLY,ARG
21723,272603,272605,ARG,THR
21724,272617,272619,THR,GLY
21725,272624,272626,GLY,PRO
21726,272638,272640,PRO,HYP
21727,272653,272655,HYP,GLY
21728,272660,272662,GLY,PRO
21729,272674,272676,PRO,SER
21730,272685,272687,SER,GLY
21731,272692,272694,GLY,ILE
21732,272711,272713,ILE,THR
21733,272725,272727,THR,GLY
21734,272732,272734,GLY,PRO
21735,272746,272748,PRO,HYP
21736,272761,272763,HYP,GLY
21737,272768,272770,GLY,PRO
21738,272782,272784,PRO,HYP
21739,272797,272799,HYP,GLY
21740,272804,272806,GLY,ALA
21741,272814,272816,ALA,ALA
21742,272824,272826,ALA,GLY
21743,272831,272833,GLY,LYS
21744,272853,272855,LYS,GLU
21745,272868,272870,GLU,GLY
21746,272875,272877,GLY,ILE
21747,272894,272896,ILE,ARG
21748,272918,272920,ARG,GLY
21749,272925,272927,GLY,PRO
21750,272939,272941,PRO,ARG
21751,272963,272965,ARG,GLY
21752,272970,272972,GLY,ASP
21753,272982,272984,ASP,GLN
21754,272999,273001,GLN,GLY
21755,273006,273008,GLY,PRO
21756,273020,273022,PRO,VAL
21757,273036,273038,VAL,GLY
21758,273043,273045,GLY,ARG
21759,273067,273069,ARG,THR
21760,273081,273083,THR,GLY
21761,273088,273090,GLY,GLU
21762,273103,273105,GLU,ILE
21763,273122,273124,ILE,GLY
21764,273129,273131,GLY,ALA
21765,273139,273141,ALA,SER
21766,273150,273152,SER,GLY
21767,273157,273159,GLY,PRO
21768,273171,273173,PRO,HYP
21769,273186,273188,HYP,GLY
21770,273193,273195,GLY,DO1
21771,273214,273216,DO1,ALA
21772,273224,273226,ALA,GLY
21773,273231,273233,GLY,GLU
21774,273246,273248,GLU,LYS
21775,273268,273270,LYS,GLY
21776,273275,273277,GLY,PRO
21777,273289,273291,PRO,SER
21778,273300,273302,SER,GLY
21779,273307,273309,GLY,GLU
21780,273322,273324,GLU,HYP
21781,273337,273339,HYP,GLY
21782,273344,273346,GLY,THR
21783,273358,273360,THR,THR
21784,273372,273374,THR,GLY
21785,273379,273381,GLY,PRO
21786,273393,273395,PRO,HYP
21787,273408,273410,HYP,GLY
21788,273415,273417,GLY,THR
21789,273429,273431,THR,ALA
21790,273439,273441,ALA,GLY
21791,273446,273448,GLY,PRO
21792,273460,273462,PRO,GLN
21793,273477,273479,GLN,GLY
21794,273484,273486,GLY,LEU
21795,273503,273505,LEU,LEU
21796,273522,273524,LEU,GLY
21797,273529,273531,GLY,ALA
21798,273539,273541,ALA,HYP
21799,273554,273556,HYP,GLY
21800,273561,273563,GLY,ILE
21801,273580,273582,ILE,LEU
21802,273599,273601,LEU,GLY
21803,273606,273608,GLY,LEU
21804,273625,273627,LEU,HYP
21805,273640,273642,HYP,GLY
21806,273647,273649,GLY,SER
21807,273658,273660,SER,ARG
21808,273682,273684,ARG,GLY
21809,273689,273691,GLY,GLU
21810,273704,273706,GLU,ARG
21811,273728,273730,ARG,GLY
21812,273735,273737,GLY,GLN
21813,273752,273754,GLN,HYP
21814,273767,273769,HYP,GLY
21815,273774,273776,GLY,ILE
21816,273793,273795,ILE,ALA
21817,273803,273805,ALA,GLY
21818,273810,273812,GLY,ALA
21819,273820,273822,ALA,LEU
21820,273839,273841,LEU,GLY
21821,273846,273848,GLY,GLU
21822,273861,273863,GLU,HYP
21823,273876,273878,HYP,GLY
21824,273883,273885,GLY,PRO
21825,273897,273899,PRO,LEU
21826,273916,273918,LEU,GLY
21827,273923,273925,GLY,ILE
21828,273942,273944,ILE,ALA
21829,273952,273954,ALA,GLY
21830,273959,273961,GLY,PRO
21831,273973,273975,PRO,HYP
21832,273988,273990,HYP,GLY
21833,273995,273997,GLY,ALA
21834,274005,274007,ALA,ARG
21835,274029,274031,ARG,GLY
21836,274036,274038,GLY,PRO
21837,274050,274052,PRO,HYP
21838,274065,274067,HYP,GLY
21839,274072,274074,GLY,ALA
21840,274082,274084,ALA,VAL
21841,274098,274100,VAL,GLY
21842,274105,274107,GLY,SER
21843,274116,274118,SER,HYP
21844,274131,274133,HYP,GLY
21845,274138,274140,GLY,VAL
21846,274154,274156,VAL,ASN
21847,274168,274170,ASN,GLY
21848,274175,274177,GLY,ALA
21849,274185,274187,ALA,HYP
21850,274200,274202,HYP,GLY
21851,274207,274209,GLY,GLU
21852,274222,274224,GLU,ALA
21853,274232,274234,ALA,GLY
21854,274239,274241,GLY,ARG
21855,274263,274265,ARG,ASP
21856,274275,274277,ASP,GLY
21857,274282,274284,GLY,ASN
21858,274296,274298,ASN,HYP
21859,274311,274313,HYP,GLY
21860,274318,274320,GLY,SER
21861,274329,274331,SER,ASP
21862,274341,274343,ASP,GLY
21863,274348,274350,GLY,PRO
21864,274362,274364,PRO,HYP
21865,274377,274379,HYP,GLY
21866,274384,274386,GLY,ARG
21867,274408,274410,ARG,ASP
21868,274420,274422,ASP,GLY
21869,274427,274429,GLY,GLN
21870,274444,274446,GLN,HYP
21871,274459,274461,HYP,GLY
21872,274466,274468,GLY,HIS
21873,274483,274485,HIS,LYS
21874,274505,274507,LYS,GLY
21875,274512,274514,GLY,GLU
21876,274527,274529,GLU,ARG
21877,274551,274553,ARG,GLY
21878,274558,274560,GLY,DO2
21879,274579,274581,DO2,HYP
21880,274594,274596,HYP,GLY
21881,274601,274603,GLY,ASN
21882,274615,274617,ASN,ILE
21883,274634,274636,ILE,GLY
21884,274641,274643,GLY,PRO
21885,274655,274657,PRO,THR
21886,274669,274671,THR,GLY
21887,274676,274678,GLY,ALA
21888,274705,274707,GLY,DO1
21889,274726,274728,DO1,ALA
21890,274736,274738,ALA,GLY
21891,274743,274745,GLY,PRO
21892,274757,274759,PRO,HYP
21893,274772,274774,HYP,GLY
21894,274779,274781,GLY,ALA
21895,274789,274791,ALA,ASP
21896,274801,274803,ASP,GLY
21897,274808,274810,GLY,GLN
21898,274825,274827,GLN,HYP
21899,274840,274842,HYP,GLY
21900,274847,274849,GLY,ALA
21901,274857,274859,ALA,LYS
21902,274879,274881,LYS,GLY
21903,274886,274888,GLY,GLU
21904,274901,274903,GLU,PRO
21905,274915,274917,PRO,GLY
21906,274922,274924,GLY,ASP
21907,274934,274936,ASP,THR
21908,274948,274950,THR,GLY
21909,274955,274957,GLY,VAL
21910,274971,274973,VAL,LYS
21911,274993,274995,LYS,GLY
21912,275000,275002,GLY,ASP
21913,275012,275014,ASP,ALA
21914,275022,275024,ALA,GLY
21915,275029,275031,GLY,PRO
21916,275043,275045,PRO,HYP
21917,275058,275060,HYP,GLY
21918,275065,275067,GLY,PRO
21919,275079,275081,PRO,ALA
21920,275089,275091,ALA,GLY
21921,275096,275098,GLY,PRO
21922,275110,275112,PRO,ALA
21923,275120,275122,ALA,GLY
21924,275127,275129,GLY,PRO
21925,275141,275143,PRO,HYP
21926,275156,275158,HYP,GLY
21927,275163,275165,GLY,PRO
21928,275177,275179,PRO,ILE
21929,275196,275198,ILE,GLY
21930,275203,275205,GLY,ASN
21931,275217,275219,ASN,VAL
21932,275233,275235,VAL,GLY
21933,275240,275242,GLY,ALA
21934,275250,275252,ALA,HYP
21935,275265,275267,HYP,GLY
21936,275272,275274,GLY,PRO
21937,275286,275288,PRO,LYS
21938,275308,275310,LYS,GLY
21939,275315,275317,GLY,SER
21940,275326,275328,SER,ARG
21941,275350,275352,ARG,GLY
21942,275357,275359,GLY,ALA
21943,275367,275369,ALA,ALA
21944,275377,275379,ALA,GLY
21945,275384,275386,GLY,PRO
21946,275398,275400,PRO,HYP
21947,275413,275415,HYP,GLY
21948,275420,275422,GLY,ALA
21949,275430,275432,ALA,THR
21950,275444,275446,THR,GLY
21951,275451,275453,GLY,DO2
21952,275472,275474,DO2,HYP
21953,275487,275489,HYP,GLY
21954,275494,275496,GLY,ALA
21955,275504,275506,ALA,ALA
21956,275514,275516,ALA,GLY
21957,275521,275523,GLY,ARG
21958,275545,275547,ARG,VAL
21959,275561,275563,VAL,GLY
21960,275568,275570,GLY,PRO
21961,275582,275584,PRO,HYP
21962,275597,275599,HYP,GLY
21963,275604,275606,GLY,PRO
21964,275618,275620,PRO,SER
21965,275629,275631,SER,GLY
21966,275636,275638,GLY,ASN
21967,275650,275652,ASN,ALA
21968,275660,275662,ALA,GLY
21969,275667,275669,GLY,PRO
21970,275681,275683,PRO,HYP
21971,275696,275698,HYP,GLY
21972,275703,275705,GLY,PRO
21973,275717,275719,PRO,HYP
21974,275732,275734,HYP,GLY
21975,275739,275741,GLY,PRO
21976,275753,275755,PRO,VAL
21977,275769,275771,VAL,GLY
21978,275776,275778,GLY,LYS
21979,275798,275800,LYS,GLU
21980,275813,275815,GLU,GLY
21981,275820,275822,GLY,GLY
21982,275827,275829,GLY,LYS
21983,275849,275851,LYS,GLY
21984,275856,275858,GLY,PRO
21985,275870,275872,PRO,ARG
21986,275894,275896,ARG,GLY
21987,275901,275903,GLY,GLU
21988,275916,275918,GLU,THR
21989,275930,275932,THR,GLY
21990,275937,275939,GLY,PRO
21991,275951,275953,PRO,ALA
21992,275961,275963,ALA,GLY
21993,275968,275970,GLY,ARG
21994,275992,275994,ARG,HYP
21995,276007,276009,HYP,GLY
21996,276014,276016,GLY,GLU
21997,276029,276031,GLU,VAL
21998,276045,276047,VAL,GLY
21999,276052,276054,GLY,PRO
22000,276066,276068,PRO,PRO
22001,276080,276082,PRO,GLY
22002,276087,276089,GLY,PRO
22003,276101,276103,PRO,HYP
22004,276116,276118,HYP,GLY
22005,276123,276125,GLY,PRO
22006,276137,276139,PRO,ALA
22007,276147,276149,ALA,GLY
22008,276154,276156,GLY,GLU
22009,276169,276171,GLU,LYS
22010,276191,276193,LYS,GLY
22011,276198,276200,GLY,SER
22012,276209,276211,SER,HYP
22013,276224,276226,HYP,GLY
22014,276231,276233,GLY,ALA
22015,276241,276243,ALA,ASP
22016,276253,276255,ASP,GLY
22017,276260,276262,GLY,PRO
22018,276274,276276,PRO,ALA
22019,276284,276286,ALA,GLY
22020,276291,276293,GLY,SER
22021,276302,276304,SER,HYP
22022,276317,276319,HYP,GLY
22023,276324,276326,GLY,THR
22024,276338,276340,THR,PRO
22025,276352,276354,PRO,GLY
22026,276359,276361,GLY,PRO
22027,276373,276375,PRO,GLN
22028,276390,276392,GLN,GLY
22029,276397,276399,GLY,ILE
22030,276416,276418,ILE,ALA
22031,276426,276428,ALA,GLY
22032,276433,276435,GLY,GLN
22033,276450,276452,GLN,ARG
22034,276474,276476,ARG,GLY
22035,276481,276483,GLY,VAL
22036,276497,276499,VAL,VAL
22037,276513,276515,VAL,GLY
22038,276520,276522,GLY,LEU
22039,276539,276541,LEU,HYP
22040,276554,276556,HYP,GLY
22041,276561,276563,GLY,GLN
22042,276578,276580,GLN,ARG
22043,276602,276604,ARG,GLY
22044,276609,276611,GLY,GLU
22045,276624,276626,GLU,ARG
22046,276648,276650,ARG,GLY
22047,276655,276657,GLY,DO1
22048,276676,276678,DO1,HYP
22049,276691,276693,HYP,GLY
22050,276698,276700,GLY,LEU
22051,276717,276719,LEU,HYP
22052,276732,276734,HYP,GLY
22053,276739,276741,GLY,PRO
22054,276753,276755,PRO,SER
22055,276764,276766,SER,GLY
22056,276771,276773,GLY,GLU
22057,276786,276788,GLU,HYP
22058,276801,276803,HYP,GLY
22059,276808,276810,GLY,LYS
22060,276830,276832,LYS,GLN
22061,276847,276849,GLN,GLY
22062,276854,276856,GLY,PRO
22063,276868,276870,PRO,SER
22064,276879,276881,SER,GLY
22065,276886,276888,GLY,ALA
22066,276896,276898,ALA,SER
22067,276907,276909,SER,GLY
22068,276914,276916,GLY,GLU
22069,276929,276931,GLU,ARG
22070,276953,276955,ARG,GLY
22071,276960,276962,GLY,PRO
22072,276974,276976,PRO,HYP
22073,276989,276991,HYP,GLY
22074,276996,276998,GLY,PRO
22075,277010,277012,PRO,MET
22076,277027,277029,MET,GLY
22077,277034,277036,GLY,PRO
22078,277048,277050,PRO,HYP
22079,277063,277065,HYP,GLY
22080,277070,277072,GLY,LEU
22081,277089,277091,LEU,ALA
22082,277099,277101,ALA,GLY
22083,277106,277108,GLY,PRO
22084,277120,277122,PRO,HYP
22085,277135,277137,HYP,GLY
22086,277142,277144,GLY,GLU
22087,277157,277159,GLU,SER
22088,277168,277170,SER,GLY
22089,277175,277177,GLY,ARG
22090,277199,277201,ARG,GLU
22091,277214,277216,GLU,GLY
22092,277221,277223,GLY,SER
22093,277232,277234,SER,HYP
22094,277247,277249,HYP,GLY
22095,277254,277256,GLY,ALA
22096,277264,277266,ALA,GLU
22097,277279,277281,GLU,GLY
22098,277286,277288,GLY,SER
22099,277297,277299,SER,HYP
22100,277312,277314,HYP,GLY
22101,277319,277321,GLY,ARG
22102,277343,277345,ARG,ASP
22103,277355,277357,ASP,GLY
22104,277362,277364,GLY,ALA
22105,277372,277374,ALA,PRO
22106,277386,277388,PRO,GLY
22107,277393,277395,GLY,ALA
22108,277403,277405,ALA,LYS
22109,277425,277427,LYS,GLY
22110,277432,277434,GLY,ASP
22111,277444,277446,ASP,ARG
22112,277468,277470,ARG,GLY
22113,277475,277477,GLY,GLU
22114,277490,277492,GLU,THR
22115,277504,277506,THR,GLY
22116,277511,277513,GLY,PRO
22117,277525,277527,PRO,ALA
22118,277535,277537,ALA,GLY
22119,277542,277544,GLY,PRO
22120,277556,277558,PRO,HYP
22121,277571,277573,HYP,GLY
22122,277597,277599,GLY,ALA
22123,277607,277609,ALA,HYP
22124,277622,277624,HYP,GLY
22125,277629,277631,GLY,ALA
22126,277639,277641,ALA,PRO
22127,277653,277655,PRO,GLY
22128,277660,277662,GLY,PRO
22129,277674,277676,PRO,VAL
22130,277690,277692,VAL,GLY
22131,277697,277699,GLY,PRO
22132,277711,277713,PRO,ALA
22133,277721,277723,ALA,GLY
22134,277728,277730,GLY,LYS
22135,277750,277752,LYS,ASN
22136,277764,277766,ASN,GLY
22137,277771,277773,GLY,ASP
22138,277783,277785,ASP,ARG
22139,277807,277809,ARG,GLY
22140,277814,277816,GLY,GLU
22141,277829,277831,GLU,THR
22142,277843,277845,THR,GLY
22143,277850,277852,GLY,PRO
22144,277864,277866,PRO,ALA
22145,277874,277876,ALA,GLY
22146,277881,277883,GLY,PRO
22147,277895,277897,PRO,ALA
22148,277905,277907,ALA,GLY
22149,277912,277914,GLY,PRO
22150,277926,277928,PRO,ILE
22151,277945,277947,ILE,GLY
22152,277952,277954,GLY,PRO
22153,277966,277968,PRO,ALA
22154,277976,277978,ALA,GLY
22155,277983,277985,GLY,ALA
22156,277993,277995,ALA,ARG
22157,278017,278019,ARG,GLY
22158,278024,278026,GLY,PRO
22159,278038,278040,PRO,ALA
22160,278048,278050,ALA,GLY
22161,278055,278057,GLY,PRO
22162,278069,278071,PRO,GLN
22163,278086,278088,GLN,GLY
22164,278093,278095,GLY,PRO
22165,278107,278109,PRO,ARG
22166,278131,278133,ARG,GLY
22167,278138,278140,GLY,ASP
22168,278150,278152,ASP,LYS
22169,278172,278174,LYS,GLY
22170,278179,278181,GLY,GLU
22171,278194,278196,GLU,THR
22172,278208,278210,THR,GLY
22173,278215,278217,GLY,GLU
22174,278230,278232,GLU,GLN
22175,278247,278249,GLN,GLY
22176,278254,278256,GLY,ASP
22177,278266,278268,ASP,ARG
22178,278290,278292,ARG,GLY
22179,278297,278299,GLY,ILE
22180,278316,278318,ILE,LYS
22181,278338,278340,LYS,GLY
22182,278345,278347,GLY,HIS
22183,278362,278364,HIS,ARG
22184,278386,278388,ARG,GLY
22185,278393,278395,GLY,DO2
22186,278414,278416,DO2,SER
22187,278425,278427,SER,GLY
22188,278432,278434,GLY,LEU
22189,278451,278453,LEU,GLN
22190,278468,278470,GLN,GLY
22191,278475,278477,GLY,PRO
22192,278489,278491,PRO,HYP
22193,278504,278506,HYP,GLY
22194,278511,278513,GLY,SER
22195,278522,278524,SER,HYP
22196,278537,278539,HYP,GLY
22197,278544,278546,GLY,SER
22198,278555,278557,SER,HYP
22199,278570,278572,HYP,GLY
22200,278577,278579,GLY,GLU
22201,278592,278594,GLU,GLN
22202,278609,278611,GLN,GLY
22203,278616,278618,GLY,PRO
22204,278630,278632,PRO,SER
22205,278641,278643,SER,GLY
22206,278648,278650,GLY,ALA
22207,278658,278660,ALA,SER
22208,278669,278671,SER,GLY
22209,278676,278678,GLY,PRO
22210,278690,278692,PRO,ALA
22211,278700,278702,ALA,GLY
22212,278707,278709,GLY,PRO
22213,278721,278723,PRO,ARG
22214,278745,278747,ARG,GLY
22215,278752,278754,GLY,PRO
22216,278766,278768,PRO,HYP
22217,278781,278783,HYP,GLY
22218,278788,278790,GLY,SER
22219,278799,278801,SER,ALA
22220,278809,278811,ALA,GLY
22221,278816,278818,GLY,SER
22222,278827,278829,SER,PRO
22223,278841,278843,PRO,GLY
22224,278848,278850,GLY,LYS
22225,278870,278872,LYS,ASP
22226,278882,278884,ASP,GLY
22227,278889,278891,GLY,LEU
22228,278908,278910,LEU,ASN
22229,278922,278924,ASN,GLY
22230,278929,278931,GLY,LEU
22231,278948,278950,LEU,HYP
22232,278963,278965,HYP,GLY
22233,278970,278972,GLY,PRO
22234,278984,278986,PRO,ILE
22235,279003,279005,ILE,GLY
22236,279010,279012,GLY,HYP
22237,279025,279027,HYP,PRO
22238,279039,279041,PRO,GLY
22239,279046,279048,GLY,PRO
22240,279060,279062,PRO,ARG
22241,279084,279086,ARG,GLY
22242,279091,279093,GLY,ARG
22243,279115,279117,ARG,THR
22244,279129,279131,THR,GLY
22245,279136,279138,GLY,ASP
22246,279148,279150,ASP,SER
22247,279159,279161,SER,GLY
22248,279166,279168,GLY,PRO
22249,279180,279182,PRO,ALA
22250,279190,279192,ALA,GLY
22251,279197,279199,GLY,PRO
22252,279211,279213,PRO,HYP
22253,279226,279228,HYP,GLY
22254,279233,279235,GLY,PRO
22255,279247,279249,PRO,HYP
22256,279262,279264,HYP,GLY
22257,279269,279271,GLY,PRO
22258,279283,279285,PRO,HYP
22259,279298,279300,HYP,GLY
22260,279305,279307,GLY,PRO
22261,279319,279321,PRO,HYP
22262,279334,279336,HYP,GLY
22263,279341,279343,GLY,PRO
22264,279355,279357,PRO,HYP
22265,279370,279372,HYP,SER
22266,279381,279383,SER,GLY
22267,279388,279390,GLY,GLY
22268,279395,279397,GLY,DO1
22269,279416,279418,DO1,ASP
22270,279428,279430,ASP,DO2
22271,279449,279451,DO2,SER
22272,279460,279462,SER,DO2
22273,279481,279483,DO2,LEU
22274,279500,279502,LEU,PRO
22275,279514,279516,PRO,GLN
22276,279531,279533,GLN,PRO
22277,279545,279547,PRO,PRO
22278,279559,279561,PRO,GLN
22279,279576,279578,GLN,GLU
22280,279591,279593,GLU,LY2
22281,279600,279602,LY2,SER
22282,279611,279613,SER,GLN
22283,279628,279630,GLN,ASP
22284,279640,279642,ASP,GLY
22285,279647,279649,GLY,GLY
22286,279654,279656,GLY,ARG
22287,279678,279680,ARG,DO2
22288,279699,279701,DO2,DO2
22289,279720,279722,DO2,ARG
22290,279744,279746,ARG,ALA
22291,279771,279773,ALA,GLY
22292,279778,279780,GLY,ALA
22293,279788,279790,ALA,HYP
22294,279803,279805,HYP,GLY
22295,279810,279812,GLY,PRO
22296,279824,279826,PRO,HIS
22297,279841,279843,HIS,GLY
22298,279848,279850,GLY,SER
22299,279859,279861,SER,VAL
22300,279875,279877,VAL,GLY
22301,279882,279884,GLY,PRO
22302,279896,279898,PRO,ALA
22303,279906,279908,ALA,GLY
22304,279913,279915,GLY,LYS
22305,279935,279937,LYS,HIS
22306,279952,279954,HIS,GLY
22307,279959,279961,GLY,ASN
22308,279973,279975,ASN,ARG
22309,279997,279999,ARG,GLY
22310,280004,280006,GLY,GLU
22311,280019,280021,GLU,HYP
22312,280034,280036,HYP,GLY
22313,280041,280043,GLY,PRO
22314,280055,280057,PRO,ALA
22315,280065,280067,ALA,GLY
22316,280072,280074,GLY,SER
22317,280083,280085,SER,VAL
22318,280099,280101,VAL,GLY
22319,280106,280108,GLY,PRO
22320,280120,280122,PRO,VAL
22321,280136,280138,VAL,GLY
22322,280143,280145,GLY,ALA
22323,280153,280155,ALA,VAL
22324,280169,280171,VAL,GLY
22325,280176,280178,GLY,PRO
22326,280190,280192,PRO,ARG
22327,280214,280216,ARG,GLY
22328,280221,280223,GLY,PRO
22329,280235,280237,PRO,SER
22330,280246,280248,SER,GLY
22331,280253,280255,GLY,PRO
22332,280267,280269,PRO,GLN
22333,280284,280286,GLN,GLY
22334,280291,280293,GLY,ILE
22335,280310,280312,ILE,ARG
22336,280334,280336,ARG,GLY
22337,280341,280343,GLY,ASP
22338,280353,280355,ASP,LYS
22339,280375,280377,LYS,GLY
22340,280382,280384,GLY,GLU
22341,280397,280399,GLU,HYP
22342,280412,280414,HYP,GLY
22343,280419,280421,GLY,ASP
22344,280431,280433,ASP,LYS
22345,280453,280455,LYS,GLY
22346,280460,280462,GLY,ALA
22347,280470,280472,ALA,ARG
22348,280494,280496,ARG,GLY
22349,280501,280503,GLY,LEU
22350,280520,280522,LEU,HYP
22351,280535,280537,HYP,GLY
22352,280542,280544,GLY,LEU
22353,280561,280563,LEU,LYX
22354,280581,280592,LYX,GLY
22355,280597,280599,GLY,HIS
22356,280614,280616,HIS,ASN
22357,280628,280630,ASN,GLY
22358,280635,280637,GLY,LEU
22359,280654,280656,LEU,GLN
22360,280671,280673,GLN,GLY
22361,280678,280680,GLY,LEU
22362,280697,280699,LEU,HYP
22363,280712,280714,HYP,GLY
22364,280719,280721,GLY,LEU
22365,280738,280740,LEU,ALA
22366,280748,280750,ALA,GLY
22367,280755,280757,GLY,LEU
22368,280774,280776,LEU,HIS
22369,280791,280793,HIS,GLY
22370,280798,280800,GLY,ASP
22371,280810,280812,ASP,GLN
22372,280827,280829,GLN,GLY
22373,280834,280836,GLY,ALA
22374,280844,280846,ALA,HYP
22375,280859,280861,HYP,GLY
22376,280866,280868,GLY,PRO
22377,280880,280882,PRO,VAL
22378,280896,280898,VAL,GLY
22379,280903,280905,GLY,PRO
22380,280917,280919,PRO,ALA
22381,280927,280929,ALA,GLY
22382,280934,280936,GLY,PRO
22383,280948,280950,PRO,ARG
22384,280972,280974,ARG,GLY
22385,280979,280981,GLY,PRO
22386,280993,280995,PRO,ALA
22387,281003,281005,ALA,GLY
22388,281010,281012,GLY,PRO
22389,281024,281026,PRO,SER
22390,281035,281037,SER,GLY
22391,281042,281044,GLY,PRO
22392,281056,281058,PRO,ILE
22393,281075,281077,ILE,GLY
22394,281082,281084,GLY,LYS
22395,281104,281106,LYS,ASP
22396,281116,281118,ASP,GLY
22397,281123,281125,GLY,ARG
22398,281147,281149,ARG,SER
22399,281158,281160,SER,GLY
22400,281165,281167,GLY,HIS
22401,281182,281184,HIS,HYP
22402,281197,281199,HYP,GLY
22403,281204,281206,GLY,PRO
22404,281218,281220,PRO,VAL
22405,281234,281236,VAL,GLY
22406,281241,281243,GLY,PRO
22407,281255,281257,PRO,ALA
22408,281265,281267,ALA,GLY
22409,281272,281274,GLY,VAL
22410,281288,281290,VAL,ARG
22411,281312,281314,ARG,GLY
22412,281319,281321,GLY,SER
22413,281330,281332,SER,GLN
22414,281347,281349,GLN,GLY
22415,281354,281356,GLY,SER
22416,281365,281367,SER,GLN
22417,281382,281384,GLN,GLY
22418,281389,281391,GLY,PRO
22419,281403,281405,PRO,ALA
22420,281413,281415,ALA,GLY
22421,281420,281422,GLY,PRO
22422,281434,281436,PRO,HYP
22423,281449,281451,HYP,GLY
22424,281456,281458,GLY,PRO
22425,281470,281472,PRO,HYP
22426,281485,281487,HYP,GLY
22427,281492,281494,GLY,PRO
22428,281506,281508,PRO,HYP
22429,281521,281523,HYP,GLY
22430,281528,281530,GLY,PRO
22431,281542,281544,PRO,HYP
22432,281557,281559,HYP,GLY
22433,281564,281566,GLY,VAL
22434,281580,281582,VAL,SER
22435,281591,281593,SER,GLY
22436,281598,281600,GLY,GLY
22437,281605,281607,GLY,GLY
22438,281612,281614,GLY,DO2
22439,281633,281635,DO2,ASP
22440,281645,281647,ASP,DO1
22441,281666,281668,DO1,GLY
22442,281673,281675,GLY,DO1
22443,281694,281696,DO1,GLU
22444,281709,281711,GLU,GLY
22445,281716,281718,GLY,GLY
22446,281723,281725,GLY,DO1
22447,281744,281746,DO1,DO1
22448,281765,281767,DO1,ARG
22449,281789,281791,ARG,ALA
22450,281816,281818,ALA,HYP
22451,281831,281833,HYP,GLY
22452,281838,281840,GLY,ALA
22453,281848,281850,ALA,HYP
22454,281863,281865,HYP,GLY
22455,281870,281872,GLY,ALA
22456,281880,281882,ALA,PRO
22457,281894,281896,PRO,GLY
22458,281901,281903,GLY,PRO
22459,281915,281917,PRO,VAL
22460,281931,281933,VAL,GLY
22461,281938,281940,GLY,PRO
22462,281952,281954,PRO,ALA
22463,281962,281964,ALA,GLY
22464,281969,281971,GLY,LYS
22465,281991,281993,LYS,ASN
22466,282005,282007,ASN,GLY
22467,282012,282014,GLY,ASP
22468,282024,282026,ASP,ARG
22469,282048,282050,ARG,GLY
22470,282055,282057,GLY,GLU
22471,282070,282072,GLU,THR
22472,282084,282086,THR,GLY
22473,282091,282093,GLY,PRO
22474,282105,282107,PRO,ALA
22475,282115,282117,ALA,GLY
22476,282122,282124,GLY,PRO
22477,282136,282138,PRO,ALA
22478,282146,282148,ALA,GLY
22479,282153,282155,GLY,PRO
22480,282167,282169,PRO,ILE
22481,282186,282188,ILE,GLY
22482,282193,282195,GLY,PRO
22483,282207,282209,PRO,ALA
22484,282217,282219,ALA,GLY
22485,282224,282226,GLY,ALA
22486,282234,282236,ALA,ARG
22487,282258,282260,ARG,GLY
22488,282265,282267,GLY,PRO
22489,282279,282281,PRO,ALA
22490,282289,282291,ALA,GLY
22491,282296,282298,GLY,PRO
22492,282310,282312,PRO,GLN
22493,282327,282329,GLN,GLY
22494,282334,282336,GLY,PRO
22495,282348,282350,PRO,ARG
22496,282372,282374,ARG,GLY
22497,282379,282381,GLY,ASP
22498,282391,282393,ASP,LYS
22499,282413,282415,LYS,GLY
22500,282420,282422,GLY,GLU
22501,282435,282437,GLU,THR
22502,282449,282451,THR,GLY
22503,282456,282458,GLY,GLU
22504,282471,282473,GLU,GLN
22505,282488,282490,GLN,GLY
22506,282495,282497,GLY,ASP
22507,282507,282509,ASP,ARG
22508,282531,282533,ARG,GLY
22509,282538,282540,GLY,ILE
22510,282557,282559,ILE,LYS
22511,282579,282581,LYS,GLY
22512,282586,282588,GLY,HIS
22513,282603,282605,HIS,ARG
22514,282627,282629,ARG,GLY
22515,282634,282636,GLY,DO2
22516,282655,282657,DO2,SER
22517,282666,282668,SER,GLY
22518,282673,282675,GLY,LEU
22519,282692,282694,LEU,GLN
22520,282709,282711,GLN,GLY
22521,282716,282718,GLY,PRO
22522,282730,282732,PRO,HYP
22523,282745,282747,HYP,GLY
22524,282752,282754,GLY,SER
22525,282763,282765,SER,HYP
22526,282778,282780,HYP,GLY
22527,282785,282787,GLY,SER
22528,282796,282798,SER,HYP
22529,282811,282813,HYP,GLY
22530,282818,282820,GLY,GLU
22531,282833,282835,GLU,GLN
22532,282850,282852,GLN,GLY
22533,282857,282859,GLY,PRO
22534,282871,282873,PRO,SER
22535,282882,282884,SER,GLY
22536,282889,282891,GLY,ALA
22537,282899,282901,ALA,SER
22538,282910,282912,SER,GLY
22539,282917,282919,GLY,PRO
22540,282931,282933,PRO,ALA
22541,282941,282943,ALA,GLY
22542,282948,282950,GLY,PRO
22543,282962,282964,PRO,ARG
22544,282986,282988,ARG,GLY
22545,282993,282995,GLY,PRO
22546,283007,283009,PRO,HYP
22547,283022,283024,HYP,GLY
22548,283029,283031,GLY,SER
22549,283040,283042,SER,ALA
22550,283050,283052,ALA,GLY
22551,283057,283059,GLY,SER
22552,283068,283070,SER,PRO
22553,283082,283084,PRO,GLY
22554,283089,283091,GLY,LYS
22555,283111,283113,LYS,ASP
22556,283123,283125,ASP,GLY
22557,283130,283132,GLY,LEU
22558,283149,283151,LEU,ASN
22559,283163,283165,ASN,GLY
22560,283170,283172,GLY,LEU
22561,283189,283191,LEU,HYP
22562,283204,283206,HYP,GLY
22563,283211,283213,GLY,PRO
22564,283225,283227,PRO,ILE
22565,283244,283246,ILE,GLY
22566,283251,283253,GLY,HYP
22567,283266,283268,HYP,PRO
22568,283280,283282,PRO,GLY
22569,283287,283289,GLY,PRO
22570,283301,283303,PRO,ARG
22571,283325,283327,ARG,GLY
22572,283332,283334,GLY,ARG
22573,283356,283358,ARG,THR
22574,283370,283372,THR,GLY
22575,283377,283379,GLY,ASP
22576,283389,283391,ASP,SER
22577,283400,283402,SER,GLY
22578,283407,283409,GLY,PRO
22579,283421,283423,PRO,ALA
22580,283431,283433,ALA,GLY
22581,283438,283440,GLY,PRO
22582,283452,283454,PRO,HYP
22583,283467,283469,HYP,GLY
22584,283474,283476,GLY,PRO
22585,283488,283490,PRO,HYP
22586,283503,283505,HYP,GLY
22587,283510,283512,GLY,PRO
22588,283524,283526,PRO,HYP
22589,283539,283541,HYP,GLY
22590,283546,283548,GLY,PRO
22591,283560,283562,PRO,HYP
22592,283575,283577,HYP,GLY
22593,283582,283584,GLY,PRO
22594,283596,283598,PRO,HYP
22595,283611,283613,HYP,SER
22596,283622,283624,SER,GLY
22597,283629,283631,GLY,GLY
22598,283636,283638,GLY,DO2
22599,283657,283659,DO2,ASP
22600,283669,283671,ASP,DO1
22601,283690,283692,DO1,SER
22602,283701,283703,SER,DO2
22603,283722,283724,DO2,LEU
22604,283741,283743,LEU,PRO
22605,283755,283757,PRO,GLN
22606,283772,283774,GLN,PRO
22607,283786,283788,PRO,PRO
22608,283800,283802,PRO,GLN
22609,283817,283819,GLN,GLU
22610,283832,283834,GLU,LY3
22611,283844,283846,LY3,SER
22612,283855,283857,SER,GLN
22613,283872,283874,GLN,ASP
22614,283884,283886,ASP,GLY
22615,283891,283893,GLY,GLY
22616,283898,283900,GLY,ARG
22617,283922,283924,ARG,DO1
22618,283943,283945,DO1,DO2
22619,283964,283966,DO2,ARG
22620,283988,283990,ARG,ALA
22621,284015,284017,ALA,GLY
22622,284022,284024,GLY,PRO
22623,284036,284038,PRO,HYP
22624,284051,284053,HYP,GLY
22625,284058,284060,GLY,ALA
22626,284068,284070,ALA,ASP
22627,284080,284082,ASP,GLY
22628,284087,284089,GLY,GLN
22629,284104,284106,GLN,HYP
22630,284119,284121,HYP,GLY
22631,284126,284128,GLY,ALA
22632,284136,284138,ALA,LYS
22633,284158,284160,LYS,GLY
22634,284165,284167,GLY,GLU
22635,284180,284182,GLU,PRO
22636,284194,284196,PRO,GLY
22637,284201,284203,GLY,ASP
22638,284213,284215,ASP,THR
22639,284227,284229,THR,GLY
22640,284234,284236,GLY,VAL
22641,284250,284252,VAL,LYS
22642,284272,284274,LYS,GLY
22643,284279,284281,GLY,ASP
22644,284291,284293,ASP,ALA
22645,284301,284303,ALA,GLY
22646,284308,284310,GLY,PRO
22647,284322,284324,PRO,HYP
22648,284337,284339,HYP,GLY
22649,284344,284346,GLY,PRO
22650,284358,284360,PRO,ALA
22651,284368,284370,ALA,GLY
22652,284375,284377,GLY,PRO
22653,284389,284391,PRO,ALA
22654,284399,284401,ALA,GLY
22655,284406,284408,GLY,PRO
22656,284420,284422,PRO,HYP
22657,284435,284437,HYP,GLY
22658,284442,284444,GLY,PRO
22659,284456,284458,PRO,ILE
22660,284475,284477,ILE,GLY
22661,284482,284484,GLY,ASN
22662,284496,284498,ASN,VAL
22663,284512,284514,VAL,GLY
22664,284519,284521,GLY,ALA
22665,284529,284531,ALA,HYP
22666,284544,284546,HYP,GLY
22667,284551,284553,GLY,PRO
22668,284565,284567,PRO,LYS
22669,284587,284589,LYS,GLY
22670,284594,284596,GLY,SER
22671,284605,284607,SER,ARG
22672,284629,284631,ARG,GLY
22673,284636,284638,GLY,ALA
22674,284646,284648,ALA,ALA
22675,284656,284658,ALA,GLY
22676,284663,284665,GLY,PRO
22677,284677,284679,PRO,HYP
22678,284692,284694,HYP,GLY
22679,284699,284701,GLY,ALA
22680,284709,284711,ALA,THR
22681,284723,284725,THR,GLY
22682,284730,284732,GLY,DO2
22683,284751,284753,DO2,HYP
22684,284766,284768,HYP,GLY
22685,284773,284775,GLY,ALA
22686,284783,284785,ALA,ALA
22687,284793,284795,ALA,GLY
22688,284800,284802,GLY,ARG
22689,284824,284826,ARG,VAL
22690,284840,284842,VAL,GLY
22691,284847,284849,GLY,PRO
22692,284861,284863,PRO,HYP
22693,284876,284878,HYP,GLY
22694,284883,284885,GLY,PRO
22695,284897,284899,PRO,SER
22696,284908,284910,SER,GLY
22697,284915,284917,GLY,ASN
22698,284929,284931,ASN,ALA
22699,284939,284941,ALA,GLY
22700,284946,284948,GLY,PRO
22701,284960,284962,PRO,HYP
22702,284975,284977,HYP,GLY
22703,284982,284984,GLY,PRO
22704,284996,284998,PRO,HYP
22705,285011,285013,HYP,GLY
22706,285018,285020,GLY,PRO
22707,285032,285034,PRO,VAL
22708,285048,285050,VAL,GLY
22709,285055,285057,GLY,LYS
22710,285077,285079,LYS,GLU
22711,285092,285094,GLU,GLY
22712,285099,285101,GLY,GLY
22713,285106,285108,GLY,LYS
22714,285128,285130,LYS,GLY
22715,285135,285137,GLY,PRO
22716,285149,285151,PRO,ARG
22717,285173,285175,ARG,GLY
22718,285180,285182,GLY,GLU
22719,285195,285197,GLU,THR
22720,285209,285211,THR,GLY
22721,285216,285218,GLY,PRO
22722,285230,285232,PRO,ALA
22723,285240,285242,ALA,GLY
22724,285247,285249,GLY,ARG
22725,285271,285273,ARG,HYP
22726,285286,285288,HYP,GLY
22727,285293,285295,GLY,GLU
22728,285308,285310,GLU,VAL
22729,285324,285326,VAL,GLY
22730,285331,285333,GLY,PRO
22731,285345,285347,PRO,PRO
22732,285359,285361,PRO,GLY
22733,285366,285368,GLY,PRO
22734,285380,285382,PRO,HYP
22735,285395,285397,HYP,GLY
22736,285402,285404,GLY,PRO
22737,285416,285418,PRO,ALA
22738,285426,285428,ALA,GLY
22739,285433,285435,GLY,GLU
22740,285448,285450,GLU,LYS
22741,285470,285472,LYS,GLY
22742,285477,285479,GLY,SER
22743,285488,285490,SER,HYP
22744,285503,285505,HYP,GLY
22745,285510,285512,GLY,ALA
22746,285520,285522,ALA,ASP
22747,285532,285534,ASP,GLY
22748,285539,285541,GLY,PRO
22749,285553,285555,PRO,ALA
22750,285563,285565,ALA,GLY
22751,285570,285572,GLY,SER
22752,285581,285583,SER,HYP
22753,285596,285598,HYP,GLY
22754,285603,285605,GLY,THR
22755,285617,285619,THR,PRO
22756,285631,285633,PRO,GLY
22757,285638,285640,GLY,PRO
22758,285652,285654,PRO,GLN
22759,285669,285671,GLN,GLY
22760,285676,285678,GLY,ILE
22761,285695,285697,ILE,ALA
22762,285705,285707,ALA,GLY
22763,285712,285714,GLY,GLN
22764,285729,285731,GLN,ARG
22765,285753,285755,ARG,GLY
22766,285760,285762,GLY,VAL
22767,285776,285778,VAL,VAL
22768,285792,285794,VAL,GLY
22769,285799,285801,GLY,LEU
22770,285818,285820,LEU,HYP
22771,285833,285835,HYP,GLY
22772,285840,285842,GLY,GLN
22773,285857,285859,GLN,ARG
22774,285881,285883,ARG,GLY
22775,285888,285890,GLY,GLU
22776,285903,285905,GLU,ARG
22777,285927,285929,ARG,GLY
22778,285934,285936,GLY,DO2
22779,285955,285957,DO2,HYP
22780,285970,285972,HYP,GLY
22781,285977,285979,GLY,LEU
22782,285996,285998,LEU,HYP
22783,286011,286013,HYP,GLY
22784,286018,286020,GLY,PRO
22785,286032,286034,PRO,SER
22786,286043,286045,SER,GLY
22787,286050,286052,GLY,GLU
22788,286065,286067,GLU,HYP
22789,286080,286082,HYP,GLY
22790,286087,286089,GLY,LYS
22791,286109,286111,LYS,GLN
22792,286126,286128,GLN,GLY
22793,286133,286135,GLY,PRO
22794,286147,286149,PRO,SER
22795,286158,286160,SER,GLY
22796,286165,286167,GLY,ALA
22797,286175,286177,ALA,SER
22798,286186,286188,SER,GLY
22799,286193,286195,GLY,GLU
22800,286208,286210,GLU,ARG
22801,286232,286234,ARG,GLY
22802,286239,286241,GLY,PRO
22803,286253,286255,PRO,HYP
22804,286268,286270,HYP,GLY
22805,286275,286277,GLY,PRO
22806,286289,286291,PRO,MET
22807,286306,286308,MET,GLY
22808,286313,286315,GLY,PRO
22809,286327,286329,PRO,HYP
22810,286342,286344,HYP,GLY
22811,286349,286351,GLY,LEU
22812,286368,286370,LEU,ALA
22813,286378,286380,ALA,GLY
22814,286385,286387,GLY,PRO
22815,286399,286401,PRO,HYP
22816,286414,286416,HYP,GLY
22817,286421,286423,GLY,GLU
22818,286436,286438,GLU,SER
22819,286447,286449,SER,GLY
22820,286454,286456,GLY,ARG
22821,286478,286480,ARG,GLU
22822,286493,286495,GLU,GLY
22823,286500,286502,GLY,SER
22824,286511,286513,SER,HYP
22825,286526,286528,HYP,GLY
22826,286533,286535,GLY,ALA
22827,286543,286545,ALA,GLU
22828,286558,286560,GLU,GLY
22829,286565,286567,GLY,SER
22830,286576,286578,SER,HYP
22831,286591,286593,HYP,GLY
22832,286598,286600,GLY,ARG
22833,286622,286624,ARG,ASP
22834,286634,286636,ASP,GLY
22835,286641,286643,GLY,ALA
22836,286651,286653,ALA,PRO
22837,286665,286667,PRO,GLY
22838,286672,286674,GLY,ALA
22839,286682,286684,ALA,LYS
22840,286704,286706,LYS,GLY
22841,286711,286713,GLY,ASP
22842,286723,286725,ASP,ARG
22843,286747,286749,ARG,GLY
22844,286754,286756,GLY,GLU
22845,286769,286771,GLU,THR
22846,286783,286785,THR,GLY
22847,286790,286792,GLY,PRO
22848,286804,286806,PRO,ALA
22849,286814,286816,ALA,GLY
22850,286821,286823,GLY,PRO
22851,286835,286837,PRO,HYP
22852,286850,286852,HYP,GLY
22853,286857,286859,GLY,ALA
22854,286867,286869,ALA,HYP
22855,286904,286906,ALA,GLY
22856,286911,286913,GLY,PRO
22857,286925,286927,PRO,ALA
22858,286935,286937,ALA,GLY
22859,286942,286944,GLY,SER
22860,286953,286955,SER,ALA
22861,286963,286965,ALA,GLY
22862,286970,286972,GLY,GLN
22863,286987,286989,GLN,HYP
22864,287002,287004,HYP,GLY
22865,287009,287011,GLY,ALA
22866,287019,287021,ALA,LYS
22867,287041,287043,LYS,GLY
22868,287048,287050,GLY,GLU
22869,287063,287065,GLU,LYS
22870,287085,287087,LYS,GLY
22871,287092,287094,GLY,THR
22872,287106,287108,THR,LYS
22873,287128,287130,LYS,GLY
22874,287135,287137,GLY,PRO
22875,287149,287151,PRO,LYS
22876,287171,287173,LYS,GLY
22877,287178,287180,GLY,GLU
22878,287193,287195,GLU,ASN
22879,287207,287209,ASN,GLY
22880,287214,287216,GLY,ILE
22881,287233,287235,ILE,VAL
22882,287249,287251,VAL,GLY
22883,287256,287258,GLY,PRO
22884,287270,287272,PRO,THR
22885,287284,287286,THR,GLY
22886,287291,287293,GLY,PRO
22887,287305,287307,PRO,VAL
22888,287321,287323,VAL,GLY
22889,287328,287330,GLY,ALA
22890,287338,287340,ALA,ALA
22891,287348,287350,ALA,GLY
22892,287355,287357,GLY,PRO
22893,287369,287371,PRO,SER
22894,287380,287382,SER,GLY
22895,287387,287389,GLY,PRO
22896,287401,287403,PRO,ASN
22897,287415,287417,ASN,GLY
22898,287422,287424,GLY,PRO
22899,287436,287438,PRO,HYP
22900,287451,287453,HYP,GLY
22901,287458,287460,GLY,PRO
22902,287472,287474,PRO,ALA
22903,287482,287484,ALA,GLY
22904,287489,287491,GLY,SER
22905,287500,287502,SER,ARG
22906,287524,287526,ARG,GLY
22907,287531,287533,GLY,ASP
22908,287543,287545,ASP,GLY
22909,287550,287552,GLY,GLY
22910,287557,287559,GLY,PRO
22911,287571,287573,PRO,HYP
22912,287586,287588,HYP,GLY
22913,287593,287595,GLY,MET
22914,287610,287612,MET,THR
22915,287624,287626,THR,GLY
22916,287631,287633,GLY,DO1
22917,287652,287654,DO1,HYP
22918,287667,287669,HYP,GLY
22919,287674,287676,GLY,ALA
22920,287684,287686,ALA,ALA
22921,287694,287696,ALA,GLY
22922,287701,287703,GLY,ARG
22923,287725,287727,ARG,THR
22924,287739,287741,THR,GLY
22925,287746,287748,GLY,PRO
22926,287760,287762,PRO,HYP
22927,287775,287777,HYP,GLY
22928,287782,287784,GLY,PRO
22929,287796,287798,PRO,SER
22930,287807,287809,SER,GLY
22931,287814,287816,GLY,ILE
22932,287833,287835,ILE,THR
22933,287847,287849,THR,GLY
22934,287854,287856,GLY,PRO
22935,287868,287870,PRO,HYP
22936,287883,287885,HYP,GLY
22937,287890,287892,GLY,PRO
22938,287904,287906,PRO,HYP
22939,287919,287921,HYP,GLY
22940,287926,287928,GLY,ALA
22941,287936,287938,ALA,ALA
22942,287946,287948,ALA,GLY
22943,287953,287955,GLY,LYS
22944,287975,287977,LYS,GLU
22945,287990,287992,GLU,GLY
22946,287997,287999,GLY,ILE
22947,288016,288018,ILE,ARG
22948,288040,288042,ARG,GLY
22949,288047,288049,GLY,PRO
22950,288061,288063,PRO,ARG
22951,288085,288087,ARG,GLY
22952,288092,288094,GLY,ASP
22953,288104,288106,ASP,GLN
22954,288121,288123,GLN,GLY
22955,288128,288130,GLY,PRO
22956,288142,288144,PRO,VAL
22957,288158,288160,VAL,GLY
22958,288165,288167,GLY,ARG
22959,288189,288191,ARG,THR
22960,288203,288205,THR,GLY
22961,288210,288212,GLY,GLU
22962,288225,288227,GLU,ILE
22963,288244,288246,ILE,GLY
22964,288251,288253,GLY,ALA
22965,288261,288263,ALA,SER
22966,288272,288274,SER,GLY
22967,288279,288281,GLY,PRO
22968,288293,288295,PRO,HYP
22969,288308,288310,HYP,GLY
22970,288315,288317,GLY,DO2
22971,288336,288338,DO2,ALA
22972,288346,288348,ALA,GLY
22973,288353,288355,GLY,GLU
22974,288368,288370,GLU,LYS
22975,288390,288392,LYS,GLY
22976,288397,288399,GLY,PRO
22977,288411,288413,PRO,SER
22978,288422,288424,SER,GLY
22979,288429,288431,GLY,GLU
22980,288444,288446,GLU,HYP
22981,288459,288461,HYP,GLY
22982,288466,288468,GLY,THR
22983,288480,288482,THR,THR
22984,288494,288496,THR,GLY
22985,288501,288503,GLY,PRO
22986,288515,288517,PRO,HYP
22987,288530,288532,HYP,GLY
22988,288537,288539,GLY,THR
22989,288551,288553,THR,ALA
22990,288561,288563,ALA,GLY
22991,288568,288570,GLY,PRO
22992,288582,288584,PRO,GLN
22993,288599,288601,GLN,GLY
22994,288606,288608,GLY,LEU
22995,288625,288627,LEU,LEU
22996,288644,288646,LEU,GLY
22997,288651,288653,GLY,ALA
22998,288661,288663,ALA,HYP
22999,288676,288678,HYP,GLY
23000,288683,288685,GLY,ILE
23001,288702,288704,ILE,LEU
23002,288721,288723,LEU,GLY
23003,288728,288730,GLY,LEU
23004,288747,288749,LEU,HYP
23005,288762,288764,HYP,GLY
23006,288769,288771,GLY,SER
23007,288780,288782,SER,ARG
23008,288804,288806,ARG,GLY
23009,288811,288813,GLY,GLU
23010,288826,288828,GLU,ARG
23011,288850,288852,ARG,GLY
23012,288857,288859,GLY,GLN
23013,288874,288876,GLN,HYP
23014,288889,288891,HYP,GLY
23015,288896,288898,GLY,ILE
23016,288915,288917,ILE,ALA
23017,288925,288927,ALA,GLY
23018,288932,288934,GLY,ALA
23019,288942,288944,ALA,LEU
23020,288961,288963,LEU,GLY
23021,288968,288970,GLY,GLU
23022,288983,288985,GLU,HYP
23023,288998,289000,HYP,GLY
23024,289005,289007,GLY,PRO
23025,289019,289021,PRO,LEU
23026,289038,289040,LEU,GLY
23027,289045,289047,GLY,ILE
23028,289064,289066,ILE,ALA
23029,289074,289076,ALA,GLY
23030,289081,289083,GLY,PRO
23031,289095,289097,PRO,HYP
23032,289110,289112,HYP,GLY
23033,289117,289119,GLY,ALA
23034,289127,289129,ALA,ARG
23035,289151,289153,ARG,GLY
23036,289158,289160,GLY,PRO
23037,289172,289174,PRO,HYP
23038,289187,289189,HYP,GLY
23039,289194,289196,GLY,ALA
23040,289204,289206,ALA,VAL
23041,289220,289222,VAL,GLY
23042,289227,289229,GLY,SER
23043,289238,289240,SER,HYP
23044,289253,289255,HYP,GLY
23045,289260,289262,GLY,VAL
23046,289276,289278,VAL,ASN
23047,289290,289292,ASN,GLY
23048,289297,289299,GLY,ALA
23049,289307,289309,ALA,HYP
23050,289322,289324,HYP,GLY
23051,289329,289331,GLY,GLU
23052,289344,289346,GLU,ALA
23053,289354,289356,ALA,GLY
23054,289361,289363,GLY,ARG
23055,289385,289387,ARG,ASP
23056,289397,289399,ASP,GLY
23057,289404,289406,GLY,ASN
23058,289418,289420,ASN,HYP
23059,289433,289435,HYP,GLY
23060,289440,289442,GLY,SER
23061,289451,289453,SER,ASP
23062,289463,289465,ASP,GLY
23063,289470,289472,GLY,PRO
23064,289484,289486,PRO,HYP
23065,289499,289501,HYP,GLY
23066,289506,289508,GLY,ARG
23067,289530,289532,ARG,ASP
23068,289542,289544,ASP,GLY
23069,289549,289551,GLY,GLN
23070,289566,289568,GLN,HYP
23071,289581,289583,HYP,GLY
23072,289588,289590,GLY,HIS
23073,289605,289607,HIS,LYS
23074,289627,289629,LYS,GLY
23075,289634,289636,GLY,GLU
23076,289649,289651,GLU,ARG
23077,289673,289675,ARG,GLY
23078,289680,289682,GLY,DO2
23079,289701,289703,DO2,HYP
23080,289716,289718,HYP,GLY
23081,289723,289725,GLY,ASN
23082,289737,289739,ASN,ILE
23083,289756,289758,ILE,GLY
23084,289763,289765,GLY,PRO
23085,289777,289779,PRO,THR
23086,289791,289793,THR,GLY
23087,289798,289800,GLY,ALA
23088,289827,289829,GLY,DO1
23089,289848,289850,DO1,ALA
23090,289858,289860,ALA,GLY
23091,289865,289867,GLY,PRO
23092,289879,289881,PRO,HYP
23093,289894,289896,HYP,GLY
23094,289901,289903,GLY,ALA
23095,289911,289913,ALA,ASP
23096,289923,289925,ASP,GLY
23097,289930,289932,GLY,GLN
23098,289947,289949,GLN,HYP
23099,289962,289964,HYP,GLY
23100,289969,289971,GLY,ALA
23101,289979,289981,ALA,LYS
23102,290001,290003,LYS,GLY
23103,290008,290010,GLY,GLU
23104,290023,290025,GLU,PRO
23105,290037,290039,PRO,GLY
23106,290044,290046,GLY,ASP
23107,290056,290058,ASP,THR
23108,290070,290072,THR,GLY
23109,290077,290079,GLY,VAL
23110,290093,290095,VAL,LYS
23111,290115,290117,LYS,GLY
23112,290122,290124,GLY,ASP
23113,290134,290136,ASP,ALA
23114,290144,290146,ALA,GLY
23115,290151,290153,GLY,PRO
23116,290165,290167,PRO,HYP
23117,290180,290182,HYP,GLY
23118,290187,290189,GLY,PRO
23119,290201,290203,PRO,ALA
23120,290211,290213,ALA,GLY
23121,290218,290220,GLY,PRO
23122,290232,290234,PRO,ALA
23123,290242,290244,ALA,GLY
23124,290249,290251,GLY,PRO
23125,290263,290265,PRO,HYP
23126,290278,290280,HYP,GLY
23127,290285,290287,GLY,PRO
23128,290299,290301,PRO,ILE
23129,290318,290320,ILE,GLY
23130,290325,290327,GLY,ASN
23131,290339,290341,ASN,VAL
23132,290355,290357,VAL,GLY
23133,290362,290364,GLY,ALA
23134,290372,290374,ALA,HYP
23135,290387,290389,HYP,GLY
23136,290394,290396,GLY,PRO
23137,290408,290410,PRO,LYS
23138,290430,290432,LYS,GLY
23139,290437,290439,GLY,SER
23140,290448,290450,SER,ARG
23141,290472,290474,ARG,GLY
23142,290479,290481,GLY,ALA
23143,290489,290491,ALA,ALA
23144,290499,290501,ALA,GLY
23145,290506,290508,GLY,PRO
23146,290520,290522,PRO,HYP
23147,290535,290537,HYP,GLY
23148,290542,290544,GLY,ALA
23149,290552,290554,ALA,THR
23150,290566,290568,THR,GLY
23151,290573,290575,GLY,DO2
23152,290594,290596,DO2,HYP
23153,290609,290611,HYP,GLY
23154,290616,290618,GLY,ALA
23155,290626,290628,ALA,ALA
23156,290636,290638,ALA,GLY
23157,290643,290645,GLY,ARG
23158,290667,290669,ARG,VAL
23159,290683,290685,VAL,GLY
23160,290690,290692,GLY,PRO
23161,290704,290706,PRO,HYP
23162,290719,290721,HYP,GLY
23163,290726,290728,GLY,PRO
23164,290740,290742,PRO,SER
23165,290751,290753,SER,GLY
23166,290758,290760,GLY,ASN
23167,290772,290774,ASN,ALA
23168,290782,290784,ALA,GLY
23169,290789,290791,GLY,PRO
23170,290803,290805,PRO,HYP
23171,290818,290820,HYP,GLY
23172,290825,290827,GLY,PRO
23173,290839,290841,PRO,HYP
23174,290854,290856,HYP,GLY
23175,290861,290863,GLY,PRO
23176,290875,290877,PRO,VAL
23177,290891,290893,VAL,GLY
23178,290898,290900,GLY,LYS
23179,290920,290922,LYS,GLU
23180,290935,290937,GLU,GLY
23181,290942,290944,GLY,GLY
23182,290949,290951,GLY,LYS
23183,290971,290973,LYS,GLY
23184,290978,290980,GLY,PRO
23185,290992,290994,PRO,ARG
23186,291016,291018,ARG,GLY
23187,291023,291025,GLY,GLU
23188,291038,291040,GLU,THR
23189,291052,291054,THR,GLY
23190,291059,291061,GLY,PRO
23191,291073,291075,PRO,ALA
23192,291083,291085,ALA,GLY
23193,291090,291092,GLY,ARG
23194,291114,291116,ARG,HYP
23195,291129,291131,HYP,GLY
23196,291136,291138,GLY,GLU
23197,291151,291153,GLU,VAL
23198,291167,291169,VAL,GLY
23199,291174,291176,GLY,PRO
23200,291188,291190,PRO,PRO
23201,291202,291204,PRO,GLY
23202,291209,291211,GLY,PRO
23203,291223,291225,PRO,HYP
23204,291238,291240,HYP,GLY
23205,291245,291247,GLY,PRO
23206,291259,291261,PRO,ALA
23207,291269,291271,ALA,GLY
23208,291276,291278,GLY,GLU
23209,291291,291293,GLU,LYS
23210,291313,291315,LYS,GLY
23211,291320,291322,GLY,SER
23212,291331,291333,SER,HYP
23213,291346,291348,HYP,GLY
23214,291353,291355,GLY,ALA
23215,291363,291365,ALA,ASP
23216,291375,291377,ASP,GLY
23217,291382,291384,GLY,PRO
23218,291396,291398,PRO,ALA
23219,291406,291408,ALA,GLY
23220,291413,291415,GLY,SER
23221,291424,291426,SER,HYP
23222,291439,291441,HYP,GLY
23223,291446,291448,GLY,THR
23224,291460,291462,THR,PRO
23225,291474,291476,PRO,GLY
23226,291481,291483,GLY,PRO
23227,291495,291497,PRO,GLN
23228,291512,291514,GLN,GLY
23229,291519,291521,GLY,ILE
23230,291538,291540,ILE,ALA
23231,291548,291550,ALA,GLY
23232,291555,291557,GLY,GLN
23233,291572,291574,GLN,ARG
23234,291596,291598,ARG,GLY
23235,291603,291605,GLY,VAL
23236,291619,291621,VAL,VAL
23237,291635,291637,VAL,GLY
23238,291642,291644,GLY,LEU
23239,291661,291663,LEU,HYP
23240,291676,291678,HYP,GLY
23241,291683,291685,GLY,GLN
23242,291700,291702,GLN,ARG
23243,291724,291726,ARG,GLY
23244,291731,291733,GLY,GLU
23245,291746,291748,GLU,ARG
23246,291770,291772,ARG,GLY
23247,291777,291779,GLY,DO2
23248,291798,291800,DO2,HYP
23249,291813,291815,HYP,GLY
23250,291820,291822,GLY,LEU
23251,291839,291841,LEU,HYP
23252,291854,291856,HYP,GLY
23253,291861,291863,GLY,PRO
23254,291875,291877,PRO,SER
23255,291886,291888,SER,GLY
23256,291893,291895,GLY,GLU
23257,291908,291910,GLU,HYP
23258,291923,291925,HYP,GLY
23259,291930,291932,GLY,LYS
23260,291952,291954,LYS,GLN
23261,291969,291971,GLN,GLY
23262,291976,291978,GLY,PRO
23263,291990,291992,PRO,SER
23264,292001,292003,SER,GLY
23265,292008,292010,GLY,ALA
23266,292018,292020,ALA,SER
23267,292029,292031,SER,GLY
23268,292036,292038,GLY,GLU
23269,292051,292053,GLU,ARG
23270,292075,292077,ARG,GLY
23271,292082,292084,GLY,PRO
23272,292096,292098,PRO,HYP
23273,292111,292113,HYP,GLY
23274,292118,292120,GLY,PRO
23275,292132,292134,PRO,MET
23276,292149,292151,MET,GLY
23277,292156,292158,GLY,PRO
23278,292170,292172,PRO,HYP
23279,292185,292187,HYP,GLY
23280,292192,292194,GLY,LEU
23281,292211,292213,LEU,ALA
23282,292221,292223,ALA,GLY
23283,292228,292230,GLY,PRO
23284,292242,292244,PRO,HYP
23285,292257,292259,HYP,GLY
23286,292264,292266,GLY,GLU
23287,292279,292281,GLU,SER
23288,292290,292292,SER,GLY
23289,292297,292299,GLY,ARG
23290,292321,292323,ARG,GLU
23291,292336,292338,GLU,GLY
23292,292343,292345,GLY,SER
23293,292354,292356,SER,HYP
23294,292369,292371,HYP,GLY
23295,292376,292378,GLY,ALA
23296,292386,292388,ALA,GLU
23297,292401,292403,GLU,GLY
23298,292408,292410,GLY,SER
23299,292419,292421,SER,HYP
23300,292434,292436,HYP,GLY
23301,292441,292443,GLY,ARG
23302,292465,292467,ARG,ASP
23303,292477,292479,ASP,GLY
23304,292484,292486,GLY,ALA
23305,292494,292496,ALA,PRO
23306,292508,292510,PRO,GLY
23307,292515,292517,GLY,ALA
23308,292525,292527,ALA,LYS
23309,292547,292549,LYS,GLY
23310,292554,292556,GLY,ASP
23311,292566,292568,ASP,ARG
23312,292590,292592,ARG,GLY
23313,292597,292599,GLY,GLU
23314,292612,292614,GLU,THR
23315,292626,292628,THR,GLY
23316,292633,292635,GLY,PRO
23317,292647,292649,PRO,ALA
23318,292657,292659,ALA,GLY
23319,292664,292666,GLY,PRO
23320,292678,292680,PRO,HYP
23321,292693,292695,HYP,GLY
23322,292722,292724,ALA,GLY
23323,292729,292731,GLY,VAL
23324,292745,292747,VAL,MET
23325,292762,292764,MET,GLY
23326,292769,292771,GLY,DO2
23327,292790,292792,DO2,HYP
23328,292805,292807,HYP,GLY
23329,292812,292814,GLY,PRO
23330,292826,292828,PRO,LYS
23331,292848,292850,LYS,GLY
23332,292855,292857,GLY,THR
23333,292869,292871,THR,ALA
23334,292879,292881,ALA,GLY
23335,292886,292888,GLY,GLU
23336,292901,292903,GLU,HYP
23337,292916,292918,HYP,GLY
23338,292923,292925,GLY,LYS
23339,292945,292947,LYS,ALA
23340,292955,292957,ALA,GLY
23341,292962,292964,GLY,GLU
23342,292977,292979,GLU,ARG
23343,293001,293003,ARG,GLY
23344,293008,293010,GLY,VAL
23345,293024,293026,VAL,HYP
23346,293039,293041,HYP,GLY
23347,293046,293048,GLY,PRO
23348,293060,293062,PRO,HYP
23349,293075,293077,HYP,GLY
23350,293082,293084,GLY,ALA
23351,293092,293094,ALA,VAL
23352,293108,293110,VAL,GLY
23353,293115,293117,GLY,PRO
23354,293129,293131,PRO,ALA
23355,293139,293141,ALA,GLY
23356,293146,293148,GLY,LYS
23357,293168,293170,LYS,ASP
23358,293180,293182,ASP,GLY
23359,293187,293189,GLY,GLU
23360,293202,293204,GLU,ALA
23361,293212,293214,ALA,GLY
23362,293219,293221,GLY,ALA
23363,293229,293231,ALA,GLN
23364,293246,293248,GLN,GLY
23365,293253,293255,GLY,ALA
23366,293263,293265,ALA,HYP
23367,293278,293280,HYP,GLY
23368,293285,293287,GLY,PRO
23369,293299,293301,PRO,ALA
23370,293309,293311,ALA,GLY
23371,293316,293318,GLY,PRO
23372,293330,293332,PRO,ALA
23373,293340,293342,ALA,GLY
23374,293347,293349,GLY,GLU
23375,293362,293364,GLU,ARG
23376,293386,293388,ARG,GLY
23377,293393,293395,GLY,GLU
23378,293408,293410,GLU,GLN
23379,293425,293427,GLN,GLY
23380,293432,293434,GLY,PRO
23381,293446,293448,PRO,ALA
23382,293456,293458,ALA,GLY
23383,293463,293465,GLY,SER
23384,293474,293476,SER,HYP
23385,293489,293491,HYP,GLY
23386,293496,293498,GLY,DO2
23387,293517,293519,DO2,GLN
23388,293534,293536,GLN,GLY
23389,293541,293543,GLY,LEU
23390,293560,293562,LEU,HYP
23391,293575,293577,HYP,GLY
23392,293582,293584,GLY,PRO
23393,293596,293598,PRO,ALA
23394,293606,293608,ALA,GLY
23395,293613,293615,GLY,PRO
23396,293627,293629,PRO,HYP
23397,293642,293644,HYP,GLY
23398,293649,293651,GLY,GLU
23399,293664,293666,GLU,ALA
23400,293674,293676,ALA,GLY
23401,293681,293683,GLY,LYS
23402,293703,293705,LYS,HYP
23403,293718,293720,HYP,GLY
23404,293725,293727,GLY,GLU
23405,293740,293742,GLU,GLN
23406,293757,293759,GLN,GLY
23407,293764,293766,GLY,VAL
23408,293780,293782,VAL,HYP
23409,293795,293797,HYP,GLY
23410,293802,293804,GLY,ASP
23411,293814,293816,ASP,LEU
23412,293833,293835,LEU,GLY
23413,293840,293842,GLY,ALA
23414,293850,293852,ALA,HYP
23415,293865,293867,HYP,GLY
23416,293872,293874,GLY,PRO
23417,293886,293888,PRO,SER
23418,293897,293899,SER,GLY
23419,293904,293906,GLY,ALA
23420,293914,293916,ALA,ARG
23421,293938,293940,ARG,GLY
23422,293945,293947,GLY,GLU
23423,293960,293962,GLU,ARG
23424,293984,293986,ARG,GLY
23425,293991,293993,GLY,DO1
23426,294012,294014,DO1,HYP
23427,294027,294029,HYP,GLY
23428,294034,294036,GLY,GLU
23429,294049,294051,GLU,ARG
23430,294073,294075,ARG,GLY
23431,294080,294082,GLY,VAL
23432,294096,294098,VAL,GLN
23433,294113,294115,GLN,GLY
23434,294120,294122,GLY,PRO
23435,294134,294136,PRO,HYP
23436,294149,294151,HYP,GLY
23437,294156,294158,GLY,PRO
23438,294170,294172,PRO,ALA
23439,294180,294182,ALA,GLY
23440,294187,294189,GLY,PRO
23441,294201,294203,PRO,ARG
23442,294225,294227,ARG,GLY
23443,294232,294234,GLY,ASN
23444,294246,294248,ASN,ASN
23445,294260,294262,ASN,GLY
23446,294267,294269,GLY,ALA
23447,294277,294279,ALA,HYP
23448,294292,294294,HYP,GLY
23449,294299,294301,GLY,ASN
23450,294313,294315,ASN,ASP
23451,294325,294327,ASP,GLY
23452,294332,294334,GLY,ALA
23453,294342,294344,ALA,LYS
23454,294364,294366,LYS,GLY
23455,294371,294373,GLY,ASP
23456,294383,294385,ASP,THR
23457,294397,294399,THR,GLY
23458,294404,294406,GLY,ALA
23459,294414,294416,ALA,HYP
23460,294429,294431,HYP,GLY
23461,294436,294438,GLY,ALA
23462,294446,294448,ALA,HYP
23463,294461,294463,HYP,GLY
23464,294468,294470,GLY,SER
23465,294479,294481,SER,GLN
23466,294496,294498,GLN,GLY
23467,294503,294505,GLY,ALA
23468,294513,294515,ALA,HYP
23469,294528,294530,HYP,GLY
23470,294535,294537,GLY,LEU
23471,294554,294556,LEU,GLN
23472,294571,294573,GLN,GLY
23473,294578,294580,GLY,MET
23474,294595,294597,MET,HYP
23475,294610,294612,HYP,GLY
23476,294617,294619,GLY,GLU
23477,294632,294634,GLU,ARG
23478,294656,294658,ARG,GLY
23479,294663,294665,GLY,ALA
23480,294673,294675,ALA,ALA
23481,294683,294685,ALA,GLY
23482,294690,294692,GLY,LEU
23483,294709,294711,LEU,HYP
23484,294724,294726,HYP,GLY
23485,294731,294733,GLY,PRO
23486,294745,294747,PRO,LYS
23487,294767,294769,LYS,GLY
23488,294774,294776,GLY,ASP
23489,294786,294788,ASP,ARG
23490,294810,294812,ARG,GLY
23491,294817,294819,GLY,ASP
23492,294829,294831,ASP,ALA
23493,294839,294841,ALA,GLY
23494,294846,294848,GLY,PRO
23495,294860,294862,PRO,LYS
23496,294882,294884,LYS,GLY
23497,294889,294891,GLY,ALA
23498,294899,294901,ALA,ASP
23499,294911,294913,ASP,GLY
23500,294918,294920,GLY,SER
23501,294929,294931,SER,HYP
23502,294944,294946,HYP,GLY
23503,294951,294953,GLY,LYS
23504,294973,294975,LYS,ASP
23505,294985,294987,ASP,GLY
23506,294992,294994,GLY,VAL
23507,295008,295010,VAL,ARG
23508,295032,295034,ARG,GLY
23509,295039,295041,GLY,LEU
23510,295058,295060,LEU,THR
23511,295072,295074,THR,GLY
23512,295079,295081,GLY,PRO
23513,295093,295095,PRO,ILE
23514,295112,295114,ILE,GLY
23515,295119,295121,GLY,PRO
23516,295133,295135,PRO,HYP
23517,295148,295150,HYP,GLY
23518,295155,295157,GLY,PRO
23519,295169,295171,PRO,ALA
23520,295179,295181,ALA,GLY
23521,295186,295188,GLY,ALA
23522,295196,295198,ALA,HYP
23523,295211,295213,HYP,GLY
23524,295218,295220,GLY,ASP
23525,295230,295232,ASP,LYS
23526,295252,295254,LYS,GLY
23527,295259,295261,GLY,GLU
23528,295274,295276,GLU,THR
23529,295288,295290,THR,GLY
23530,295295,295297,GLY,PRO
23531,295309,295311,PRO,SER
23532,295320,295322,SER,GLY
23533,295327,295329,GLY,PRO
23534,295341,295343,PRO,ALA
23535,295351,295353,ALA,GLY
23536,295358,295360,GLY,PRO
23537,295372,295374,PRO,THR
23538,295386,295388,THR,GLY
23539,295393,295395,GLY,ALA
23540,295403,295405,ALA,ARG
23541,295427,295429,ARG,GLY
23542,295434,295436,GLY,ALA
23543,295444,295446,ALA,HYP
23544,295459,295461,HYP,GLY
23545,295466,295468,GLY,ASP
23546,295478,295480,ASP,ARG
23547,295502,295504,ARG,GLY
23548,295509,295511,GLY,GLU
23549,295524,295526,GLU,HYP
23550,295539,295541,HYP,GLY
23551,295546,295548,GLY,PRO
23552,295560,295562,PRO,HYP
23553,295575,295577,HYP,GLY
23554,295582,295584,GLY,PRO
23555,295596,295598,PRO,ALA
23556,295606,295608,ALA,GLY
23557,295613,295615,GLY,DO2
23558,295661,295663,GLU,ALA
23559,295671,295673,ALA,GLY
23560,295678,295680,GLY,ASN
23561,295692,295694,ASN,ILE
23562,295711,295713,ILE,GLY
23563,295718,295720,GLY,DO2
23564,295739,295741,DO2,HYP
23565,295754,295756,HYP,GLY
23566,295761,295763,GLY,PRO
23567,295775,295777,PRO,LYS
23568,295797,295799,LYS,GLY
23569,295804,295806,GLY,PRO
23570,295818,295820,PRO,SER
23571,295829,295831,SER,GLY
23572,295836,295838,GLY,ASP
23573,295848,295850,ASP,HYP
23574,295863,295865,HYP,GLY
23575,295870,295872,GLY,LYS
23576,295892,295894,LYS,HYP
23577,295907,295909,HYP,GLY
23578,295914,295916,GLY,GLU
23579,295929,295931,GLU,LYS
23580,295951,295953,LYS,GLY
23581,295958,295960,GLY,HIS
23582,295975,295977,HIS,HYP
23583,295990,295992,HYP,GLY
23584,295997,295999,GLY,LEU
23585,296016,296018,LEU,ALA
23586,296026,296028,ALA,GLY
23587,296033,296035,GLY,ALA
23588,296043,296045,ALA,ARG
23589,296067,296069,ARG,GLY
23590,296074,296076,GLY,ALA
23591,296084,296086,ALA,HYP
23592,296099,296101,HYP,GLY
23593,296106,296108,GLY,PRO
23594,296120,296122,PRO,ASP
23595,296132,296134,ASP,GLY
23596,296139,296141,GLY,ASN
23597,296153,296155,ASN,ASN
23598,296167,296169,ASN,GLY
23599,296174,296176,GLY,ALA
23600,296184,296186,ALA,GLN
23601,296201,296203,GLN,GLY
23602,296208,296210,GLY,PRO
23603,296222,296224,PRO,HYP
23604,296237,296239,HYP,GLY
23605,296244,296246,GLY,PRO
23606,296258,296260,PRO,GLN
23607,296275,296277,GLN,GLY
23608,296282,296284,GLY,VAL
23609,296298,296300,VAL,GLN
23610,296315,296317,GLN,GLY
23611,296322,296324,GLY,GLY
23612,296329,296331,GLY,LYS
23613,296351,296353,LYS,GLY
23614,296358,296360,GLY,GLU
23615,296373,296375,GLU,GLN
23616,296390,296392,GLN,GLY
23617,296397,296399,GLY,PRO
23618,296411,296413,PRO,ALA
23619,296421,296423,ALA,GLY
23620,296428,296430,GLY,PRO
23621,296442,296444,PRO,HYP
23622,296457,296459,HYP,GLY
23623,296464,296466,GLY,DO2
23624,296485,296487,DO2,GLN
23625,296502,296504,GLN,GLY
23626,296509,296511,GLY,LEU
23627,296528,296530,LEU,HYP
23628,296543,296545,HYP,GLY
23629,296550,296552,GLY,PRO
23630,296564,296566,PRO,SER
23631,296575,296577,SER,GLY
23632,296582,296584,GLY,THR
23633,296596,296598,THR,ALA
23634,296606,296608,ALA,GLY
23635,296613,296615,GLY,GLU
23636,296628,296630,GLU,VAL
23637,296644,296646,VAL,GLY
23638,296651,296653,GLY,LYS
23639,296673,296675,LYS,HYP
23640,296688,296690,HYP,GLY
23641,296695,296697,GLY,GLU
23642,296710,296712,GLU,ARG
23643,296734,296736,ARG,GLY
23644,296741,296743,GLY,LEU
23645,296760,296762,LEU,HYP
23646,296775,296777,HYP,GLY
23647,296782,296784,GLY,GLU
23648,296797,296799,GLU,DO1
23649,296818,296820,DO1,GLY
23650,296825,296827,GLY,LEU
23651,296844,296846,LEU,HYP
23652,296859,296861,HYP,GLY
23653,296866,296868,GLY,PRO
23654,296880,296882,PRO,ALA
23655,296890,296892,ALA,GLY
23656,296897,296899,GLY,PRO
23657,296911,296913,PRO,ARG
23658,296935,296937,ARG,GLY
23659,296942,296944,GLY,GLU
23660,296957,296959,GLU,ARG
23661,296981,296983,ARG,GLY
23662,296988,296990,GLY,PRO
23663,297002,297004,PRO,HYP
23664,297017,297019,HYP,GLY
23665,297024,297026,GLY,GLU
23666,297039,297041,GLU,SER
23667,297050,297052,SER,GLY
23668,297057,297059,GLY,ALA
23669,297067,297069,ALA,ALA
23670,297077,297079,ALA,GLY
23671,297084,297086,GLY,PRO
23672,297098,297100,PRO,SER
23673,297109,297111,SER,GLY
23674,297116,297118,GLY,PRO
23675,297130,297132,PRO,ILE
23676,297149,297151,ILE,GLY
23677,297156,297158,GLY,ILE
23678,297175,297177,ILE,ARG
23679,297199,297201,ARG,GLY
23680,297206,297208,GLY,PRO
23681,297220,297222,PRO,SER
23682,297231,297233,SER,GLY
23683,297238,297240,GLY,ALA
23684,297248,297250,ALA,HYP
23685,297263,297265,HYP,GLY
23686,297270,297272,GLY,PRO
23687,297284,297286,PRO,ASP
23688,297296,297298,ASP,GLY
23689,297303,297305,GLY,ASN
23690,297317,297319,ASN,LYS
23691,297339,297341,LYS,GLY
23692,297346,297348,GLY,GLU
23693,297361,297363,GLU,ALA
23694,297371,297373,ALA,GLY
23695,297378,297380,GLY,ALA
23696,297388,297390,ALA,VAL
23697,297404,297406,VAL,GLY
23698,297411,297413,GLY,ALA
23699,297421,297423,ALA,HYP
23700,297436,297438,HYP,GLY
23701,297443,297445,GLY,SER
23702,297454,297456,SER,ALA
23703,297464,297466,ALA,GLY
23704,297471,297473,GLY,ALA
23705,297481,297483,ALA,SER
23706,297492,297494,SER,GLY
23707,297499,297501,GLY,PRO
23708,297513,297515,PRO,GLY
23709,297520,297522,GLY,GLY
23710,297527,297529,GLY,LEU
23711,297546,297548,LEU,HYP
23712,297561,297563,HYP,GLY
23713,297568,297570,GLY,GLU
23714,297583,297585,GLU,ARG
23715,297607,297609,ARG,GLY
23716,297614,297616,GLY,ALA
23717,297624,297626,ALA,ALA
23718,297634,297636,ALA,GLY
23719,297641,297643,GLY,ILE
23720,297660,297662,ILE,HYP
23721,297675,297677,HYP,GLY
23722,297682,297684,GLY,GLY
23723,297689,297691,GLY,LYS
23724,297711,297713,LYS,GLY
23725,297718,297720,GLY,GLU
23726,297733,297735,GLU,LYS
23727,297755,297757,LYS,GLY
23728,297762,297764,GLY,GLU
23729,297777,297779,GLU,THR
23730,297791,297793,THR,GLY
23731,297798,297800,GLY,LEU
23732,297817,297819,LEU,ARG
23733,297841,297843,ARG,GLY
23734,297848,297850,GLY,GLU
23735,297863,297865,GLU,ILE
23736,297882,297884,ILE,GLY
23737,297889,297891,GLY,ASN
23738,297903,297905,ASN,HYP
23739,297918,297920,HYP,GLY
23740,297925,297927,GLY,ARG
23741,297949,297951,ARG,ASP
23742,297961,297963,ASP,GLY
23743,297968,297970,GLY,ALA
23744,297978,297980,ALA,ARG
23745,298002,298004,ARG,GLY
23746,298009,298011,GLY,ALA
23747,298019,298021,ALA,HYP
23748,298034,298036,HYP,GLY
23749,298041,298043,GLY,ALA
23750,298051,298053,ALA,ILE
23751,298070,298072,ILE,GLY
23752,298077,298079,GLY,ALA
23753,298087,298089,ALA,HYP
23754,298102,298104,HYP,GLY
23755,298109,298111,GLY,PRO
23756,298123,298125,PRO,ALA
23757,298133,298135,ALA,GLY
23758,298140,298142,GLY,ALA
23759,298150,298152,ALA,SER
23760,298161,298163,SER,GLY
23761,298168,298170,GLY,ASP
23762,298180,298182,ASP,ARG
23763,298204,298206,ARG,GLY
23764,298211,298213,GLY,GLU
23765,298226,298228,GLU,ALA
23766,298236,298238,ALA,GLY
23767,298243,298245,GLY,ALA
23768,298253,298255,ALA,ALA
23769,298263,298265,ALA,GLY
23770,298270,298272,GLY,PRO
23771,298284,298286,PRO,SER
23772,298295,298297,SER,GLY
23773,298302,298304,GLY,PRO
23774,298316,298318,PRO,ALA
23775,298326,298328,ALA,GLY
23776,298333,298335,GLY,PRO
23777,298347,298349,PRO,ARG
23778,298371,298373,ARG,GLY
23779,298378,298380,GLY,SER
23780,298389,298391,SER,HYP
23781,298404,298406,HYP,GLY
23782,298411,298413,GLY,GLU
23783,298426,298428,GLU,ARG
23784,298450,298452,ARG,GLY
23785,298457,298459,GLY,GLU
23786,298472,298474,GLU,VAL
23787,298488,298490,VAL,GLY
23788,298495,298497,GLY,PRO
23789,298509,298511,PRO,ALA
23790,298519,298521,ALA,GLY
23791,298526,298528,GLY,PRO
23792,298540,298542,PRO,ASN
23793,298554,298556,ASN,GLY
23794,298561,298563,GLY,DO2
23795,298611,298613,GLN,ALA
23796,298621,298623,ALA,GLY
23797,298628,298630,GLY,VAL
23798,298644,298646,VAL,MET
23799,298661,298663,MET,GLY
23800,298668,298670,GLY,DO2
23801,298689,298691,DO2,HYP
23802,298704,298706,HYP,GLY
23803,298711,298713,GLY,PRO
23804,298725,298727,PRO,LYS
23805,298747,298749,LYS,GLY
23806,298754,298756,GLY,THR
23807,298768,298770,THR,ALA
23808,298778,298780,ALA,GLY
23809,298785,298787,GLY,GLU
23810,298800,298802,GLU,HYP
23811,298815,298817,HYP,GLY
23812,298822,298824,GLY,LYS
23813,298844,298846,LYS,ALA
23814,298854,298856,ALA,GLY
23815,298861,298863,GLY,GLU
23816,298876,298878,GLU,ARG
23817,298900,298902,ARG,GLY
23818,298907,298909,GLY,VAL
23819,298923,298925,VAL,HYP
23820,298938,298940,HYP,GLY
23821,298945,298947,GLY,PRO
23822,298959,298961,PRO,HYP
23823,298974,298976,HYP,GLY
23824,298981,298983,GLY,ALA
23825,298991,298993,ALA,VAL
23826,299007,299009,VAL,GLY
23827,299014,299016,GLY,PRO
23828,299028,299030,PRO,ALA
23829,299038,299040,ALA,GLY
23830,299045,299047,GLY,LYS
23831,299067,299069,LYS,ASP
23832,299079,299081,ASP,GLY
23833,299086,299088,GLY,GLU
23834,299101,299103,GLU,ALA
23835,299111,299113,ALA,GLY
23836,299118,299120,GLY,ALA
23837,299128,299130,ALA,GLN
23838,299145,299147,GLN,GLY
23839,299152,299154,GLY,ALA
23840,299162,299164,ALA,HYP
23841,299177,299179,HYP,GLY
23842,299184,299186,GLY,PRO
23843,299198,299200,PRO,ALA
23844,299208,299210,ALA,GLY
23845,299215,299217,GLY,PRO
23846,299229,299231,PRO,ALA
23847,299239,299241,ALA,GLY
23848,299246,299248,GLY,GLU
23849,299261,299263,GLU,ARG
23850,299285,299287,ARG,GLY
23851,299292,299294,GLY,GLU
23852,299307,299309,GLU,GLN
23853,299324,299326,GLN,GLY
23854,299331,299333,GLY,PRO
23855,299345,299347,PRO,ALA
23856,299355,299357,ALA,GLY
23857,299362,299364,GLY,SER
23858,299373,299375,SER,HYP
23859,299388,299390,HYP,GLY
23860,299395,299397,GLY,DO1
23861,299416,299418,DO1,GLN
23862,299433,299435,GLN,GLY
23863,299440,299442,GLY,LEU
23864,299459,299461,LEU,HYP
23865,299474,299476,HYP,GLY
23866,299481,299483,GLY,PRO
23867,299495,299497,PRO,ALA
23868,299505,299507,ALA,GLY
23869,299512,299514,GLY,PRO
23870,299526,299528,PRO,HYP
23871,299541,299543,HYP,GLY
23872,299548,299550,GLY,GLU
23873,299563,299565,GLU,ALA
23874,299573,299575,ALA,GLY
23875,299580,299582,GLY,LYS
23876,299602,299604,LYS,HYP
23877,299617,299619,HYP,GLY
23878,299624,299626,GLY,GLU
23879,299639,299641,GLU,GLN
23880,299656,299658,GLN,GLY
23881,299663,299665,GLY,VAL
23882,299679,299681,VAL,HYP
23883,299694,299696,HYP,GLY
23884,299701,299703,GLY,ASP
23885,299713,299715,ASP,LEU
23886,299732,299734,LEU,GLY
23887,299739,299741,GLY,ALA
23888,299749,299751,ALA,HYP
23889,299764,299766,HYP,GLY
23890,299771,299773,GLY,PRO
23891,299785,299787,PRO,SER
23892,299796,299798,SER,GLY
23893,299803,299805,GLY,ALA
23894,299813,299815,ALA,ARG
23895,299837,299839,ARG,GLY
23896,299844,299846,GLY,GLU
23897,299859,299861,GLU,ARG
23898,299883,299885,ARG,GLY
23899,299890,299892,GLY,DO1
23900,299911,299913,DO1,HYP
23901,299926,299928,HYP,GLY
23902,299933,299935,GLY,GLU
23903,299948,299950,GLU,ARG
23904,299972,299974,ARG,GLY
23905,299979,299981,GLY,VAL
23906,299995,299997,VAL,GLN
23907,300012,300014,GLN,GLY
23908,300019,300021,GLY,PRO
23909,300033,300035,PRO,HYP
23910,300048,300050,HYP,GLY
23911,300055,300057,GLY,PRO
23912,300069,300071,PRO,ALA
23913,300079,300081,ALA,GLY
23914,300086,300088,GLY,PRO
23915,300100,300102,PRO,ARG
23916,300124,300126,ARG,GLY
23917,300131,300133,GLY,ASN
23918,300145,300147,ASN,ASN
23919,300159,300161,ASN,GLY
23920,300166,300168,GLY,ALA
23921,300176,300178,ALA,HYP
23922,300191,300193,HYP,GLY
23923,300198,300200,GLY,ASN
23924,300212,300214,ASN,ASP
23925,300224,300226,ASP,GLY
23926,300231,300233,GLY,ALA
23927,300241,300243,ALA,LYS
23928,300263,300265,LYS,GLY
23929,300270,300272,GLY,ASP
23930,300282,300284,ASP,THR
23931,300296,300298,THR,GLY
23932,300303,300305,GLY,ALA
23933,300313,300315,ALA,HYP
23934,300328,300330,HYP,GLY
23935,300335,300337,GLY,ALA
23936,300345,300347,ALA,HYP
23937,300360,300362,HYP,GLY
23938,300367,300369,GLY,SER
23939,300378,300380,SER,GLN
23940,300395,300397,GLN,GLY
23941,300402,300404,GLY,ALA
23942,300412,300414,ALA,HYP
23943,300427,300429,HYP,GLY
23944,300434,300436,GLY,LEU
23945,300453,300455,LEU,GLN
23946,300470,300472,GLN,GLY
23947,300477,300479,GLY,MET
23948,300494,300496,MET,HYP
23949,300509,300511,HYP,GLY
23950,300516,300518,GLY,GLU
23951,300531,300533,GLU,ARG
23952,300555,300557,ARG,GLY
23953,300562,300564,GLY,ALA
23954,300572,300574,ALA,ALA
23955,300582,300584,ALA,GLY
23956,300589,300591,GLY,LEU
23957,300608,300610,LEU,HYP
23958,300623,300625,HYP,GLY
23959,300630,300632,GLY,PRO
23960,300644,300646,PRO,LYS
23961,300666,300668,LYS,GLY
23962,300673,300675,GLY,ASP
23963,300685,300687,ASP,ARG
23964,300709,300711,ARG,GLY
23965,300716,300718,GLY,ASP
23966,300728,300730,ASP,ALA
23967,300738,300740,ALA,GLY
23968,300745,300747,GLY,PRO
23969,300759,300761,PRO,LYS
23970,300781,300783,LYS,GLY
23971,300788,300790,GLY,ALA
23972,300798,300800,ALA,ASP
23973,300810,300812,ASP,GLY
23974,300817,300819,GLY,SER
23975,300828,300830,SER,HYP
23976,300843,300845,HYP,GLY
23977,300850,300852,GLY,LYS
23978,300872,300874,LYS,ASP
23979,300884,300886,ASP,GLY
23980,300891,300893,GLY,VAL
23981,300907,300909,VAL,ARG
23982,300931,300933,ARG,GLY
23983,300938,300940,GLY,LEU
23984,300957,300959,LEU,THR
23985,300971,300973,THR,GLY
23986,300978,300980,GLY,PRO
23987,300992,300994,PRO,ILE
23988,301011,301013,ILE,GLY
23989,301018,301020,GLY,PRO
23990,301032,301034,PRO,HYP
23991,301047,301049,HYP,GLY
23992,301054,301056,GLY,PRO
23993,301068,301070,PRO,ALA
23994,301078,301080,ALA,GLY
23995,301085,301087,GLY,ALA
23996,301095,301097,ALA,HYP
23997,301110,301112,HYP,GLY
23998,301117,301119,GLY,ASP
23999,301129,301131,ASP,LYS
24000,301151,301153,LYS,GLY
24001,301158,301160,GLY,GLU
24002,301173,301175,GLU,THR
24003,301187,301189,THR,GLY
24004,301194,301196,GLY,PRO
24005,301208,301210,PRO,SER
24006,301219,301221,SER,GLY
24007,301226,301228,GLY,PRO
24008,301240,301242,PRO,ALA
24009,301250,301252,ALA,GLY
24010,301257,301259,GLY,PRO
24011,301271,301273,PRO,THR
24012,301285,301287,THR,GLY
24013,301292,301294,GLY,ALA
24014,301302,301304,ALA,ARG
24015,301326,301328,ARG,GLY
24016,301333,301335,GLY,ALA
24017,301343,301345,ALA,HYP
24018,301358,301360,HYP,GLY
24019,301365,301367,GLY,ASP
24020,301377,301379,ASP,ARG
24021,301401,301403,ARG,GLY
24022,301408,301410,GLY,GLU
24023,301423,301425,GLU,HYP
24024,301438,301440,HYP,GLY
24025,301445,301447,GLY,PRO
24026,301459,301461,PRO,HYP
24027,301474,301476,HYP,GLY
24028,301481,301483,GLY,PRO
24029,301495,301497,PRO,ALA
24030,301530,301532,GLN,MET
24031,301547,301549,MET,SER
24032,301558,301560,SER,DO2
24033,301579,301581,DO2,GLY
24034,301586,301588,GLY,DO2
24035,301607,301609,DO2,ASP
24036,301619,301621,ASP,GLU
24037,301634,301636,GLU,LYS
24038,301656,301658,LYS,SER
24039,301667,301669,SER,ALA
24040,301677,301679,ALA,GLY
24041,301684,301686,GLY,VAL
24042,301700,301702,VAL,SER
24043,301711,301713,SER,VAL
24044,301727,301729,VAL,PRO
24045,301741,301743,PRO,GLY
24046,301748,301750,GLY,PRO
24047,301762,301764,PRO,MET
24048,301779,301781,MET,GLY
24049,301786,301788,GLY,PRO
24050,301800,301802,PRO,SER
24051,301811,301813,SER,GLY
24052,301818,301820,GLY,PRO
24053,301832,301834,PRO,ARG
24054,301856,301858,ARG,GLY
24055,301863,301865,GLY,LEU
24056,301882,301884,LEU,HYP
24057,301897,301899,HYP,GLY
24058,301904,301906,GLY,PRO
24059,301918,301920,PRO,HYP
24060,301933,301935,HYP,GLY
24061,301940,301942,GLY,ALA
24062,301950,301952,ALA,HYP
24063,301965,301967,HYP,GLY
24064,301972,301974,GLY,PRO
24065,301986,301988,PRO,GLN
24066,302003,302005,GLN,GLY
24067,302010,302012,GLY,DO1
24068,302031,302033,DO1,GLN
24069,302048,302050,GLN,GLY
24070,302055,302057,GLY,PRO
24071,302069,302071,PRO,HYP
24072,302084,302086,HYP,GLY
24073,302091,302093,GLY,GLU
24074,302106,302108,GLU,HYP
24075,302121,302123,HYP,GLY
24076,302128,302130,GLY,GLU
24077,302143,302145,GLU,HYP
24078,302158,302160,HYP,GLY
24079,302165,302167,GLY,ALA
24080,302175,302177,ALA,SER
24081,302186,302188,SER,GLY
24082,302193,302195,GLY,PRO
24083,302207,302209,PRO,MET
24084,302224,302226,MET,GLY
24085,302231,302233,GLY,PRO
24086,302245,302247,PRO,ARG
24087,302269,302271,ARG,GLY
24088,302276,302278,GLY,PRO
24089,302290,302292,PRO,PRO
24090,302304,302306,PRO,GLY
24091,302311,302313,GLY,PRO
24092,302325,302327,PRO,HYP
24093,302340,302342,HYP,GLY
24094,302347,302349,GLY,LYS
24095,302369,302371,LYS,ASN
24096,302383,302385,ASN,GLY
24097,302390,302392,GLY,ASP
24098,302402,302404,ASP,ASP
24099,302414,302416,ASP,GLY
24100,302421,302423,GLY,GLU
24101,302436,302438,GLU,ALA
24102,302446,302448,ALA,GLY
24103,302453,302455,GLY,LYS
24104,302475,302477,LYS,PRO
24105,302489,302491,PRO,GLY
24106,302496,302498,GLY,ARG
24107,302520,302522,ARG,HYP
24108,302535,302537,HYP,GLY
24109,302542,302544,GLY,GLU
24110,302557,302559,GLU,ARG
24111,302581,302583,ARG,GLY
24112,302588,302590,GLY,PRO
24113,302602,302604,PRO,HYP
24114,302617,302619,HYP,GLY
24115,302624,302626,GLY,PRO
24116,302638,302640,PRO,GLN
24117,302655,302657,GLN,GLY
24118,302662,302664,GLY,ALA
24119,302672,302674,ALA,ARG
24120,302696,302698,ARG,GLY
24121,302703,302705,GLY,LEU
24122,302722,302724,LEU,HYP
24123,302737,302739,HYP,GLY
24124,302744,302746,GLY,THR
24125,302758,302760,THR,ALA
24126,302768,302770,ALA,GLY
24127,302775,302777,GLY,LEU
24128,302794,302796,LEU,HYP
24129,302809,302811,HYP,GLY
24130,302816,302818,GLY,MET
24131,302833,302835,MET,LYS
24132,302855,302857,LYS,GLY
24133,302862,302864,GLY,HIS
24134,302879,302881,HIS,ARG
24135,302903,302905,ARG,GLY
24136,302910,302912,GLY,DO2
24137,302931,302933,DO2,SER
24138,302942,302944,SER,GLY
24139,302949,302951,GLY,LEU
24140,302968,302970,LEU,ASP
24141,302980,302982,ASP,GLY
24142,302987,302989,GLY,ALA
24143,302997,302999,ALA,LYS
24144,303019,303021,LYS,GLY
24145,303026,303028,GLY,ASP
24146,303038,303040,ASP,THR
24147,303052,303054,THR,GLY
24148,303059,303061,GLY,PRO
24149,303073,303075,PRO,ALA
24150,303083,303085,ALA,GLY
24151,303090,303092,GLY,PRO
24152,303104,303106,PRO,LYS
24153,303126,303128,LYS,GLY
24154,303133,303135,GLY,GLU
24155,303148,303150,GLU,HYP
24156,303163,303165,HYP,GLY
24157,303170,303172,GLY,SER
24158,303181,303183,SER,HYP
24159,303196,303198,HYP,GLY
24160,303203,303205,GLY,GLU
24161,303218,303220,GLU,ASN
24162,303232,303234,ASN,GLY
24163,303239,303241,GLY,ALA
24164,303249,303251,ALA,HYP
24165,303264,303266,HYP,GLY
24166,303271,303273,GLY,GLN
24167,303288,303290,GLN,MET
24168,303305,303307,MET,GLY
24169,303312,303314,GLY,PRO
24170,303326,303328,PRO,ARG
24171,303350,303352,ARG,GLY
24172,303357,303359,GLY,LEU
24173,303376,303378,LEU,HYP
24174,303391,303393,HYP,GLY
24175,303398,303400,GLY,GLU
24176,303413,303415,GLU,ARG
24177,303437,303439,ARG,GLY
24178,303444,303446,GLY,ARG
24179,303468,303470,ARG,HYP
24180,303483,303485,HYP,GLY
24181,303490,303492,GLY,PRO
24182,303504,303506,PRO,PRO
24183,303518,303520,PRO,GLY
24184,303525,303527,GLY,SER
24185,303536,303538,SER,ALA
24186,303546,303548,ALA,GLY
24187,303553,303555,GLY,ALA
24188,303563,303565,ALA,ARG
24189,303587,303589,ARG,GLY
24190,303594,303596,GLY,ASN
24191,303608,303610,ASN,ASP
24192,303620,303622,ASP,GLY
24193,303627,303629,GLY,ALA
24194,303637,303639,ALA,VAL
24195,303653,303655,VAL,GLY
24196,303660,303662,GLY,ALA
24197,303670,303672,ALA,ALA
24198,303680,303682,ALA,GLY
24199,303687,303689,GLY,PRO
24200,303701,303703,PRO,HYP
24201,303716,303718,HYP,GLY
24202,303723,303725,GLY,PRO
24203,303737,303739,PRO,THR
24204,303751,303753,THR,GLY
24205,303758,303760,GLY,PRO
24206,303772,303774,PRO,THR
24207,303786,303788,THR,GLY
24208,303793,303795,GLY,PRO
24209,303807,303809,PRO,HYP
24210,303822,303824,HYP,GLY
24211,303829,303831,GLY,DO2
24212,303875,303877,GLN,DO2
24213,303896,303898,DO2,SER
24214,303907,303909,SER,ASP
24215,303919,303921,ASP,LY2
24216,303928,303930,LY2,GLY
24217,303935,303937,GLY,VAL
24218,303951,303953,VAL,SER
24219,303962,303964,SER,ALA
24220,303972,303974,ALA,GLY
24221,303979,303981,GLY,PRO
24222,303993,303995,PRO,GLY
24223,304000,304002,GLY,PRO
24224,304014,304016,PRO,MET
24225,304031,304033,MET,GLY
24226,304038,304040,GLY,LEU
24227,304057,304059,LEU,MET
24228,304074,304076,MET,GLY
24229,304081,304083,GLY,PRO
24230,304095,304097,PRO,ARG
24231,304119,304121,ARG,GLY
24232,304126,304128,GLY,PRO
24233,304140,304142,PRO,HYP
24234,304155,304157,HYP,GLY
24235,304162,304164,GLY,ALA
24236,304172,304174,ALA,VAL
24237,304188,304190,VAL,GLY
24238,304195,304197,GLY,ALA
24239,304205,304207,ALA,HYP
24240,304220,304222,HYP,GLY
24241,304227,304229,GLY,PRO
24242,304241,304243,PRO,GLN
24243,304258,304260,GLN,GLY
24244,304265,304267,GLY,DO1
24245,304286,304288,DO1,GLN
24246,304303,304305,GLN,GLY
24247,304310,304312,GLY,PRO
24248,304324,304326,PRO,ALA
24249,304334,304336,ALA,GLY
24250,304341,304343,GLY,GLU
24251,304356,304358,GLU,HYP
24252,304371,304373,HYP,GLY
24253,304378,304380,GLY,GLU
24254,304393,304395,GLU,HYP
24255,304408,304410,HYP,GLY
24256,304415,304417,GLY,GLN
24257,304432,304434,GLN,THR
24258,304446,304448,THR,GLY
24259,304453,304455,GLY,PRO
24260,304467,304469,PRO,ALA
24261,304477,304479,ALA,GLY
24262,304484,304486,GLY,SER
24263,304495,304497,SER,ARG
24264,304519,304521,ARG,GLY
24265,304526,304528,GLY,PRO
24266,304540,304542,PRO,ALA
24267,304550,304552,ALA,GLY
24268,304557,304559,GLY,PRO
24269,304571,304573,PRO,HYP
24270,304586,304588,HYP,GLY
24271,304593,304595,GLY,LYS
24272,304615,304617,LYS,ALA
24273,304625,304627,ALA,GLY
24274,304632,304634,GLY,GLU
24275,304647,304649,GLU,ASP
24276,304659,304661,ASP,GLY
24277,304666,304668,GLY,HIS
24278,304683,304685,HIS,HYP
24279,304698,304700,HYP,GLY
24280,304705,304707,GLY,LYS
24281,304727,304729,LYS,PRO
24282,304741,304743,PRO,GLY
24283,304748,304750,GLY,ARG
24284,304772,304774,ARG,HYP
24285,304787,304789,HYP,GLY
24286,304794,304796,GLY,GLU
24287,304809,304811,GLU,ARG
24288,304833,304835,ARG,GLY
24289,304840,304842,GLY,VAL
24290,304856,304858,VAL,VAL
24291,304872,304874,VAL,GLY
24292,304879,304881,GLY,PRO
24293,304893,304895,PRO,GLN
24294,304910,304912,GLN,GLY
24295,304917,304919,GLY,ALA
24296,304927,304929,ALA,ARG
24297,304951,304953,ARG,GLY
24298,304958,304960,GLY,DO1
24299,304979,304981,DO1,HYP
24300,304994,304996,HYP,GLY
24301,305001,305003,GLY,THR
24302,305015,305017,THR,HYP
24303,305030,305032,HYP,GLY
24304,305037,305039,GLY,LEU
24305,305056,305058,LEU,HYP
24306,305071,305073,HYP,GLY
24307,305078,305080,GLY,DO2
24308,305099,305101,DO2,LYX
24309,305119,305130,LYX,GLY
24310,305135,305137,GLY,ILE
24311,305154,305156,ILE,ARG
24312,305178,305180,ARG,GLY
24313,305185,305187,GLY,HIS
24314,305202,305204,HIS,ASN
24315,305216,305218,ASN,GLY
24316,305223,305225,GLY,LEU
24317,305242,305244,LEU,ASP
24318,305254,305256,ASP,GLY
24319,305261,305263,GLY,LEU
24320,305280,305282,LEU,LYS
24321,305302,305304,LYS,GLY
24322,305309,305311,GLY,GLN
24323,305326,305328,GLN,HYP
24324,305341,305343,HYP,GLY
24325,305348,305350,GLY,ALA
24326,305358,305360,ALA,GLN
24327,305375,305377,GLN,GLY
24328,305382,305384,GLY,VAL
24329,305398,305400,VAL,LYS
24330,305420,305422,LYS,GLY
24331,305427,305429,GLY,GLU
24332,305442,305444,GLU,HYP
24333,305457,305459,HYP,GLY
24334,305464,305466,GLY,ALA
24335,305474,305476,ALA,HYP
24336,305489,305491,HYP,GLY
24337,305496,305498,GLY,GLU
24338,305511,305513,GLU,ASN
24339,305525,305527,ASN,GLY
24340,305532,305534,GLY,THR
24341,305546,305548,THR,HYP
24342,305561,305563,HYP,GLY
24343,305568,305570,GLY,GLN
24344,305585,305587,GLN,ALA
24345,305595,305597,ALA,GLY
24346,305602,305604,GLY,ALA
24347,305612,305614,ALA,ARG
24348,305636,305638,ARG,GLY
24349,305643,305645,GLY,LEU
24350,305662,305664,LEU,HYP
24351,305677,305679,HYP,GLY
24352,305684,305686,GLY,GLU
24353,305699,305701,GLU,ARG
24354,305723,305725,ARG,GLY
24355,305730,305732,GLY,ARG
24356,305754,305756,ARG,VAL
24357,305770,305772,VAL,GLY
24358,305777,305779,GLY,ALA
24359,305787,305789,ALA,HYP
24360,305802,305804,HYP,GLY
24361,305809,305811,GLY,PRO
24362,305823,305825,PRO,ALA
24363,305833,305835,ALA,GLY
24364,305840,305842,GLY,ALA
24365,305850,305852,ALA,ARG
24366,305874,305876,ARG,GLY
24367,305881,305883,GLY,SER
24368,305892,305894,SER,ASP
24369,305904,305906,ASP,GLY
24370,305911,305913,GLY,SER
24371,305922,305924,SER,VAL
24372,305938,305940,VAL,GLY
24373,305945,305947,GLY,PRO
24374,305959,305961,PRO,VAL
24375,305975,305977,VAL,GLY
24376,305982,305984,GLY,PRO
24377,305996,305998,PRO,ALA
24378,306006,306008,ALA,GLY
24379,306013,306015,GLY,PRO
24380,306027,306029,PRO,ILE
24381,306046,306048,ILE,GLY
24382,306053,306055,GLY,SER
24383,306064,306066,SER,ALA
24384,306074,306076,ALA,GLY
24385,306081,306083,GLY,PRO
24386,306095,306097,PRO,HYP
24387,306135,306137,GLN,MET
24388,306152,306154,MET,SER
24389,306163,306165,SER,DO1
24390,306184,306186,DO1,GLY
24391,306191,306193,GLY,DO2
24392,306212,306214,DO2,ASP
24393,306224,306226,ASP,GLU
24394,306239,306241,GLU,LY3
24395,306251,306253,LY3,SER
24396,306262,306264,SER,ALA
24397,306272,306274,ALA,GLY
24398,306279,306281,GLY,VAL
24399,306295,306297,VAL,SER
24400,306306,306308,SER,VAL
24401,306322,306324,VAL,PRO
24402,306336,306338,PRO,GLY
24403,306343,306345,GLY,PRO
24404,306357,306359,PRO,MET
24405,306374,306376,MET,GLY
24406,306381,306383,GLY,PRO
24407,306395,306397,PRO,SER
24408,306406,306408,SER,GLY
24409,306413,306415,GLY,PRO
24410,306427,306429,PRO,ARG
24411,306451,306453,ARG,GLY
24412,306458,306460,GLY,LEU
24413,306477,306479,LEU,HYP
24414,306492,306494,HYP,GLY
24415,306499,306501,GLY,PRO
24416,306513,306515,PRO,HYP
24417,306528,306530,HYP,GLY
24418,306535,306537,GLY,ALA
24419,306545,306547,ALA,HYP
24420,306560,306562,HYP,GLY
24421,306567,306569,GLY,PRO
24422,306581,306583,PRO,GLN
24423,306598,306600,GLN,GLY
24424,306605,306607,GLY,DO2
24425,306626,306628,DO2,GLN
24426,306643,306645,GLN,GLY
24427,306650,306652,GLY,PRO
24428,306664,306666,PRO,HYP
24429,306679,306681,HYP,GLY
24430,306686,306688,GLY,GLU
24431,306701,306703,GLU,HYP
24432,306716,306718,HYP,GLY
24433,306723,306725,GLY,GLU
24434,306738,306740,GLU,HYP
24435,306753,306755,HYP,GLY
24436,306760,306762,GLY,ALA
24437,306770,306772,ALA,SER
24438,306781,306783,SER,GLY
24439,306788,306790,GLY,PRO
24440,306802,306804,PRO,MET
24441,306819,306821,MET,GLY
24442,306826,306828,GLY,PRO
24443,306840,306842,PRO,ARG
24444,306864,306866,ARG,GLY
24445,306871,306873,GLY,PRO
24446,306885,306887,PRO,PRO
24447,306899,306901,PRO,GLY
24448,306906,306908,GLY,PRO
24449,306920,306922,PRO,HYP
24450,306935,306937,HYP,GLY
24451,306942,306944,GLY,LYS
24452,306964,306966,LYS,ASN
24453,306978,306980,ASN,GLY
24454,306985,306987,GLY,ASP
24455,306997,306999,ASP,ASP
24456,307009,307011,ASP,GLY
24457,307016,307018,GLY,GLU
24458,307031,307033,GLU,ALA
24459,307041,307043,ALA,GLY
24460,307048,307050,GLY,LYS
24461,307070,307072,LYS,PRO
24462,307084,307086,PRO,GLY
24463,307091,307093,GLY,ARG
24464,307115,307117,ARG,HYP
24465,307130,307132,HYP,GLY
24466,307137,307139,GLY,GLU
24467,307152,307154,GLU,ARG
24468,307176,307178,ARG,GLY
24469,307183,307185,GLY,PRO
24470,307197,307199,PRO,HYP
24471,307212,307214,HYP,GLY
24472,307219,307221,GLY,PRO
24473,307233,307235,PRO,GLN
24474,307250,307252,GLN,GLY
24475,307257,307259,GLY,ALA
24476,307267,307269,ALA,ARG
24477,307291,307293,ARG,GLY
24478,307298,307300,GLY,LEU
24479,307317,307319,LEU,HYP
24480,307332,307334,HYP,GLY
24481,307339,307341,GLY,THR
24482,307353,307355,THR,ALA
24483,307363,307365,ALA,GLY
24484,307370,307372,GLY,LEU
24485,307389,307391,LEU,HYP
24486,307404,307406,HYP,GLY
24487,307411,307413,GLY,MET
24488,307428,307430,MET,LYS
24489,307450,307452,LYS,GLY
24490,307457,307459,GLY,HIS
24491,307474,307476,HIS,ARG
24492,307498,307500,ARG,GLY
24493,307505,307507,GLY,DO2
24494,307526,307528,DO2,SER
24495,307537,307539,SER,GLY
24496,307544,307546,GLY,LEU
24497,307563,307565,LEU,ASP
24498,307575,307577,ASP,GLY
24499,307582,307584,GLY,ALA
24500,307592,307594,ALA,LYS
24501,307614,307616,LYS,GLY
24502,307621,307623,GLY,ASP
24503,307633,307635,ASP,THR
24504,307647,307649,THR,GLY
24505,307654,307656,GLY,PRO
24506,307668,307670,PRO,ALA
24507,307678,307680,ALA,GLY
24508,307685,307687,GLY,PRO
24509,307699,307701,PRO,LYS
24510,307721,307723,LYS,GLY
24511,307728,307730,GLY,GLU
24512,307743,307745,GLU,HYP
24513,307758,307760,HYP,GLY
24514,307765,307767,GLY,SER
24515,307776,307778,SER,HYP
24516,307791,307793,HYP,GLY
24517,307798,307800,GLY,GLU
24518,307813,307815,GLU,ASN
24519,307827,307829,ASN,GLY
24520,307834,307836,GLY,ALA
24521,307844,307846,ALA,HYP
24522,307859,307861,HYP,GLY
24523,307866,307868,GLY,GLN
24524,307883,307885,GLN,MET
24525,307900,307902,MET,GLY
24526,307907,307909,GLY,PRO
24527,307921,307923,PRO,ARG
24528,307945,307947,ARG,GLY
24529,307952,307954,GLY,LEU
24530,307971,307973,LEU,HYP
24531,307986,307988,HYP,GLY
24532,307993,307995,GLY,GLU
24533,308008,308010,GLU,ARG
24534,308032,308034,ARG,GLY
24535,308039,308041,GLY,ARG
24536,308063,308065,ARG,HYP
24537,308078,308080,HYP,GLY
24538,308085,308087,GLY,PRO
24539,308099,308101,PRO,PRO
24540,308113,308115,PRO,GLY
24541,308120,308122,GLY,SER
24542,308131,308133,SER,ALA
24543,308141,308143,ALA,GLY
24544,308148,308150,GLY,ALA
24545,308158,308160,ALA,ARG
24546,308182,308184,ARG,GLY
24547,308189,308191,GLY,ASN
24548,308203,308205,ASN,ASP
24549,308215,308217,ASP,GLY
24550,308222,308224,GLY,ALA
24551,308232,308234,ALA,VAL
24552,308248,308250,VAL,GLY
24553,308255,308257,GLY,ALA
24554,308265,308267,ALA,ALA
24555,308275,308277,ALA,GLY
24556,308282,308284,GLY,PRO
24557,308296,308298,PRO,HYP
24558,308311,308313,HYP,GLY
24559,308318,308320,GLY,PRO
24560,308332,308334,PRO,THR
24561,308346,308348,THR,GLY
24562,308353,308355,GLY,PRO
24563,308367,308369,PRO,THR
24564,308381,308383,THR,GLY
24565,308388,308390,GLY,PRO
24566,308402,308404,PRO,HYP
24567,308442,308444,GLN,MET
24568,308459,308461,MET,SER
24569,308470,308472,SER,DO1
24570,308491,308493,DO1,GLY
24571,308498,308500,GLY,DO1
24572,308519,308521,DO1,ASP
24573,308531,308533,ASP,GLU
24574,308546,308548,GLU,LYS
24575,308568,308570,LYS,SER
24576,308579,308581,SER,ALA
24577,308589,308591,ALA,GLY
24578,308596,308598,GLY,VAL
24579,308612,308614,VAL,SER
24580,308623,308625,SER,VAL
24581,308639,308641,VAL,PRO
24582,308653,308655,PRO,GLY
24583,308660,308662,GLY,PRO
24584,308674,308676,PRO,MET
24585,308691,308693,MET,GLY
24586,308698,308700,GLY,PRO
24587,308712,308714,PRO,SER
24588,308723,308725,SER,GLY
24589,308730,308732,GLY,PRO
24590,308744,308746,PRO,ARG
24591,308768,308770,ARG,GLY
24592,308775,308777,GLY,LEU
24593,308794,308796,LEU,HYP
24594,308809,308811,HYP,GLY
24595,308816,308818,GLY,PRO
24596,308830,308832,PRO,HYP
24597,308845,308847,HYP,GLY
24598,308852,308854,GLY,ALA
24599,308862,308864,ALA,HYP
24600,308877,308879,HYP,GLY
24601,308884,308886,GLY,PRO
24602,308898,308900,PRO,GLN
24603,308915,308917,GLN,GLY
24604,308922,308924,GLY,DO2
24605,308943,308945,DO2,GLN
24606,308960,308962,GLN,GLY
24607,308967,308969,GLY,PRO
24608,308981,308983,PRO,HYP
24609,308996,308998,HYP,GLY
24610,309003,309005,GLY,GLU
24611,309018,309020,GLU,HYP
24612,309033,309035,HYP,GLY
24613,309040,309042,GLY,GLU
24614,309055,309057,GLU,HYP
24615,309070,309072,HYP,GLY
24616,309077,309079,GLY,ALA
24617,309087,309089,ALA,SER
24618,309098,309100,SER,GLY
24619,309105,309107,GLY,PRO
24620,309119,309121,PRO,MET
24621,309136,309138,MET,GLY
24622,309143,309145,GLY,PRO
24623,309157,309159,PRO,ARG
24624,309181,309183,ARG,GLY
24625,309188,309190,GLY,PRO
24626,309202,309204,PRO,PRO
24627,309216,309218,PRO,GLY
24628,309223,309225,GLY,PRO
24629,309237,309239,PRO,HYP
24630,309252,309254,HYP,GLY
24631,309259,309261,GLY,LYS
24632,309281,309283,LYS,ASN
24633,309295,309297,ASN,GLY
24634,309302,309304,GLY,ASP
24635,309314,309316,ASP,ASP
24636,309326,309328,ASP,GLY
24637,309333,309335,GLY,GLU
24638,309348,309350,GLU,ALA
24639,309358,309360,ALA,GLY
24640,309365,309367,GLY,LYS
24641,309387,309389,LYS,PRO
24642,309401,309403,PRO,GLY
24643,309408,309410,GLY,ARG
24644,309432,309434,ARG,HYP
24645,309447,309449,HYP,GLY
24646,309454,309456,GLY,GLU
24647,309469,309471,GLU,ARG
24648,309493,309495,ARG,GLY
24649,309500,309502,GLY,PRO
24650,309514,309516,PRO,HYP
24651,309529,309531,HYP,GLY
24652,309536,309538,GLY,PRO
24653,309550,309552,PRO,GLN
24654,309567,309569,GLN,GLY
24655,309574,309576,GLY,ALA
24656,309584,309586,ALA,ARG
24657,309608,309610,ARG,GLY
24658,309615,309617,GLY,LEU
24659,309634,309636,LEU,HYP
24660,309649,309651,HYP,GLY
24661,309656,309658,GLY,THR
24662,309670,309672,THR,ALA
24663,309680,309682,ALA,GLY
24664,309687,309689,GLY,LEU
24665,309706,309708,LEU,HYP
24666,309721,309723,HYP,GLY
24667,309728,309730,GLY,MET
24668,309745,309747,MET,LYS
24669,309767,309769,LYS,GLY
24670,309774,309776,GLY,HIS
24671,309791,309793,HIS,ARG
24672,309815,309817,ARG,GLY
24673,309822,309824,GLY,DO2
24674,309843,309845,DO2,SER
24675,309854,309856,SER,GLY
24676,309861,309863,GLY,LEU
24677,309880,309882,LEU,ASP
24678,309892,309894,ASP,GLY
24679,309899,309901,GLY,ALA
24680,309909,309911,ALA,LYS
24681,309931,309933,LYS,GLY
24682,309938,309940,GLY,ASP
24683,309950,309952,ASP,THR
24684,309964,309966,THR,GLY
24685,309971,309973,GLY,PRO
24686,309985,309987,PRO,ALA
24687,309995,309997,ALA,GLY
24688,310002,310004,GLY,PRO
24689,310016,310018,PRO,LYS
24690,310038,310040,LYS,GLY
24691,310045,310047,GLY,GLU
24692,310060,310062,GLU,HYP
24693,310075,310077,HYP,GLY
24694,310082,310084,GLY,SER
24695,310093,310095,SER,HYP
24696,310108,310110,HYP,GLY
24697,310115,310117,GLY,GLU
24698,310130,310132,GLU,ASN
24699,310144,310146,ASN,GLY
24700,310151,310153,GLY,ALA
24701,310161,310163,ALA,HYP
24702,310176,310178,HYP,GLY
24703,310183,310185,GLY,GLN
24704,310200,310202,GLN,MET
24705,310217,310219,MET,GLY
24706,310224,310226,GLY,PRO
24707,310238,310240,PRO,ARG
24708,310262,310264,ARG,GLY
24709,310269,310271,GLY,LEU
24710,310288,310290,LEU,HYP
24711,310303,310305,HYP,GLY
24712,310310,310312,GLY,GLU
24713,310325,310327,GLU,ARG
24714,310349,310351,ARG,GLY
24715,310356,310358,GLY,ARG
24716,310380,310382,ARG,HYP
24717,310395,310397,HYP,GLY
24718,310402,310404,GLY,PRO
24719,310416,310418,PRO,PRO
24720,310430,310432,PRO,GLY
24721,310437,310439,GLY,SER
24722,310448,310450,SER,ALA
24723,310458,310460,ALA,GLY
24724,310465,310467,GLY,ALA
24725,310475,310477,ALA,ARG
24726,310499,310501,ARG,GLY
24727,310506,310508,GLY,ASN
24728,310520,310522,ASN,ASP
24729,310532,310534,ASP,GLY
24730,310539,310541,GLY,ALA
24731,310549,310551,ALA,VAL
24732,310565,310567,VAL,GLY
24733,310572,310574,GLY,ALA
24734,310582,310584,ALA,ALA
24735,310592,310594,ALA,GLY
24736,310599,310601,GLY,PRO
24737,310613,310615,PRO,HYP
24738,310628,310630,HYP,GLY
24739,310635,310637,GLY,PRO
24740,310649,310651,PRO,THR
24741,310663,310665,THR,GLY
24742,310670,310672,GLY,PRO
24743,310684,310686,PRO,THR
24744,310698,310700,THR,GLY
24745,310705,310707,GLY,PRO
24746,310719,310721,PRO,HYP
24747,310734,310736,HYP,GLY
24748,310741,310743,GLY,DO1
24749,310787,310789,GLN,DO1
24750,310808,310810,DO1,SER
24751,310819,310821,SER,ASP
24752,310831,310833,ASP,LY2
24753,310840,310842,LY2,GLY
24754,310847,310849,GLY,VAL
24755,310863,310865,VAL,SER
24756,310874,310876,SER,ALA
24757,310884,310886,ALA,GLY
24758,310891,310893,GLY,PRO
24759,310905,310907,PRO,GLY
24760,310912,310914,GLY,PRO
24761,310926,310928,PRO,MET
24762,310943,310945,MET,GLY
24763,310950,310952,GLY,LEU
24764,310969,310971,LEU,MET
24765,310986,310988,MET,GLY
24766,310993,310995,GLY,PRO
24767,311007,311009,PRO,ARG
24768,311031,311033,ARG,GLY
24769,311038,311040,GLY,PRO
24770,311052,311054,PRO,HYP
24771,311067,311069,HYP,GLY
24772,311074,311076,GLY,ALA
24773,311084,311086,ALA,VAL
24774,311100,311102,VAL,GLY
24775,311107,311109,GLY,ALA
24776,311117,311119,ALA,HYP
24777,311132,311134,HYP,GLY
24778,311139,311141,GLY,PRO
24779,311153,311155,PRO,GLN
24780,311170,311172,GLN,GLY
24781,311177,311179,GLY,DO1
24782,311198,311200,DO1,GLN
24783,311215,311217,GLN,GLY
24784,311222,311224,GLY,PRO
24785,311236,311238,PRO,ALA
24786,311246,311248,ALA,GLY
24787,311253,311255,GLY,GLU
24788,311268,311270,GLU,HYP
24789,311283,311285,HYP,GLY
24790,311290,311292,GLY,GLU
24791,311305,311307,GLU,HYP
24792,311320,311322,HYP,GLY
24793,311327,311329,GLY,GLN
24794,311344,311346,GLN,THR
24795,311358,311360,THR,GLY
24796,311365,311367,GLY,PRO
24797,311379,311381,PRO,ALA
24798,311389,311391,ALA,GLY
24799,311396,311398,GLY,SER
24800,311407,311409,SER,ARG
24801,311431,311433,ARG,GLY
24802,311438,311440,GLY,PRO
24803,311452,311454,PRO,ALA
24804,311462,311464,ALA,GLY
24805,311469,311471,GLY,PRO
24806,311483,311485,PRO,HYP
24807,311498,311500,HYP,GLY
24808,311505,311507,GLY,LYS
24809,311527,311529,LYS,ALA
24810,311537,311539,ALA,GLY
24811,311544,311546,GLY,GLU
24812,311559,311561,GLU,ASP
24813,311571,311573,ASP,GLY
24814,311578,311580,GLY,HIS
24815,311595,311597,HIS,HYP
24816,311610,311612,HYP,GLY
24817,311617,311619,GLY,LYS
24818,311639,311641,LYS,PRO
24819,311653,311655,PRO,GLY
24820,311660,311662,GLY,ARG
24821,311684,311686,ARG,HYP
24822,311699,311701,HYP,GLY
24823,311706,311708,GLY,GLU
24824,311721,311723,GLU,ARG
24825,311745,311747,ARG,GLY
24826,311752,311754,GLY,VAL
24827,311768,311770,VAL,VAL
24828,311784,311786,VAL,GLY
24829,311791,311793,GLY,PRO
24830,311805,311807,PRO,GLN
24831,311822,311824,GLN,GLY
24832,311829,311831,GLY,ALA
24833,311839,311841,ALA,ARG
24834,311863,311865,ARG,GLY
24835,311870,311872,GLY,DO1
24836,311891,311893,DO1,HYP
24837,311906,311908,HYP,GLY
24838,311913,311915,GLY,THR
24839,311927,311929,THR,HYP
24840,311942,311944,HYP,GLY
24841,311949,311951,GLY,LEU
24842,311968,311970,LEU,HYP
24843,311983,311985,HYP,GLY
24844,311990,311992,GLY,DO2
24845,312011,312013,DO2,LYX
24846,312031,312042,LYX,GLY
24847,312047,312049,GLY,ILE
24848,312066,312068,ILE,ARG
24849,312090,312092,ARG,GLY
24850,312097,312099,GLY,HIS
24851,312114,312116,HIS,ASN
24852,312128,312130,ASN,GLY
24853,312135,312137,GLY,LEU
24854,312154,312156,LEU,ASP
24855,312166,312168,ASP,GLY
24856,312173,312175,GLY,LEU
24857,312192,312194,LEU,LYS
24858,312214,312216,LYS,GLY
24859,312221,312223,GLY,GLN
24860,312238,312240,GLN,HYP
24861,312253,312255,HYP,GLY
24862,312260,312262,GLY,ALA
24863,312270,312272,ALA,GLN
24864,312287,312289,GLN,GLY
24865,312294,312296,GLY,VAL
24866,312310,312312,VAL,LYS
24867,312332,312334,LYS,GLY
24868,312339,312341,GLY,GLU
24869,312354,312356,GLU,HYP
24870,312369,312371,HYP,GLY
24871,312376,312378,GLY,ALA
24872,312386,312388,ALA,HYP
24873,312401,312403,HYP,GLY
24874,312408,312410,GLY,GLU
24875,312423,312425,GLU,ASN
24876,312437,312439,ASN,GLY
24877,312444,312446,GLY,THR
24878,312458,312460,THR,HYP
24879,312473,312475,HYP,GLY
24880,312480,312482,GLY,GLN
24881,312497,312499,GLN,ALA
24882,312507,312509,ALA,GLY
24883,312514,312516,GLY,ALA
24884,312524,312526,ALA,ARG
24885,312548,312550,ARG,GLY
24886,312555,312557,GLY,LEU
24887,312574,312576,LEU,HYP
24888,312589,312591,HYP,GLY
24889,312596,312598,GLY,GLU
24890,312611,312613,GLU,ARG
24891,312635,312637,ARG,GLY
24892,312642,312644,GLY,ARG
24893,312666,312668,ARG,VAL
24894,312682,312684,VAL,GLY
24895,312689,312691,GLY,ALA
24896,312699,312701,ALA,HYP
24897,312714,312716,HYP,GLY
24898,312721,312723,GLY,PRO
24899,312735,312737,PRO,ALA
24900,312745,312747,ALA,GLY
24901,312752,312754,GLY,ALA
24902,312762,312764,ALA,ARG
24903,312786,312788,ARG,GLY
24904,312793,312795,GLY,SER
24905,312804,312806,SER,ASP
24906,312816,312818,ASP,GLY
24907,312823,312825,GLY,SER
24908,312834,312836,SER,VAL
24909,312850,312852,VAL,GLY
24910,312857,312859,GLY,PRO
24911,312871,312873,PRO,VAL
24912,312887,312889,VAL,GLY
24913,312894,312896,GLY,PRO
24914,312908,312910,PRO,ALA
24915,312918,312920,ALA,GLY
24916,312925,312927,GLY,PRO
24917,312939,312941,PRO,ILE
24918,312958,312960,ILE,GLY
24919,312965,312967,GLY,SER
24920,312976,312978,SER,ALA
24921,312986,312988,ALA,GLY
24922,312993,312995,GLY,PRO
24923,313007,313009,PRO,HYP
24924,313047,313049,GLN,MET
24925,313064,313066,MET,SER
24926,313075,313077,SER,DO1
24927,313096,313098,DO1,GLY
24928,313103,313105,GLY,DO1
24929,313124,313126,DO1,ASP
24930,313136,313138,ASP,GLU
24931,313151,313153,GLU,LY3
24932,313163,313165,LY3,SER
24933,313174,313176,SER,ALA
24934,313184,313186,ALA,GLY
24935,313191,313193,GLY,VAL
24936,313207,313209,VAL,SER
24937,313218,313220,SER,VAL
24938,313234,313236,VAL,PRO
24939,313248,313250,PRO,GLY
24940,313255,313257,GLY,PRO
24941,313269,313271,PRO,MET
24942,313286,313288,MET,GLY
24943,313293,313295,GLY,PRO
24944,313307,313309,PRO,SER
24945,313318,313320,SER,GLY
24946,313325,313327,GLY,PRO
24947,313339,313341,PRO,ARG
24948,313363,313365,ARG,GLY
24949,313370,313372,GLY,LEU
24950,313389,313391,LEU,HYP
24951,313404,313406,HYP,GLY
24952,313411,313413,GLY,PRO
24953,313425,313427,PRO,HYP
24954,313440,313442,HYP,GLY
24955,313447,313449,GLY,ALA
24956,313457,313459,ALA,HYP
24957,313472,313474,HYP,GLY
24958,313479,313481,GLY,PRO
24959,313493,313495,PRO,GLN
24960,313510,313512,GLN,GLY
24961,313517,313519,GLY,DO2
24962,313538,313540,DO2,GLN
24963,313555,313557,GLN,GLY
24964,313562,313564,GLY,PRO
24965,313576,313578,PRO,HYP
24966,313591,313593,HYP,GLY
24967,313598,313600,GLY,GLU
24968,313613,313615,GLU,HYP
24969,313628,313630,HYP,GLY
24970,313635,313637,GLY,GLU
24971,313650,313652,GLU,HYP
24972,313665,313667,HYP,GLY
24973,313672,313674,GLY,ALA
24974,313682,313684,ALA,SER
24975,313693,313695,SER,GLY
24976,313700,313702,GLY,PRO
24977,313714,313716,PRO,MET
24978,313731,313733,MET,GLY
24979,313738,313740,GLY,PRO
24980,313752,313754,PRO,ARG
24981,313776,313778,ARG,GLY
24982,313783,313785,GLY,PRO
24983,313797,313799,PRO,PRO
24984,313811,313813,PRO,GLY
24985,313818,313820,GLY,PRO
24986,313832,313834,PRO,HYP
24987,313847,313849,HYP,GLY
24988,313854,313856,GLY,LYS
24989,313876,313878,LYS,ASN
24990,313890,313892,ASN,GLY
24991,313897,313899,GLY,ASP
24992,313909,313911,ASP,ASP
24993,313921,313923,ASP,GLY
24994,313928,313930,GLY,GLU
24995,313943,313945,GLU,ALA
24996,313953,313955,ALA,GLY
24997,313960,313962,GLY,LYS
24998,313982,313984,LYS,PRO
24999,313996,313998,PRO,GLY
25000,314003,314005,GLY,ARG
25001,314027,314029,ARG,HYP
25002,314042,314044,HYP,GLY
25003,314049,314051,GLY,GLU
25004,314064,314066,GLU,ARG
25005,314088,314090,ARG,GLY
25006,314095,314097,GLY,PRO
25007,314109,314111,PRO,HYP
25008,314124,314126,HYP,GLY
25009,314131,314133,GLY,PRO
25010,314145,314147,PRO,GLN
25011,314162,314164,GLN,GLY
25012,314169,314171,GLY,ALA
25013,314179,314181,ALA,ARG
25014,314203,314205,ARG,GLY
25015,314210,314212,GLY,LEU
25016,314229,314231,LEU,HYP
25017,314244,314246,HYP,GLY
25018,314251,314253,GLY,THR
25019,314265,314267,THR,ALA
25020,314275,314277,ALA,GLY
25021,314282,314284,GLY,LEU
25022,314301,314303,LEU,HYP
25023,314316,314318,HYP,GLY
25024,314323,314325,GLY,MET
25025,314340,314342,MET,LYS
25026,314362,314364,LYS,GLY
25027,314369,314371,GLY,HIS
25028,314386,314388,HIS,ARG
25029,314410,314412,ARG,GLY
25030,314417,314419,GLY,DO2
25031,314438,314440,DO2,SER
25032,314449,314451,SER,GLY
25033,314456,314458,GLY,LEU
25034,314475,314477,LEU,ASP
25035,314487,314489,ASP,GLY
25036,314494,314496,GLY,ALA
25037,314504,314506,ALA,LYS
25038,314526,314528,LYS,GLY
25039,314533,314535,GLY,ASP
25040,314545,314547,ASP,THR
25041,314559,314561,THR,GLY
25042,314566,314568,GLY,PRO
25043,314580,314582,PRO,ALA
25044,314590,314592,ALA,GLY
25045,314597,314599,GLY,PRO
25046,314611,314613,PRO,LYS
25047,314633,314635,LYS,GLY
25048,314640,314642,GLY,GLU
25049,314655,314657,GLU,HYP
25050,314670,314672,HYP,GLY
25051,314677,314679,GLY,SER
25052,314688,314690,SER,HYP
25053,314703,314705,HYP,GLY
25054,314710,314712,GLY,GLU
25055,314725,314727,GLU,ASN
25056,314739,314741,ASN,GLY
25057,314746,314748,GLY,ALA
25058,314756,314758,ALA,HYP
25059,314771,314773,HYP,GLY
25060,314778,314780,GLY,GLN
25061,314795,314797,GLN,MET
25062,314812,314814,MET,GLY
25063,314819,314821,GLY,PRO
25064,314833,314835,PRO,ARG
25065,314857,314859,ARG,GLY
25066,314864,314866,GLY,LEU
25067,314883,314885,LEU,HYP
25068,314898,314900,HYP,GLY
25069,314905,314907,GLY,GLU
25070,314920,314922,GLU,ARG
25071,314944,314946,ARG,GLY
25072,314951,314953,GLY,ARG
25073,314975,314977,ARG,HYP
25074,314990,314992,HYP,GLY
25075,314997,314999,GLY,PRO
25076,315011,315013,PRO,PRO
25077,315025,315027,PRO,GLY
25078,315032,315034,GLY,SER
25079,315043,315045,SER,ALA
25080,315053,315055,ALA,GLY
25081,315060,315062,GLY,ALA
25082,315070,315072,ALA,ARG
25083,315094,315096,ARG,GLY
25084,315101,315103,GLY,ASN
25085,315115,315117,ASN,ASP
25086,315127,315129,ASP,GLY
25087,315134,315136,GLY,ALA
25088,315144,315146,ALA,VAL
25089,315160,315162,VAL,GLY
25090,315167,315169,GLY,ALA
25091,315177,315179,ALA,ALA
25092,315187,315189,ALA,GLY
25093,315194,315196,GLY,PRO
25094,315208,315210,PRO,HYP
25095,315223,315225,HYP,GLY
25096,315230,315232,GLY,PRO
25097,315244,315246,PRO,THR
25098,315258,315260,THR,GLY
25099,315265,315267,GLY,PRO
25100,315279,315281,PRO,THR
25101,315293,315295,THR,GLY
25102,315300,315302,GLY,PRO
25103,315314,315316,PRO,HYP
25104,315362,315364,DO2,HYP
25105,315377,315379,HYP,GLY
25106,315384,315386,GLY,ALA
25107,315394,315396,ALA,ALA
25108,315404,315406,ALA,GLY
25109,315411,315413,GLY,ALA
25110,315421,315423,ALA,LYS
25111,315443,315445,LYS,GLY
25112,315450,315452,GLY,GLU
25113,315465,315467,GLU,ALA
25114,315475,315477,ALA,GLY
25115,315482,315484,GLY,PRO
25116,315496,315498,PRO,GLN
25117,315513,315515,GLN,GLY
25118,315520,315522,GLY,ALA
25119,315530,315532,ALA,ARG
25120,315554,315556,ARG,GLY
25121,315561,315563,GLY,SER
25122,315572,315574,SER,GLU
25123,315587,315589,GLU,GLY
25124,315594,315596,GLY,PRO
25125,315608,315610,PRO,GLN
25126,315625,315627,GLN,GLY
25127,315632,315634,GLY,VAL
25128,315648,315650,VAL,ARG
25129,315672,315674,ARG,GLY
25130,315679,315681,GLY,GLU
25131,315694,315696,GLU,HYP
25132,315709,315711,HYP,GLY
25133,315716,315718,GLY,PRO
25134,315730,315732,PRO,HYP
25135,315745,315747,HYP,GLY
25136,315752,315754,GLY,PRO
25137,315766,315768,PRO,ALA
25138,315776,315778,ALA,GLY
25139,315783,315785,GLY,ALA
25140,315793,315795,ALA,ALA
25141,315803,315805,ALA,GLY
25142,315810,315812,GLY,PRO
25143,315824,315826,PRO,ALA
25144,315834,315836,ALA,GLY
25145,315841,315843,GLY,ASN
25146,315855,315857,ASN,HYP
25147,315870,315872,HYP,GLY
25148,315877,315879,GLY,ALA
25149,315887,315889,ALA,ASP
25150,315899,315901,ASP,GLY
25151,315906,315908,GLY,GLN
25152,315923,315925,GLN,HYP
25153,315938,315940,HYP,GLY
25154,315945,315947,GLY,ALA
25155,315955,315957,ALA,LYS
25156,315977,315979,LYS,GLY
25157,315984,315986,GLY,ALA
25158,315994,315996,ALA,ASN
25159,316008,316010,ASN,GLY
25160,316015,316017,GLY,ALA
25161,316025,316027,ALA,HYP
25162,316040,316042,HYP,GLY
25163,316047,316049,GLY,ILE
25164,316066,316068,ILE,ALA
25165,316076,316078,ALA,GLY
25166,316083,316085,GLY,ALA
25167,316093,316095,ALA,HYP
25168,316108,316110,HYP,GLY
25169,316115,316117,GLY,DO1
25170,316136,316138,DO1,HYP
25171,316151,316153,HYP,GLY
25172,316158,316160,GLY,ALA
25173,316168,316170,ALA,ARG
25174,316192,316194,ARG,GLY
25175,316199,316201,GLY,PRO
25176,316213,316215,PRO,SER
25177,316224,316226,SER,GLY
25178,316231,316233,GLY,PRO
25179,316245,316247,PRO,GLN
25180,316262,316264,GLN,GLY
25181,316269,316271,GLY,PRO
25182,316283,316285,PRO,SER
25183,316294,316296,SER,GLY
25184,316301,316303,GLY,ALA
25185,316311,316313,ALA,HYP
25186,316326,316328,HYP,GLY
25187,316333,316335,GLY,PRO
25188,316347,316349,PRO,LYS
25189,316369,316371,LYS,GLY
25190,316376,316378,GLY,ASN
25191,316390,316392,ASN,SER
25192,316401,316403,SER,GLY
25193,316408,316410,GLY,GLU
25194,316423,316425,GLU,HYP
25195,316438,316440,HYP,GLY
25196,316445,316447,GLY,ALA
25197,316455,316457,ALA,HYP
25198,316470,316472,HYP,GLY
25199,316477,316479,GLY,ASN
25200,316491,316493,ASN,LYS
25201,316513,316515,LYS,GLY
25202,316520,316522,GLY,ASP
25203,316532,316534,ASP,THR
25204,316546,316548,THR,GLY
25205,316553,316555,GLY,ALA
25206,316563,316565,ALA,LYS
25207,316585,316587,LYS,GLY
25208,316592,316594,GLY,GLU
25209,316607,316609,GLU,HYP
25210,316622,316624,HYP,GLY
25211,316629,316631,GLY,PRO
25212,316643,316645,PRO,ALA
25213,316653,316655,ALA,GLY
25214,316660,316662,GLY,VAL
25215,316676,316678,VAL,GLN
25216,316693,316695,GLN,GLY
25217,316700,316702,GLY,PRO
25218,316714,316716,PRO,HYP
25219,316729,316731,HYP,GLY
25220,316736,316738,GLY,PRO
25221,316750,316752,PRO,ALA
25222,316760,316762,ALA,GLY
25223,316767,316769,GLY,GLU
25224,316782,316784,GLU,GLU
25225,316797,316799,GLU,GLY
25226,316804,316806,GLY,LYS
25227,316826,316828,LYS,ARG
25228,316850,316852,ARG,GLY
25229,316857,316859,GLY,ALA
25230,316867,316869,ALA,ARG
25231,316891,316893,ARG,GLY
25232,316898,316900,GLY,GLU
25233,316913,316915,GLU,HYP
25234,316928,316930,HYP,GLY
25235,316935,316937,GLY,PRO
25236,316949,316951,PRO,SER
25237,316960,316962,SER,GLY
25238,316967,316969,GLY,LEU
25239,316986,316988,LEU,HYP
25240,317001,317003,HYP,GLY
25241,317008,317010,GLY,PRO
25242,317022,317024,PRO,PRO
25243,317036,317038,PRO,GLY
25244,317043,317045,GLY,GLU
25245,317058,317060,GLU,ARG
25246,317082,317084,ARG,GLY
25247,317089,317091,GLY,GLY
25248,317096,317098,GLY,HYP
25249,317111,317113,HYP,GLY
25250,317118,317120,GLY,SER
25251,317129,317131,SER,ARG
25252,317153,317155,ARG,GLY
25253,317160,317162,GLY,DO1
25254,317181,317183,DO1,HYP
25255,317196,317198,HYP,GLY
25256,317203,317205,GLY,ALA
25257,317213,317215,ALA,ASP
25258,317225,317227,ASP,GLY
25259,317232,317234,GLY,VAL
25260,317248,317250,VAL,ALA
25261,317258,317260,ALA,GLY
25262,317265,317267,GLY,PRO
25263,317279,317281,PRO,LYS
25264,317301,317303,LYS,GLY
25265,317308,317310,GLY,PRO
25266,317322,317324,PRO,ALA
25267,317332,317334,ALA,GLY
25268,317339,317341,GLY,GLU
25269,317354,317356,GLU,ARG
25270,317378,317380,ARG,GLY
25271,317385,317387,GLY,SER
25272,317396,317398,SER,HYP
25273,317411,317413,HYP,GLY
25274,317418,317420,GLY,PRO
25275,317432,317434,PRO,ALA
25276,317442,317444,ALA,GLY
25277,317449,317451,GLY,PRO
25278,317463,317465,PRO,LYS
25279,317485,317487,LYS,GLY
25280,317492,317494,GLY,SER
25281,317503,317505,SER,HYP
25282,317518,317520,HYP,GLY
25283,317525,317527,GLY,GLU
25284,317540,317542,GLU,ALA
25285,317550,317552,ALA,GLY
25286,317557,317559,GLY,ARG
25287,317581,317583,ARG,HYP
25288,317596,317598,HYP,GLY
25289,317603,317605,GLY,GLU
25290,317618,317620,GLU,ALA
25291,317628,317630,ALA,GLY
25292,317635,317637,GLY,LEU
25293,317654,317656,LEU,HYP
25294,317669,317671,HYP,GLY
25295,317676,317678,GLY,ALA
25296,317686,317688,ALA,LYS
25297,317708,317710,LYS,GLY
25298,317715,317717,GLY,LEU
25299,317734,317736,LEU,THR
25300,317748,317750,THR,GLY
25301,317755,317757,GLY,SER
25302,317766,317768,SER,HYP
25303,317781,317783,HYP,GLY
25304,317788,317790,GLY,SER
25305,317799,317801,SER,HYP
25306,317814,317816,HYP,GLY
25307,317821,317823,GLY,PRO
25308,317835,317837,PRO,ASP
25309,317847,317849,ASP,GLY
25310,317854,317856,GLY,LYS
25311,317876,317878,LYS,THR
25312,317890,317892,THR,GLY
25313,317897,317899,GLY,PRO
25314,317911,317913,PRO,HYP
25315,317926,317928,HYP,GLY
25316,317933,317935,GLY,PRO
25317,317947,317949,PRO,ALA
25318,317957,317959,ALA,GLY
25319,317964,317966,GLY,GLN
25320,317981,317983,GLN,ASP
25321,317993,317995,ASP,GLY
25322,318000,318002,GLY,ARG
25323,318024,318026,ARG,HYP
25324,318039,318041,HYP,GLY
25325,318046,318048,GLY,PRO
25326,318060,318062,PRO,ALA
25327,318070,318072,ALA,GLY
25328,318077,318079,GLY,PRO
25329,318091,318093,PRO,HYP
25330,318106,318108,HYP,GLY
25331,318113,318115,GLY,ALA
25332,318123,318125,ALA,ARG
25333,318147,318149,ARG,GLY
25334,318154,318156,GLY,GLN
25335,318190,318192,GLY,DO1
25336,318211,318213,DO1,HYP
25337,318226,318228,HYP,GLY
25338,318233,318235,GLY,ALA
25339,318243,318245,ALA,HYP
25340,318258,318260,HYP,GLY
25341,318265,318267,GLY,PRO
25342,318279,318281,PRO,LYS
25343,318301,318303,LYS,GLY
25344,318308,318310,GLY,GLU
25345,318323,318325,GLU,LEU
25346,318342,318344,LEU,GLY
25347,318349,318351,GLY,PRO
25348,318363,318365,PRO,VAL
25349,318379,318381,VAL,GLY
25350,318386,318388,GLY,ASN
25351,318400,318402,ASN,HYP
25352,318415,318417,HYP,GLY
25353,318422,318424,GLY,PRO
25354,318436,318438,PRO,ALA
25355,318446,318448,ALA,GLY
25356,318453,318455,GLY,PRO
25357,318467,318469,PRO,ALA
25358,318477,318479,ALA,GLY
25359,318484,318486,GLY,PRO
25360,318498,318500,PRO,ARG
25361,318522,318524,ARG,GLY
25362,318529,318531,GLY,GLU
25363,318544,318546,GLU,ALA
25364,318554,318556,ALA,GLY
25365,318561,318563,GLY,LEU
25366,318580,318582,LEU,HYP
25367,318595,318597,HYP,GLY
25368,318602,318604,GLY,LEU
25369,318621,318623,LEU,SER
25370,318632,318634,SER,GLY
25371,318639,318641,GLY,PRO
25372,318653,318655,PRO,VAL
25373,318669,318671,VAL,GLY
25374,318676,318678,GLY,PRO
25375,318690,318692,PRO,HYP
25376,318705,318707,HYP,GLY
25377,318712,318714,GLY,ASN
25378,318726,318728,ASN,PRO
25379,318740,318742,PRO,GLY
25380,318747,318749,GLY,ALA
25381,318757,318759,ALA,ASN
25382,318771,318773,ASN,GLY
25383,318778,318780,GLY,LEU
25384,318797,318799,LEU,THR
25385,318811,318813,THR,GLY
25386,318818,318820,GLY,ALA
25387,318828,318830,ALA,LYS
25388,318850,318852,LYS,GLY
25389,318857,318859,GLY,ALA
25390,318867,318869,ALA,THR
25391,318881,318883,THR,GLY
25392,318888,318890,GLY,LEU
25393,318907,318909,LEU,HYP
25394,318922,318924,HYP,GLY
25395,318929,318931,GLY,VAL
25396,318945,318947,VAL,ALA
25397,318955,318957,ALA,GLY
25398,318962,318964,GLY,ALA
25399,318972,318974,ALA,HYP
25400,318987,318989,HYP,GLY
25401,318994,318996,GLY,LEU
25402,319013,319015,LEU,HYP
25403,319028,319030,HYP,GLY
25404,319035,319037,GLY,PRO
25405,319049,319051,PRO,ARG
25406,319073,319075,ARG,GLY
25407,319080,319082,GLY,ILE
25408,319099,319101,ILE,HYP
25409,319114,319116,HYP,GLY
25410,319121,319123,GLY,PRO
25411,319135,319137,PRO,VAL
25412,319151,319153,VAL,GLY
25413,319158,319160,GLY,ALA
25414,319168,319170,ALA,ALA
25415,319178,319180,ALA,GLY
25416,319185,319187,GLY,ALA
25417,319195,319197,ALA,THR
25418,319209,319211,THR,GLY
25419,319216,319218,GLY,PRO
25420,319230,319232,PRO,ARG
25421,319254,319256,ARG,GLY
25422,319261,319263,GLY,LEU
25423,319280,319282,LEU,VAL
25424,319296,319298,VAL,GLY
25425,319303,319305,GLY,GLU
25426,319318,319320,GLU,HYP
25427,319333,319335,HYP,GLY
25428,319340,319342,GLY,PRO
25429,319354,319356,PRO,ALA
25430,319364,319366,ALA,GLY
25431,319371,319373,GLY,SER
25432,319382,319384,SER,LYS
25433,319404,319406,LYS,GLY
25434,319411,319413,GLY,GLU
25435,319426,319428,GLU,THR
25436,319440,319442,THR,GLY
25437,319447,319449,GLY,ASN
25438,319461,319463,ASN,LYS
25439,319483,319485,LYS,GLY
25440,319490,319492,GLY,GLU
25441,319505,319507,GLU,HYP
25442,319520,319522,HYP,GLY
25443,319527,319529,GLY,SER
25444,319538,319540,SER,ALA
25445,319548,319550,ALA,GLY
25446,319555,319557,GLY,ALA
25447,319565,319567,ALA,GLN
25448,319582,319584,GLN,GLY
25449,319589,319591,GLY,PRO
25450,319603,319605,PRO,HYP
25451,319618,319620,HYP,GLY
25452,319625,319627,GLY,PRO
25453,319639,319641,PRO,SER
25454,319650,319652,SER,GLY
25455,319657,319659,GLY,GLU
25456,319672,319674,GLU,GLU
25457,319687,319689,GLU,GLY
25458,319694,319696,GLY,LYS
25459,319716,319718,LYS,ARG
25460,319740,319742,ARG,GLY
25461,319747,319749,GLY,SER
25462,319758,319760,SER,PRO
25463,319772,319774,PRO,GLY
25464,319779,319781,GLY,GLU
25465,319794,319796,GLU,PRO
25466,319808,319810,PRO,GLY
25467,319815,319817,GLY,SER
25468,319826,319828,SER,ALA
25469,319836,319838,ALA,GLY
25470,319843,319845,GLY,PRO
25471,319857,319859,PRO,ALA
25472,319867,319869,ALA,GLY
25473,319874,319876,GLY,PRO
25474,319888,319890,PRO,HYP
25475,319903,319905,HYP,GLY
25476,319910,319912,GLY,LEU
25477,319929,319931,LEU,ARG
25478,319953,319955,ARG,GLY
25479,319960,319962,GLY,SER
25480,319971,319973,SER,HYP
25481,319986,319988,HYP,GLY
25482,319993,319995,GLY,SER
25483,320004,320006,SER,ARG
25484,320028,320030,ARG,GLY
25485,320035,320037,GLY,LEU
25486,320054,320056,LEU,HYP
25487,320069,320071,HYP,GLY
25488,320076,320078,GLY,ALA
25489,320086,320088,ALA,ASP
25490,320098,320100,ASP,GLY
25491,320105,320107,GLY,ARG
25492,320129,320131,ARG,ALA
25493,320139,320141,ALA,GLY
25494,320146,320148,GLY,VAL
25495,320162,320164,VAL,MET
25496,320179,320181,MET,GLY
25497,320186,320188,GLY,PRO
25498,320200,320202,PRO,PRO
25499,320214,320216,PRO,GLY
25500,320221,320223,GLY,ASN
25501,320235,320237,ASN,ARG
25502,320259,320261,ARG,GLY
25503,320266,320268,GLY,SER
25504,320277,320279,SER,THR
25505,320291,320293,THR,GLY
25506,320298,320300,GLY,PRO
25507,320312,320314,PRO,ALA
25508,320322,320324,ALA,GLY
25509,320329,320331,GLY,VAL
25510,320345,320347,VAL,ARG
25511,320369,320371,ARG,GLY
25512,320376,320378,GLY,PRO
25513,320390,320392,PRO,ASN
25514,320404,320406,ASN,GLY
25515,320411,320413,GLY,ASP
25516,320423,320425,ASP,ALA
25517,320433,320435,ALA,GLY
25518,320440,320442,GLY,ARG
25519,320464,320466,ARG,HYP
25520,320479,320481,HYP,GLY
25521,320486,320488,GLY,GLU
25522,320501,320503,GLU,HYP
25523,320516,320518,HYP,GLY
25524,320523,320525,GLY,LEU
25525,320542,320544,LEU,MET
25526,320559,320561,MET,GLY
25527,320566,320568,GLY,PRO
25528,320580,320582,PRO,ARG
25529,320604,320606,ARG,GLY
25530,320611,320613,GLY,LEU
25531,320630,320632,LEU,HYP
25532,320645,320647,HYP,GLY
25533,320652,320654,GLY,SER
25534,320663,320665,SER,HYP
25535,320678,320680,HYP,GLY
25536,320685,320687,GLY,ASN
25537,320699,320701,ASN,VAL
25538,320715,320717,VAL,GLY
25539,320722,320724,GLY,PRO
25540,320736,320738,PRO,ALA
25541,320746,320748,ALA,GLY
25542,320753,320755,GLY,LYS
25543,320775,320777,LYS,GLU
25544,320790,320792,GLU,GLY
25545,320797,320799,GLY,PRO
25546,320811,320813,PRO,VAL
25547,320827,320829,VAL,GLY
25548,320834,320836,GLY,LEU
25549,320853,320855,LEU,HYP
25550,320868,320870,HYP,GLY
25551,320875,320877,GLY,ILE
25552,320894,320896,ILE,ASP
25553,320906,320908,ASP,GLY
25554,320913,320915,GLY,ARG
25555,320937,320939,ARG,HYP
25556,320952,320954,HYP,GLY
25557,320959,320961,GLY,PRO
25558,320973,320975,PRO,ILE
25559,320992,320994,ILE,GLY
25560,320999,321001,GLY,PRO
25561,321013,321015,PRO,ALA
25562,321023,321025,ALA,GLY
25563,321030,321032,GLY,PRO
25564,321044,321046,PRO,ARG
25565,321068,321070,ARG,GLY
25566,321094,321096,GLY,DO1
25567,321115,321117,DO1,HYP
25568,321130,321132,HYP,GLY
25569,321137,321139,GLY,ALA
25570,321147,321149,ALA,ALA
25571,321157,321159,ALA,GLY
25572,321164,321166,GLY,ALA
25573,321174,321176,ALA,LYS
25574,321196,321198,LYS,GLY
25575,321203,321205,GLY,GLU
25576,321218,321220,GLU,ALA
25577,321228,321230,ALA,GLY
25578,321235,321237,GLY,PRO
25579,321249,321251,PRO,GLN
25580,321266,321268,GLN,GLY
25581,321273,321275,GLY,ALA
25582,321283,321285,ALA,ARG
25583,321307,321309,ARG,GLY
25584,321314,321316,GLY,SER
25585,321325,321327,SER,GLU
25586,321340,321342,GLU,GLY
25587,321347,321349,GLY,PRO
25588,321361,321363,PRO,GLN
25589,321378,321380,GLN,GLY
25590,321385,321387,GLY,VAL
25591,321401,321403,VAL,ARG
25592,321425,321427,ARG,GLY
25593,321432,321434,GLY,GLU
25594,321447,321449,GLU,HYP
25595,321462,321464,HYP,GLY
25596,321469,321471,GLY,PRO
25597,321483,321485,PRO,HYP
25598,321498,321500,HYP,GLY
25599,321505,321507,GLY,PRO
25600,321519,321521,PRO,ALA
25601,321529,321531,ALA,GLY
25602,321536,321538,GLY,ALA
25603,321546,321548,ALA,ALA
25604,321556,321558,ALA,GLY
25605,321563,321565,GLY,PRO
25606,321577,321579,PRO,ALA
25607,321587,321589,ALA,GLY
25608,321594,321596,GLY,ASN
25609,321608,321610,ASN,HYP
25610,321623,321625,HYP,GLY
25611,321630,321632,GLY,ALA
25612,321640,321642,ALA,ASP
25613,321652,321654,ASP,GLY
25614,321659,321661,GLY,GLN
25615,321676,321678,GLN,HYP
25616,321691,321693,HYP,GLY
25617,321698,321700,GLY,ALA
25618,321708,321710,ALA,LYS
25619,321730,321732,LYS,GLY
25620,321737,321739,GLY,ALA
25621,321747,321749,ALA,ASN
25622,321761,321763,ASN,GLY
25623,321768,321770,GLY,ALA
25624,321778,321780,ALA,HYP
25625,321793,321795,HYP,GLY
25626,321800,321802,GLY,ILE
25627,321819,321821,ILE,ALA
25628,321829,321831,ALA,GLY
25629,321836,321838,GLY,ALA
25630,321846,321848,ALA,HYP
25631,321861,321863,HYP,GLY
25632,321868,321870,GLY,DO2
25633,321889,321891,DO2,HYP
25634,321904,321906,HYP,GLY
25635,321911,321913,GLY,ALA
25636,321921,321923,ALA,ARG
25637,321945,321947,ARG,GLY
25638,321952,321954,GLY,PRO
25639,321966,321968,PRO,SER
25640,321977,321979,SER,GLY
25641,321984,321986,GLY,PRO
25642,321998,322000,PRO,GLN
25643,322015,322017,GLN,GLY
25644,322022,322024,GLY,PRO
25645,322036,322038,PRO,SER
25646,322047,322049,SER,GLY
25647,322054,322056,GLY,ALA
25648,322064,322066,ALA,HYP
25649,322079,322081,HYP,GLY
25650,322086,322088,GLY,PRO
25651,322100,322102,PRO,LYS
25652,322122,322124,LYS,GLY
25653,322129,322131,GLY,ASN
25654,322143,322145,ASN,SER
25655,322154,322156,SER,GLY
25656,322161,322163,GLY,GLU
25657,322176,322178,GLU,HYP
25658,322191,322193,HYP,GLY
25659,322198,322200,GLY,ALA
25660,322208,322210,ALA,HYP
25661,322223,322225,HYP,GLY
25662,322230,322232,GLY,ASN
25663,322244,322246,ASN,LYS
25664,322266,322268,LYS,GLY
25665,322273,322275,GLY,ASP
25666,322285,322287,ASP,THR
25667,322299,322301,THR,GLY
25668,322306,322308,GLY,ALA
25669,322316,322318,ALA,LYS
25670,322338,322340,LYS,GLY
25671,322345,322347,GLY,GLU
25672,322360,322362,GLU,HYP
25673,322375,322377,HYP,GLY
25674,322382,322384,GLY,PRO
25675,322396,322398,PRO,ALA
25676,322406,322408,ALA,GLY
25677,322413,322415,GLY,VAL
25678,322429,322431,VAL,GLN
25679,322446,322448,GLN,GLY
25680,322453,322455,GLY,PRO
25681,322467,322469,PRO,HYP
25682,322482,322484,HYP,GLY
25683,322489,322491,GLY,PRO
25684,322503,322505,PRO,ALA
25685,322513,322515,ALA,GLY
25686,322520,322522,GLY,GLU
25687,322535,322537,GLU,GLU
25688,322550,322552,GLU,GLY
25689,322557,322559,GLY,LYS
25690,322579,322581,LYS,ARG
25691,322603,322605,ARG,GLY
25692,322610,322612,GLY,ALA
25693,322620,322622,ALA,ARG
25694,322644,322646,ARG,GLY
25695,322651,322653,GLY,GLU
25696,322666,322668,GLU,HYP
25697,322681,322683,HYP,GLY
25698,322688,322690,GLY,PRO
25699,322702,322704,PRO,SER
25700,322713,322715,SER,GLY
25701,322720,322722,GLY,LEU
25702,322739,322741,LEU,HYP
25703,322754,322756,HYP,GLY
25704,322761,322763,GLY,PRO
25705,322775,322777,PRO,PRO
25706,322789,322791,PRO,GLY
25707,322796,322798,GLY,GLU
25708,322811,322813,GLU,ARG
25709,322835,322837,ARG,GLY
25710,322842,322844,GLY,GLY
25711,322849,322851,GLY,HYP
25712,322864,322866,HYP,GLY
25713,322871,322873,GLY,SER
25714,322882,322884,SER,ARG
25715,322906,322908,ARG,GLY
25716,322913,322915,GLY,DO1
25717,322934,322936,DO1,HYP
25718,322949,322951,HYP,GLY
25719,322956,322958,GLY,ALA
25720,322966,322968,ALA,ASP
25721,322978,322980,ASP,GLY
25722,322985,322987,GLY,VAL
25723,323001,323003,VAL,ALA
25724,323011,323013,ALA,GLY
25725,323018,323020,GLY,PRO
25726,323032,323034,PRO,LYS
25727,323054,323056,LYS,GLY
25728,323061,323063,GLY,PRO
25729,323075,323077,PRO,ALA
25730,323085,323087,ALA,GLY
25731,323092,323094,GLY,GLU
25732,323107,323109,GLU,ARG
25733,323131,323133,ARG,GLY
25734,323138,323140,GLY,SER
25735,323149,323151,SER,HYP
25736,323164,323166,HYP,GLY
25737,323171,323173,GLY,PRO
25738,323185,323187,PRO,ALA
25739,323195,323197,ALA,GLY
25740,323202,323204,GLY,PRO
25741,323216,323218,PRO,LYS
25742,323238,323240,LYS,GLY
25743,323245,323247,GLY,SER
25744,323256,323258,SER,HYP
25745,323271,323273,HYP,GLY
25746,323278,323280,GLY,GLU
25747,323293,323295,GLU,ALA
25748,323303,323305,ALA,GLY
25749,323310,323312,GLY,ARG
25750,323334,323336,ARG,HYP
25751,323349,323351,HYP,GLY
25752,323356,323358,GLY,GLU
25753,323371,323373,GLU,ALA
25754,323381,323383,ALA,GLY
25755,323388,323390,GLY,LEU
25756,323407,323409,LEU,HYP
25757,323422,323424,HYP,GLY
25758,323429,323431,GLY,ALA
25759,323439,323441,ALA,LYS
25760,323461,323463,LYS,GLY
25761,323468,323470,GLY,LEU
25762,323487,323489,LEU,THR
25763,323501,323503,THR,GLY
25764,323508,323510,GLY,SER
25765,323519,323521,SER,HYP
25766,323534,323536,HYP,GLY
25767,323541,323543,GLY,SER
25768,323552,323554,SER,HYP
25769,323567,323569,HYP,GLY
25770,323574,323576,GLY,PRO
25771,323588,323590,PRO,ASP
25772,323600,323602,ASP,GLY
25773,323607,323609,GLY,LYS
25774,323629,323631,LYS,THR
25775,323643,323645,THR,GLY
25776,323650,323652,GLY,PRO
25777,323664,323666,PRO,HYP
25778,323679,323681,HYP,GLY
25779,323686,323688,GLY,PRO
25780,323700,323702,PRO,ALA
25781,323710,323712,ALA,GLY
25782,323717,323719,GLY,GLN
25783,323734,323736,GLN,ASP
25784,323746,323748,ASP,GLY
25785,323753,323755,GLY,ARG
25786,323777,323779,ARG,HYP
25787,323792,323794,HYP,GLY
25788,323799,323801,GLY,PRO
25789,323813,323815,PRO,ALA
25790,323823,323825,ALA,GLY
25791,323830,323832,GLY,PRO
25792,323844,323846,PRO,HYP
25793,323859,323861,HYP,GLY
25794,323866,323868,GLY,ALA
25795,323876,323878,ALA,ARG
25796,323900,323902,ARG,GLY